{
"type": "FeatureCollection",
"name": "dg_points_26_sp_2023_enriched_sp",
"crs": { "type": "name", "properties": { "name": "urn:ogc:def:crs:OGC:1.3:CRS84" } },
"features": [
{ "type": "Feature", "properties": { "objectid": 1, "object_nam": "ДГ №133 \"Зорница\"", "object_nom": 133.0, "kod_rayon": "08", "adres": "ул. \"Еужен Поатие\" №1", "finansiran": "2", "detaili": "https://www.sofia.bg/documents/20182/887150/DG133-2017.pdf/643920f7-21a7-4722-84dd-759bfadc5b03", "status": null, "type": "1", "dg_sofia_2023_hyperlink": "https://dg-133.com/" }, "geometry": { "type": "Point", "coordinates": [ 23.360223289997201, 42.670104339102998 ] } },
{ "type": "Feature", "properties": { "objectid": 2, "object_nam": "ДГ №29 \"Слънце\"", "object_nom": 29.0, "kod_rayon": "08", "adres": "ул.\"Тодор Стоянов\" №18", "finansiran": "2", "detaili": "https://www.sofia.bg/documents/20182/887150/DG29-2017.pdf/38e67210-5a27-4717-9083-0becc4502db4", "status": null, "type": "4", "dg_sofia_2023_hyperlink": "http://odz29.com/" }, "geometry": { "type": "Point", "coordinates": [ 23.359679029367499, 42.670516479151814 ] } },
{ "type": "Feature", "properties": { "objectid": 3, "object_nam": "ДГ №49 \"Радост\"", "object_nom": 49.0, "kod_rayon": "08", "adres": "ул. \"Св. Пимен Зографски\" №5", "finansiran": "2", "detaili": "https://www.sofia.bg/documents/20182/887150/DG49-2017.pdf/cfe4d123-7de1-4828-84f7-5e86e076601c", "status": null, "type": "4", "dg_sofia_2023_hyperlink": "http://dg49-radost.org/" }, "geometry": { "type": "Point", "coordinates": [ 23.351859889918121, 42.665297494835315 ] } },
{ "type": "Feature", "properties": { "objectid": 4, "object_nam": "ДГ №121", "object_nom": 121.0, "kod_rayon": "21", "adres": "гр. Нови Искър, кв. Кумарица, ул. \"Искърско дефиле\" №73", "finansiran": "2", "detaili": "https://www.sofia.bg/documents/20182/887183/DG121-2017.pdf/bee67df7-6bbd-46b8-8cb8-ad2519358579", "status": null, "type": "4", "dg_sofia_2023_hyperlink": "https://dg-121.com/" }, "geometry": { "type": "Point", "coordinates": [ 23.339464916196079, 42.797073674113044 ] } },
{ "type": "Feature", "properties": { "objectid": 5, "object_nam": "ДГ №121 - филиал с. Доброславци", "object_nom": 121.0, "kod_rayon": "21", "adres": "с.Доброславци, ул. \"Площад Мегдана\" №1", "finansiran": "2", "detaili": "https://www.sofia.bg/documents/20182/887183/DG121-2017.pdf/bee67df7-6bbd-46b8-8cb8-ad2519358579", "status": null, "type": "4", "dg_sofia_2023_hyperlink": "https://dg-121.com/" }, "geometry": { "type": "Point", "coordinates": [ 23.283148542588599, 42.821494914530099 ] } },
{ "type": "Feature", "properties": { "objectid": 6, "object_nam": "ДГ №40 \"Професор Георги Ангушев\"", "object_nom": 40.0, "kod_rayon": "10", "adres": "ул. \"Метличина поляна\" №10", "finansiran": "2", "detaili": "https://www.sofia.bg/documents/20182/887156/DG40-2017.pdf/782124e9-2d0d-4a10-8471-ce9b233daeb1", "status": null, "type": "1", "dg_sofia_2023_hyperlink": "http://dg40.deckagradina.info/" }, "geometry": { "type": "Point", "coordinates": [ 23.296851981207173, 42.667166945840542 ] } },
{ "type": "Feature", "properties": { "objectid": 7, "object_nam": "ДГ №43 \"Талант\"", "object_nom": 43.0, "kod_rayon": "10", "adres": "ж.к. \"Гоце Делчев\", ул. \"Георги Измирлиев\" №20", "finansiran": "2", "detaili": "https://www.sofia.bg/documents/20182/887156/DG43-2017.pdf/a7584db7-89f6-44fd-bb6a-0b94ab795c30", "status": null, "type": "4", "dg_sofia_2023_hyperlink": "http://dg43-talant.com/" }, "geometry": { "type": "Point", "coordinates": [ 23.295127695715234, 42.665637452289069 ] } },
{ "type": "Feature", "properties": { "objectid": 8, "object_nam": "ДГ №7 \"Детелина\"", "object_nom": 7.0, "kod_rayon": "10", "adres": "ул. \"Деян Белишки\" №44", "finansiran": "2", "detaili": "https://www.sofia.bg/documents/20182/887156/DG7-2017.pdf/0771af0e-db8c-458b-b37f-4473f71766e5", "status": null, "type": "4", "dg_sofia_2023_hyperlink": "http://dgdetelina.com/" }, "geometry": { "type": "Point", "coordinates": [ 23.298990700888186, 42.661766607239699 ] } },
{ "type": "Feature", "properties": { "objectid": 9, "object_nam": "ДГ №30 \"Радецки\"", "object_nom": 30.0, "kod_rayon": "08", "adres": "ул.\"Hикола Габровски\" №26", "finansiran": "2", "detaili": "https://www.sofia.bg/documents/20182/887150/DG30-2017.pdf/aa5f22f5-2822-4c52-b79e-f8cc400c194a", "status": null, "type": "4", "dg_sofia_2023_hyperlink": "http://dg-30.com/" }, "geometry": { "type": "Point", "coordinates": [ 23.345012287815056, 42.661838653670856 ] } },
{ "type": "Feature", "properties": { "objectid": 10, "object_nam": "ДГ №34 \"Брезичка\"", "object_nom": 34.0, "kod_rayon": "08", "adres": "ул. \"Владимир Трендафилов\" №5", "finansiran": "2", "detaili": "https://www.sofia.bg/documents/20182/887150/DG34-2017.pdf/4b705e93-44ab-4379-ab71-b0b0084f6b97", "status": null, "type": "4", "dg_sofia_2023_hyperlink": "https://dg-34.com/" }, "geometry": { "type": "Point", "coordinates": [ 23.350880396835848, 42.663395046053715 ] } },
{ "type": "Feature", "properties": { "objectid": 11, "object_nam": "ДГ №87 \"Буката\" - филиал \"Христо Ботев\"", "object_nom": 87.0, "kod_rayon": "10", "adres": "бул. \"Христо Ботев\" №14", "finansiran": "2", "detaili": "https://www.sofia.bg/documents/20182/887156/DG87-2017.pdf/d3037577-20e4-4d85-8b9f-e1ec62da174c", "status": null, "type": "1", "dg_sofia_2023_hyperlink": "https://kgbukata.bg/" }, "geometry": { "type": "Point", "coordinates": [ 23.314582327652044, 42.691009097494209 ] } },
{ "type": "Feature", "properties": { "objectid": 12, "object_nam": "ДГ №92 \"МЕЧТА\" - филиал", "object_nom": 92.0, "kod_rayon": "06", "adres": "ж.к. Левски В, ул. \"Ген. Инзов\" №44", "finansiran": "2", "detaili": "https://www.sofia.bg/documents/20182/887132/DG92-2017.pdf/6712618f-b629-4c91-acf8-0d827250c070", "status": null, "type": "4", "dg_sofia_2023_hyperlink": "http://dg92mechta.com/" }, "geometry": { "type": "Point", "coordinates": [ 23.386301709247519, 42.706207766859031 ] } },
{ "type": "Feature", "properties": { "objectid": 13, "object_nam": "ДГ №93 \"Чуден свят\" - филиал, бл. 195", "object_nom": 93.0, "kod_rayon": "02", "adres": "ул. \"Хубча\", бл. 195", "finansiran": "2", "detaili": "https://www.sofia.bg/documents/20182/887129/DG93-2017.pdf/c5e3d1b6-6af5-43ca-a892-34eecf598809", "status": null, "type": "4", "dg_sofia_2023_hyperlink": "http://dg93.bg/" }, "geometry": { "type": "Point", "coordinates": [ 23.283798923273864, 42.674273602560788 ] } },
{ "type": "Feature", "properties": { "objectid": 14, "object_nam": "ЧЦДГЯ \"Ян Бибиян\"", "object_nom": 0.0, "kod_rayon": "17", "adres": "кв. Симеоново, ул. \"Ягода\" №13", "finansiran": "3", "detaili": "http://89.252.196.217/Schools/schinfo?90387", "status": null, "type": "1", "dg_sofia_2023_hyperlink": "https://janbibijan.com/" }, "geometry": { "type": "Point", "coordinates": [ 23.338332850755631, 42.619374308143705 ] } },
{ "type": "Feature", "properties": { "objectid": 15, "object_nam": "ДГ №138 \"Приятели\"", "object_nom": 138.0, "kod_rayon": "20", "adres": "кв. \"Обеля\", ул. \"3-та\" №11А", "finansiran": "2", "detaili": "https://www.sofia.bg/documents/20182/887186/DG138-2017.pdf/50b1ba66-5477-4c89-8a7d-30d17c350160", "status": null, "type": "4", "dg_sofia_2023_hyperlink": "http://dg138.info/" }, "geometry": { "type": "Point", "coordinates": [ 23.262291630079666, 42.741669213257111 ] } },
{ "type": "Feature", "properties": { "objectid": 16, "object_nam": "ДГ №63 \"Слънце\"", "object_nom": 63.0, "kod_rayon": "05", "adres": "ул. \"Стария кладенец\" №2", "finansiran": "2", "detaili": "https://www.sofia.bg/documents/20182/887141/DG63-2017.pdf/d6c7b851-8be3-4bb0-897a-1689c39c7704", "status": null, "type": "4", "dg_sofia_2023_hyperlink": "http://dg-63.eu/" }, "geometry": { "type": "Point", "coordinates": [ 23.345044338523813, 42.743785793524694 ] } },
{ "type": "Feature", "properties": { "objectid": 17, "object_nam": "ДГ №5 \"Надежда\" - бл. 51, \"Връбница\" 1", "object_nom": 5.0, "kod_rayon": "20", "adres": "ж.к. \"Връбница\" 1, бл. 510, вх. Б и вх. В", "finansiran": "2", "detaili": "https://www.sofia.bg/documents/20182/887186/DG5-2017.pdf/fda73c0e-323c-4105-b2b5-c81155f8b1a3", "status": null, "type": "1", "dg_sofia_2023_hyperlink": "https://5dg.eu/" }, "geometry": { "type": "Point", "coordinates": [ 23.285337880967788, 42.734716467374646 ] } },
{ "type": "Feature", "properties": { "objectid": 18, "object_nam": "ДГ №129 \"Приказен свят\"", "object_nom": 129.0, "kod_rayon": "10", "adres": "ул. \"Kосово поле\" №3", "finansiran": "2", "detaili": "https://www.sofia.bg/documents/20182/887156/DG129-2017.pdf/65d22a8b-a8c5-455f-988c-6997036fe2c4", "status": null, "type": "1", "dg_sofia_2023_hyperlink": "https://129dg.bg/" }, "geometry": { "type": "Point", "coordinates": [ 23.302869300636729, 42.672135784625432 ] } },
{ "type": "Feature", "properties": { "objectid": 19, "object_nam": "ДГ №118 \"Усмивка\"", "object_nom": 118.0, "kod_rayon": "05", "adres": "ул. \"Тайга\" №29", "finansiran": "2", "detaili": "https://www.sofia.bg/documents/20182/887141/DG118-2017.pdf/f4aee5d7-e764-4d51-a7ea-d242ca1f66db", "status": null, "type": "1", "dg_sofia_2023_hyperlink": "https://dg-118.com/" }, "geometry": { "type": "Point", "coordinates": [ 23.331834546866038, 42.723523526039614 ] } },
{ "type": "Feature", "properties": { "objectid": 20, "object_nam": "ДГ №69 \"Жар птица\"", "object_nom": 69.0, "kod_rayon": "06", "adres": "ул.\"Hайден Георгиев\" №12", "finansiran": "2", "detaili": "https://www.sofia.bg/documents/20182/887132/DG69-2017.pdf/022c6331-5227-44bb-8a2f-3292490e709e", "status": null, "type": "4", "dg_sofia_2023_hyperlink": "https://www.дг69.com/" }, "geometry": { "type": "Point", "coordinates": [ 23.348609415242141, 42.707955540501501 ] } },
{ "type": "Feature", "properties": { "objectid": 21, "object_nam": "ДГ №173 \"Звънче\"", "object_nom": 173.0, "kod_rayon": "06", "adres": "ул. \"Златица\" №46", "finansiran": "2", "detaili": "https://www.sofia.bg/documents/20182/887132/DG173-2017.pdf/4900a1c7-4f35-4bb1-9d28-3dbb63dee891", "status": null, "type": "1", "dg_sofia_2023_hyperlink": "http://173cdg.com/" }, "geometry": { "type": "Point", "coordinates": [ 23.355096257799531, 42.707883235864443 ] } },
{ "type": "Feature", "properties": { "objectid": 22, "object_nam": "ДГ №148 \"Слънце\"", "object_nom": 148.0, "kod_rayon": "06", "adres": "ул.\"Hеофит Бозвели\" №26", "finansiran": "2", "detaili": "https://www.sofia.bg/documents/20182/887132/DG148-2017.pdf/78bb3d9d-8890-457a-b980-fbd3bce068e2", "status": null, "type": "1", "dg_sofia_2023_hyperlink": "http://dg148-slance.com/" }, "geometry": { "type": "Point", "coordinates": [ 23.358185699231189, 42.701339600584305 ] } },
{ "type": "Feature", "properties": { "objectid": 23, "object_nam": "ДГ №103 \"Патиланско царство\"", "object_nom": 103.0, "kod_rayon": "06", "adres": "ул. \"Гинци\" №16", "finansiran": "2", "detaili": "https://www.sofia.bg/documents/20182/887132/DG103-2017.pdf/20631d47-89b4-4bd7-8fd9-cd21b7f61c50", "status": null, "type": "4", "dg_sofia_2023_hyperlink": "http://dg103.net/" }, "geometry": { "type": "Point", "coordinates": [ 23.362116113964348, 42.708841206144058 ] } },
{ "type": "Feature", "properties": { "objectid": 24, "object_nam": "ДГ №74 \"Дъга\"", "object_nom": 74.0, "kod_rayon": "06", "adres": "ж.к. Суха река, ул. \"Хан Севар\" №1", "finansiran": "2", "detaili": "https://www.sofia.bg/en/kinder-garden-poduyane", "status": null, "type": "4", "dg_sofia_2023_hyperlink": "www.dg74-daga.com" }, "geometry": { "type": "Point", "coordinates": [ 23.363015372767503, 42.700034054566693 ] } },
{ "type": "Feature", "properties": { "objectid": 25, "object_nam": "ДГ №177 \"Лютиче\"", "object_nom": 177.0, "kod_rayon": "06", "adres": "ул. \"Витиня\" №1", "finansiran": "2", "detaili": "https://www.sofia.bg/documents/20182/887132/DG177-2017.pdf/99797141-e65e-472d-9a0f-e22b1577807f", "status": null, "type": "1", "dg_sofia_2023_hyperlink": "http://лютиче.com/" }, "geometry": { "type": "Point", "coordinates": [ 23.368440028686528, 42.707351868428226 ] } },
{ "type": "Feature", "properties": { "objectid": 26, "object_nam": "ДГ №92 \"МЕЧТА\"", "object_nom": 92.0, "kod_rayon": "06", "adres": "ж.к.\"Левски\" Г, ул. \"Пор. Г. Кюмюрджиев\" №2", "finansiran": "2", "detaili": "https://www.sofia.bg/documents/20182/887132/DG92-2017.pdf/6712618f-b629-4c91-acf8-0d827250c070", "status": null, "type": "4", "dg_sofia_2023_hyperlink": "http://dg92mechta.com/" }, "geometry": { "type": "Point", "coordinates": [ 23.386028252001228, 42.713663887941323 ] } },
{ "type": "Feature", "properties": { "objectid": 27, "object_nam": "ДГ №91 \"Слънчев кът\"", "object_nom": 91.0, "kod_rayon": "06", "adres": "ж.к.\"Левски\" Г,  ул. \"Пор. Г.  Кюмюрджиев\" №25", "finansiran": "2", "detaili": "https://www.sofia.bg/documents/20182/887132/DG91-2017.pdf/2b0ec647-b6bc-4f6a-a99f-924633c6dbef", "status": null, "type": "4", "dg_sofia_2023_hyperlink": "http://odz91.com/" }, "geometry": { "type": "Point", "coordinates": [ 23.376033550969506, 42.71355339733794 ] } },
{ "type": "Feature", "properties": { "objectid": 28, "object_nam": "ДГ №20 \"Жасминов парк\"", "object_nom": 20.0, "kod_rayon": "06", "adres": "ул. \"Бесарабия\" №46", "finansiran": "2", "detaili": "https://www.sofia.bg/documents/20182/887132/DG20-2017.pdf/f623f020-3855-4068-bd12-8c2485a501c8", "status": null, "type": "1", "dg_sofia_2023_hyperlink": "http://dg20.eu/" }, "geometry": { "type": "Point", "coordinates": [ 23.375914385845974, 42.702249097025181 ] } },
{ "type": "Feature", "properties": { "objectid": 29, "object_nam": "ДГ №105 \"Ракета\"", "object_nom": 105.0, "kod_rayon": "06", "adres": "ул.\"Емануил Васкидович\" №40А", "finansiran": "2", "detaili": "https://www.sofia.bg/documents/20182/887132/DG105-2017.pdf/f02f083a-8546-465a-964b-5acb8894aaea", "status": null, "type": "4", "dg_sofia_2023_hyperlink": "https://dg105-raketa.com/" }, "geometry": { "type": "Point", "coordinates": [ 23.369991623787911, 42.701232250624422 ] } },
{ "type": "Feature", "properties": { "objectid": 30, "object_nam": "ДГ № 62 \"ЗОРНИЦА\"", "object_nom": 62.0, "kod_rayon": "07", "adres": "кв. Христо Ботев, ул. \"502\" №6", "finansiran": "2", "detaili": "https://www.sofia.bg/documents/20182/887138/DG62-092017.pdf/547a2826-b127-42a9-82b4-472db354f23e", "status": null, "type": "1", "dg_sofia_2023_hyperlink": "https://62dg.bg/" }, "geometry": { "type": "Point", "coordinates": [ 23.380152002625284, 42.692298459475062 ] } },
{ "type": "Feature", "properties": { "objectid": 31, "object_nam": "ДГ №139 \"ПАНОРАМА\"", "object_nom": 39.0, "kod_rayon": "19", "adres": "ул. \"Генерал Асен Николов\" №12", "finansiran": "2", "detaili": "https://www.sofia.bg/documents/20182/887144/DG139-092017.pdf/d9303467-f59a-407b-87ed-429dddaf1792", "status": null, "type": "4", "dg_sofia_2023_hyperlink": "http://dg139-panorama.com/" }, "geometry": { "type": "Point", "coordinates": [ 23.264755623573468, 42.721768806352522 ] } },
{ "type": "Feature", "properties": { "objectid": 32, "object_nam": "ДГ №152 \"Люляче\"", "object_nom": 152.0, "kod_rayon": "19", "adres": "ж.к. Люлин 1, ул. \"Ванче Михайлов\" №3", "finansiran": "2", "detaili": "https://www.sofia.bg/documents/20182/887144/DG152-2017.pdf/7e52a1fc-0f3f-4664-8f41-f132424bb179", "status": null, "type": "4", "dg_sofia_2023_hyperlink": "http://dg152.com" }, "geometry": { "type": "Point", "coordinates": [ 23.250051481532342, 42.729844978145081 ] } },
{ "type": "Feature", "properties": { "objectid": 33, "object_nam": "ДГ №22 \"Великденче\"", "object_nom": 22.0, "kod_rayon": "19", "adres": "ж.к. Люлин 2, ул. \"210\" №27", "finansiran": "2", "detaili": "https://www.sofia.bg/documents/20182/887144/DG22-092017.pdf/a8a56c45-9deb-45a9-ba28-79290b863d14", "status": null, "type": "4", "dg_sofia_2023_hyperlink": "" }, "geometry": { "type": "Point", "coordinates": [ 23.249542911884092, 42.724923889470325 ] } },
{ "type": "Feature", "properties": { "objectid": 34, "object_nam": "ДГ №32 \"Българче\"", "object_nom": 32.0, "kod_rayon": "19", "adres": "ж.к. Люлин, ул. \"Петър Бонев\" №3", "finansiran": "2", "detaili": "https://www.sofia.bg/documents/20182/887144/DG32-2017.pdf/5073f1b6-8772-4361-83ad-3921417ec34c", "status": null, "type": "4", "dg_sofia_2023_hyperlink": "http://dg32-bulgarche.com/" }, "geometry": { "type": "Point", "coordinates": [ 23.24407988613078, 42.721741933983189 ] } },
{ "type": "Feature", "properties": { "objectid": 35, "object_nam": "ДГ №35 \"Щастливо детство\"", "object_nom": 35.0, "kod_rayon": "19", "adres": "ул. \"Георги Икономов\" №6", "finansiran": "2", "detaili": "https://www.sofia.bg/documents/20182/887144/DG35-2017.pdf/d0e94a3a-f8d7-4c9c-89e4-ec6899653f3e", "status": null, "type": "4", "dg_sofia_2023_hyperlink": "https://dg35-sofia.com/" }, "geometry": { "type": "Point", "coordinates": [ 23.24707709386897, 42.726683188565232 ] } },
{ "type": "Feature", "properties": { "objectid": 36, "object_nam": "ДГ №73 \"Маргарита\"", "object_nom": 73.0, "kod_rayon": "19", "adres": "ул. \"Гургулят\" №1", "finansiran": "2", "detaili": "https://www.sofia.bg/documents/20182/887144/DG73-2017.pdf/29c8eb77-e61c-4050-91d4-47f6334eeb8f", "status": null, "type": "4", "dg_sofia_2023_hyperlink": "http://dg73-margarita.com/" }, "geometry": { "type": "Point", "coordinates": [ 23.259079297675246, 42.720024238138471 ] } },
{ "type": "Feature", "properties": { "objectid": 37, "object_nam": "ДГ №31 \"Люлин\"", "object_nom": 31.0, "kod_rayon": "19", "adres": "ж.к. Люлин 2, ул.\"208\" №17", "finansiran": "2", "detaili": "https://www.sofia.bg/documents/20182/887144/DG31-2017.pdf/aba9d730-c0ed-46fa-824c-320c2bca7f32", "status": null, "type": "4", "dg_sofia_2023_hyperlink": "" }, "geometry": { "type": "Point", "coordinates": [ 23.254580309944306, 42.724044199930567 ] } },
{ "type": "Feature", "properties": { "objectid": 38, "object_nam": "ДГ №47 \"Незабравка\"", "object_nom": 47.0, "kod_rayon": "19", "adres": "ж.к. Люлин 6, ул. \"Полк. Никола Попов\"", "finansiran": "2", "detaili": "https://www.sofia.bg/documents/20182/887144/DG47-2017.pdf/4fc06984-e8e1-4909-854d-2b0c365da361", "status": null, "type": "4", "dg_sofia_2023_hyperlink": "" }, "geometry": { "type": "Point", "coordinates": [ 23.252869838455492, 42.712749202177086 ] } },
{ "type": "Feature", "properties": { "objectid": 39, "object_nam": "ДГ №55 \"Иглика\"", "object_nom": 55.0, "kod_rayon": "19", "adres": "ж.к. Люлин 4, ул. \"Хр. Караминков\" №8", "finansiran": "2", "detaili": "https://www.sofia.bg/documents/20182/887144/DG55-2017.pdf/67828bab-d605-4ecd-8abc-11d86e5b70d7", "status": null, "type": "4", "dg_sofia_2023_hyperlink": "http://dg55iglika.com/" }, "geometry": { "type": "Point", "coordinates": [ 23.241835443287044, 42.71869562541238 ] } },
{ "type": "Feature", "properties": { "objectid": 40, "object_nam": "ДГ №57 \"Хосе Марти\"", "object_nom": 57.0, "kod_rayon": "19", "adres": "ж.к. Люлин 5, ул. \"501\" №1", "finansiran": "2", "detaili": "https://www.sofia.bg/documents/20182/887144/DG57-2017.pdf/472d56fb-8842-4952-8ba8-1ea3048e2f8d", "status": null, "type": "1", "dg_sofia_2023_hyperlink": "" }, "geometry": { "type": "Point", "coordinates": [ 23.245198225044259, 42.713133879036043 ] } },
{ "type": "Feature", "properties": { "objectid": 41, "object_nam": "ДГ №64 \"Първи юни\"", "object_nom": 64.0, "kod_rayon": "19", "adres": "ул .\"Пол.Ст.Топузов\" №7", "finansiran": "2", "detaili": "https://www.sofia.bg/documents/20182/887144/DG64-2017.pdf/8c3a18f0-07f7-4cd8-bdc5-ee67ad437083", "status": null, "type": "4", "dg_sofia_2023_hyperlink": "https://dg64sofia.com/" }, "geometry": { "type": "Point", "coordinates": [ 23.264104873925529, 42.710488051264306 ] } },
{ "type": "Feature", "properties": { "objectid": 108, "object_nam": "ЧДГ \"Замъкът\"", "object_nom": 0.0, "kod_rayon": "07", "adres": "ж.к. Гео Милев, ул. \"Едисон\" №50, бл.47Б", "finansiran": "3", "detaili": "http://89.252.196.217/Schools/schinfo?71646", "status": "!closed?", "type": "1", "dg_sofia_2023_hyperlink": "http://zamakat.eu/" }, "geometry": { "type": "Point", "coordinates": [ 23.362816847353781, 42.685287282554079 ] } },
{ "type": "Feature", "properties": { "objectid": 42, "object_nam": "ДГ №44 \"Калина\"", "object_nom": 44.0, "kod_rayon": "22", "adres": "кв. Ботунец, ул.\"Балкан\" №14, бл.12", "finansiran": "2", "detaili": "https://www.sofia.bg/documents/20182/887180/DG44-2017.pdf/cd0430ee-8254-4a0f-8088-7af2e8f1075c", "status": null, "type": "4", "dg_sofia_2023_hyperlink": "http://dg44kalina.com/" }, "geometry": { "type": "Point", "coordinates": [ 23.508206403603236, 42.740401190609731 ] } },
{ "type": "Feature", "properties": { "objectid": 43, "object_nam": "ДГ №146 \"Звездица\"", "object_nom": 146.0, "kod_rayon": "22", "adres": "кв. Кремиковци, ул.\"Св.Св.Кирил и Методий\" №2", "finansiran": "2", "detaili": "https://www.sofia.bg/documents/20182/887180/DG146-2017.pdf/99756133-94e3-437e-9645-9f6efa5aa369", "status": null, "type": "1", "dg_sofia_2023_hyperlink": "http://dg146zvezdica.com/" }, "geometry": { "type": "Point", "coordinates": [ 23.502033634065867, 42.783108555668328 ] } },
{ "type": "Feature", "properties": { "objectid": 44, "object_nam": "ДГ №147 \"Славейче\"", "object_nom": 147.0, "kod_rayon": "22", "adres": "с. Г. Богров, ул. \"Трайчо Костов\" №1", "finansiran": "2", "detaili": "https://www.sofia.bg/documents/20182/887180/DG147-2017.pdf/397ebf50-8a02-42a5-aa64-19cf89d1141c", "status": null, "type": "1", "dg_sofia_2023_hyperlink": "https://147dg.com/" }, "geometry": { "type": "Point", "coordinates": [ 23.52833570006614, 42.71970467350959 ] } },
{ "type": "Feature", "properties": { "objectid": 45, "object_nam": "ЧДГ \"Алиса\"", "object_nom": 0.0, "kod_rayon": "09", "adres": "ул. \"Вежен\" №3", "finansiran": "3", "detaili": "http://89.252.196.217/Schools/schinfo?22208", "status": null, "type": "1", "dg_sofia_2023_hyperlink": "https://alissa-bg.com/" }, "geometry": { "type": "Point", "coordinates": [ 23.320548684510246, 42.67551936191844 ] } },
{ "type": "Feature", "properties": { "objectid": 46, "object_nam": "ЧДГ \"Жирафче\"", "object_nom": 0.0, "kod_rayon": "09", "adres": "ул. \"Бабуна планина\" №2А, ет.2", "finansiran": "3", "detaili": "http://89.252.196.217/Schools/schinfo?48321", "status": null, "type": "1", "dg_sofia_2023_hyperlink": "https://www.giraffche.com/" }, "geometry": { "type": "Point", "coordinates": [ 23.330700506647183, 42.671867109985129 ] } },
{ "type": "Feature", "properties": { "objectid": 47, "object_nam": "ДГ №174 \"Фют\"", "object_nom": 174.0, "kod_rayon": "09", "adres": "ул. \"Мала планина\" №36", "finansiran": "2", "detaili": "https://www.sofia.bg/documents/20182/887153/DG174-092017.pdf/ff8dc19d-28c7-4356-9eb3-d7c7e56704d3", "status": null, "type": "1", "dg_sofia_2023_hyperlink": "http://www.dg174fiut.com/" }, "geometry": { "type": "Point", "coordinates": [ 23.321532903868459, 42.66680814528064 ] } },
{ "type": "Feature", "properties": { "objectid": 48, "object_nam": "ДГ №68 \"Ран Босилек\"", "object_nom": 68.0, "kod_rayon": "19", "adres": "ж.к. Люлин 7, ул. \"Иван и Стиляна Параскевови\" №5", "finansiran": "2", "detaili": "https://www.sofia.bg/documents/20182/887144/DG68-2017.pdf/a985bc5e-0e52-4cb6-9cdb-9dfe5c52fbe8", "status": null, "type": "4", "dg_sofia_2023_hyperlink": "http://www.dg68-ranbosilek.com/" }, "geometry": { "type": "Point", "coordinates": [ 23.261163853122039, 42.712007464715803 ] } },
{ "type": "Feature", "properties": { "objectid": 49, "object_nam": "ДГ №16 \"Приказен свят\" - филиал", "object_nom": 16.0, "kod_rayon": "16", "adres": "ж.к. \"Студентски град\", бл.41A", "finansiran": "2", "detaili": "https://www.sofia.bg/documents/20182/887171/DG16-2017.pdf/5181f72f-e851-4db3-b04c-1686e7459b5a", "status": null, "type": "4", "dg_sofia_2023_hyperlink": "" }, "geometry": { "type": "Point", "coordinates": [ 23.339661495511073, 42.648332131040874 ] } },
{ "type": "Feature", "properties": { "objectid": 50, "object_nam": "ДГ №25 \"Изворче\" - сграда 2", "object_nom": 25.0, "kod_rayon": "24", "adres": "гр. Банкя, ул. \"Восток\" №4", "finansiran": "2", "detaili": "https://www.sofia.bg/documents/20182/887192/DG25-2017.pdf/5e73831b-7b84-4309-bf3d-bfbb98cbe060", "status": null, "type": "4", "dg_sofia_2023_hyperlink": "" }, "geometry": { "type": "Point", "coordinates": [ 23.143808085081396, 42.71141660606007 ] } },
{ "type": "Feature", "properties": { "objectid": 51, "object_nam": "ДГ №66 \"Елица\"", "object_nom": 66.0, "kod_rayon": "23", "adres": "с. Панчарево, ул. \"Риляник\" №12", "finansiran": "2", "detaili": "https://www.sofia.bg/documents/20182/887177/DG66-2017.pdf/1c16c5ac-6a86-43d7-9987-57241c807e17", "status": null, "type": "4", "dg_sofia_2023_hyperlink": "https://www.odzelica.com/" }, "geometry": { "type": "Point", "coordinates": [ 23.406137185906097, 42.597709520223049 ] } },
{ "type": "Feature", "properties": { "objectid": 52, "object_nam": "ДГ №182 \"Пчелица\"", "object_nom": 182.0, "kod_rayon": "23", "adres": "ул. \"Вец Пасарел\" №17", "finansiran": "2", "detaili": "https://www.sofia.bg/documents/20182/887177/DG182-2017.pdf/e3ccec68-9fb1-4387-b077-0b080e38917f", "status": null, "type": "1", "dg_sofia_2023_hyperlink": "https://dg-pchelica.com/" }, "geometry": { "type": "Point", "coordinates": [ 23.494272414582877, 42.543222429675801 ] } },
{ "type": "Feature", "properties": { "objectid": 53, "object_nam": "ДГ №110 \"Слънчева мечта\"", "object_nom": 110.0, "kod_rayon": "06", "adres": "ул. \"Батуня\" №75", "finansiran": "2", "detaili": "https://www.sofia.bg/documents/20182/887132/DG110-2017.pdf/a8b22462-0ebd-4461-baa1-24d119891ff8", "status": null, "type": "4", "dg_sofia_2023_hyperlink": "http://slanchevamechta.com/" }, "geometry": { "type": "Point", "coordinates": [ 23.369587397561688, 42.697644025877466 ] } },
{ "type": "Feature", "properties": { "objectid": 54, "object_nam": "ЧДГ \"Веда\"", "object_nom": 0.0, "kod_rayon": "05", "adres": "ул. \"Марин Д. Христов\" №18", "finansiran": "3", "detaili": "http://89.252.196.217/Schools/schinfo?37423", "status": null, "type": "1", "dg_sofia_2023_hyperlink": "https://wedaschule.com/detska-gradina/" }, "geometry": { "type": "Point", "coordinates": [ 23.300770402921877, 42.715002102735532 ] } },
{ "type": "Feature", "properties": { "objectid": 55, "object_nam": "ЧЦДГЯ  \"Джани Родари\"", "object_nom": 0.0, "kod_rayon": "07", "adres": "ул. \"Гео Милев\" №158, ВТУ\"Т.Каблешков\", корпус 6", "finansiran": "3", "detaili": "http://89.252.196.217/Schools/schinfo?27344", "status": null, "type": "1", "dg_sofia_2023_hyperlink": "https://djanirodari.org/gradina/" }, "geometry": { "type": "Point", "coordinates": [ 23.38080607252283, 42.67796020535588 ] } },
{ "type": "Feature", "properties": { "objectid": 56, "object_nam": "ДГ №78 \"Детски свят\"", "object_nom": 78.0, "kod_rayon": "16", "adres": "кв. \"Дървеница\", ул. \"Айдемир\" №4", "finansiran": "2", "detaili": "https://www.sofia.bg/documents/20182/887171/DG78-2017.pdf/e3f37044-e4fe-4d11-bf39-b4cae9d6b591", "status": null, "type": "4", "dg_sofia_2023_hyperlink": "https://dg78detskisvqt.com/" }, "geometry": { "type": "Point", "coordinates": [ 23.363341295682719, 42.655511023834507 ] } },
{ "type": "Feature", "properties": { "objectid": 57, "object_nam": "ДДГ \"Слава\" към МО", "object_nom": 0.0, "kod_rayon": "05", "adres": "бул. \"Н. Столетов\" №23", "finansiran": "Държавно", "detaili": "http://89.252.196.217/Schools/schinfo?77610", "status": null, "type": "1", "dg_sofia_2023_hyperlink": "http://cdg45alisa.com/" }, "geometry": { "type": "Point", "coordinates": [ 23.305970494373138, 42.71029221761529 ] } },
{ "type": "Feature", "properties": { "objectid": 58, "object_nam": "ДДГ \"Средец\" към МО", "object_nom": 0.0, "kod_rayon": "18", "adres": "ул. \"Монтевидео\" 21А", "finansiran": "Държавно", "detaili": "http://89.252.196.217/Schools/schinfo?24934", "status": null, "type": "1", "dg_sofia_2023_hyperlink": "https://125dg.com/" }, "geometry": { "type": "Point", "coordinates": [ 23.252290275168644, 42.67857145187326 ] } },
{ "type": "Feature", "properties": { "objectid": 59, "object_nam": "ЧДГ \"Пролет\"", "object_nom": 0.0, "kod_rayon": "10", "adres": "ул. \"Майор Павел Павлов\" №6", "finansiran": "3", "detaili": "http://89.252.196.217/Schools/schinfo?31158", "status": null, "type": "1", "dg_sofia_2023_hyperlink": "http://prolet2006.com/" }, "geometry": { "type": "Point", "coordinates": [ 23.300126440919978, 42.658204448386591 ] } },
{ "type": "Feature", "properties": { "objectid": 60, "object_nam": "ДГ №82 \"Джани Родари\"", "object_nom": 82.0, "kod_rayon": "20", "adres": "ж.к. \"Обеля\" 2  ул. \"Дико Илиев\" №7", "finansiran": "2", "detaili": "https://www.sofia.bg/documents/20182/887186/DG82-2017.pdf/248ff2f1-aeee-4c97-84e1-342f2845fe8f", "status": null, "type": "4", "dg_sofia_2023_hyperlink": "http://dg-82.com/" }, "geometry": { "type": "Point", "coordinates": [ 23.277451108526503, 42.744659798646801 ] } },
{ "type": "Feature", "properties": { "objectid": 61, "object_nam": "ДГ №42 \"ЧАЙКА\"", "object_nom": 42.0, "kod_rayon": "20", "adres": "ж.к. \"Връбница\" 1, до бл.507/508", "finansiran": "2", "detaili": "https://www.sofia.bg/documents/20182/887186/DG42-2017.pdf/53ac2f3e-a193-4dfd-a958-c2ac14bac2b3", "status": null, "type": "4", "dg_sofia_2023_hyperlink": "https://www.dg42.eu/home/" }, "geometry": { "type": "Point", "coordinates": [ 23.285755797555598, 42.733297800229117 ] } },
{ "type": "Feature", "properties": { "objectid": 62, "object_nam": "ДГ №181 \"Радост\"", "object_nom": 181.0, "kod_rayon": "23", "adres": "с. Железница, ул. \"Плана планина\" №26", "finansiran": "2", "detaili": "https://www.sofia.bg/documents/20182/887177/DG181-2017.pdf/541d3c5b-972f-4eea-9e4c-63ea71703964", "status": null, "type": "1", "dg_sofia_2023_hyperlink": "https://www.181dg.com/" }, "geometry": { "type": "Point", "coordinates": [ 23.369676394608145, 42.537433526504216 ] } },
{ "type": "Feature", "properties": { "objectid": 63, "object_nam": "ДГ №135 \"Мое детство\"", "object_nom": 135.0, "kod_rayon": "21", "adres": "гр. Нови Искър, ул. \"Варна\" №1", "finansiran": "2", "detaili": "https://www.sofia.bg/documents/20182/887183/DG135-2017.pdf/b3c4b0bb-1271-47f7-afc6-7a495c848621", "status": null, "type": "1", "dg_sofia_2023_hyperlink": "https://dg-135.com/" }, "geometry": { "type": "Point", "coordinates": [ 23.352035182091942, 42.821601891316938 ] } },
{ "type": "Feature", "properties": { "objectid": 64, "object_nam": "ДГ №102 \"Кременица\"", "object_nom": 102.0, "kod_rayon": "21", "adres": "гр. Нови Искър, кв. Курило, ул. \"Кременица\" №18", "finansiran": "2", "detaili": "https://www.sofia.bg/documents/20182/887183/DG102-2017.pdf/0cf59a0d-6f47-4941-98da-29b205999bd2", "status": null, "type": "1", "dg_sofia_2023_hyperlink": "https://dg102kremenitsa.com/" }, "geometry": { "type": "Point", "coordinates": [ 23.356082020820509, 42.816983987157577 ] } },
{ "type": "Feature", "properties": { "objectid": 65, "object_nam": "ДГ №132 \"Светлина\"", "object_nom": 132.0, "kod_rayon": "21", "adres": "с. Чепинци, ул. \"Стара планина\" №1", "finansiran": "2", "detaili": "https://www.sofia.bg/documents/20182/887183/DG132-2017.pdf/89616b40-3deb-4780-a16b-0985a3d954c4", "status": null, "type": "1", "dg_sofia_2023_hyperlink": "http://dg132svetlina.idwebbg.com/" }, "geometry": { "type": "Point", "coordinates": [ 23.424421549504384, 42.757364129932959 ] } },
{ "type": "Feature", "properties": { "objectid": 66, "object_nam": "ДГ №157 \"Детска стряха\"", "object_nom": 157.0, "kod_rayon": "21", "adres": "гр. Нови Искър, ул. \"Беласица\" №26", "finansiran": "2", "detaili": "https://www.sofia.bg/documents/20182/887183/DG157-2017.pdf/473178f3-214c-4b6b-a89e-d42409d27477", "status": null, "type": "4", "dg_sofia_2023_hyperlink": "https://dg157detskastryaha.com/" }, "geometry": { "type": "Point", "coordinates": [ 23.348458080697302, 42.81616574257901 ] } },
{ "type": "Feature", "properties": { "objectid": 67, "object_nam": "ЧДГ \"Къщата на Алиса и нейните приятели\"", "object_nom": 0.0, "kod_rayon": "04", "adres": "ул. \"Проф. Асен Златаров\" №18", "finansiran": "3", "detaili": "http://89.252.196.217/Schools/schinfo?12903", "status": null, "type": "1", "dg_sofia_2023_hyperlink": "https://alisahouse.org/" }, "geometry": { "type": "Point", "coordinates": [ 23.344012941744982, 42.694556917963375 ] } },
{ "type": "Feature", "properties": { "objectid": 68, "object_nam": "ДГ №100 \"Акад. Пенчо Райков\"", "object_nom": 100.0, "kod_rayon": "04", "adres": "ул. \"Велико Търново\" №2", "finansiran": "2", "detaili": "https://www.sofia.bg/documents/20182/887135/DG100-2017.pdf/30d544e4-60a3-402f-8743-825bc966e245", "status": null, "type": "1", "dg_sofia_2023_hyperlink": "https://dg100.eu/" }, "geometry": { "type": "Point", "coordinates": [ 23.339969616804652, 42.694020764431215 ] } },
{ "type": "Feature", "properties": { "objectid": 69, "object_nam": "ЧДГ \"Монтесори\"", "object_nom": 0.0, "kod_rayon": "18", "adres": "ж.к. Горна баня, ул. \"Вечерница\" №21", "finansiran": "3", "detaili": "http://89.252.196.217/Schools/schinfo?87596", "status": null, "type": "1", "dg_sofia_2023_hyperlink": "https://montessori-bg.org/%D1%87%D0%B0%D1%81%D1%82%D0%BD%D0%B0-%D0%B4%D0%B5%D1%82%D1%81%D0%BA%D0%B0-%D0%B3%D1%80%D0%B0%D0%B4%D0%B8%D0%BD%D0%B0/%D0%B7%D0%B0-%D0%B4%D0%B5%D1%82%D1%81%D0%BA%D0%B0%D1%82%D0%B0-%D0%B3%D1%80%D0%B0%D0%B4%D0%B8%D0%BD%D0%B0-%D0%B3%D0%BE%D1%80%D0%BD%D0%B0-%D0%B1%D0%B0%D0%BD%D1%8F.html" }, "geometry": { "type": "Point", "coordinates": [ 23.232722086350922, 42.675269395540802 ] } },
{ "type": "Feature", "properties": { "objectid": 70, "object_nam": "ДГ №52 \"Илинденче\" - сграда Кукуш", "object_nom": 52.0, "kod_rayon": "12", "adres": "ж.к. \"Захарна фабрика\", ул. \"Кукуш\" №1", "finansiran": "2", "detaili": "https://www.sofia.bg/documents/20182/887165/DG52-2017.pdf/935a3ba9-b49f-4e4a-913f-8ddc79cf35bf", "status": null, "type": "4", "dg_sofia_2023_hyperlink": "" }, "geometry": { "type": "Point", "coordinates": [ 23.299010404413565, 42.716167132688241 ] } },
{ "type": "Feature", "properties": { "objectid": 71, "object_nam": "ДГ №84 \"Детелина\"", "object_nom": 84.0, "kod_rayon": "18", "adres": "ж.к. Овча Купел 2, ул. \"Детелина\" №1", "finansiran": "2", "detaili": "https://www.sofia.bg/documents/20182/887174/DG84-2017.pdf/be9d19aa-00b7-454a-8494-45f816107351", "status": null, "type": "4", "dg_sofia_2023_hyperlink": "https://84dgdetelina.com/" }, "geometry": { "type": "Point", "coordinates": [ 23.243665138750565, 42.686943700529007 ] } },
{ "type": "Feature", "properties": { "objectid": 72, "object_nam": "ДГ №33 \"Сребърни звънчета\"", "object_nom": 33.0, "kod_rayon": "18", "adres": "ж.к. Овча купел 2, ул. \"Сребърни звънчета\" №4", "finansiran": "2", "detaili": "https://www.sofia.bg/documents/20182/887174/DG33-2017.pdf/dde39f72-21b9-4878-9367-aeaf26603f5c", "status": null, "type": "4", "dg_sofia_2023_hyperlink": "http://www.odz33.com/" }, "geometry": { "type": "Point", "coordinates": [ 23.24236969947961, 42.686154864759281 ] } },
{ "type": "Feature", "properties": { "objectid": 73, "object_nam": "ДГ №39 \"Пролет\"", "object_nom": 39.0, "kod_rayon": "18", "adres": "ж.к. Овча купел 1", "finansiran": "2", "detaili": "https://www.sofia.bg/documents/20182/887174/DG39-2017.pdf/220c048d-79b7-454f-a721-bb74bced715d", "status": null, "type": "4", "dg_sofia_2023_hyperlink": "http://39odz.com/" }, "geometry": { "type": "Point", "coordinates": [ 23.257228127080751, 42.687646476539236 ] } },
{ "type": "Feature", "properties": { "objectid": 74, "object_nam": "ДГ №3 \"Детелина\"", "object_nom": 3.0, "kod_rayon": "23", "adres": "с. Казичене, ул. \"Христо Ботев\" №2", "finansiran": "2", "detaili": "https://www.sofia.bg/documents/20182/887177/DG3-2017.pdf/457fd5f5-c4ed-4ac0-850c-ffeb0e2a466b", "status": null, "type": "1", "dg_sofia_2023_hyperlink": "" }, "geometry": { "type": "Point", "coordinates": [ 23.468951152725289, 42.655159019522038 ] } },
{ "type": "Feature", "properties": { "objectid": 75, "object_nam": "ДГ №97 \"Изгрев\" - сграда 2", "object_nom": 97.0, "kod_rayon": "23", "adres": "с. Лозен, ул. \"Светлина\" №2", "finansiran": "2", "detaili": "https://www.sofia.bg/documents/20182/887177/DG97-2017.pdf/c56d5160-966b-492f-9ce0-13fcd635a27c", "status": null, "type": "4", "dg_sofia_2023_hyperlink": "" }, "geometry": { "type": "Point", "coordinates": [ 23.491340833712663, 42.603295983822235 ] } },
{ "type": "Feature", "properties": { "objectid": 76, "object_nam": "ДГ №128 \"Феникс\"", "object_nom": 128.0, "kod_rayon": "11", "adres": "ж.к. Западен парк, ул.\"Суходолска\" №2 (до бл. 127)", "finansiran": "2", "detaili": "https://www.sofia.bg/documents/20182/887159/DG128-2017.pdf/b6bf71c9-587d-4128-b57b-bcb1ab40f91e", "status": null, "type": "4", "dg_sofia_2023_hyperlink": "http://dg128feniks.com" }, "geometry": { "type": "Point", "coordinates": [ 23.277884842635942, 42.703567038409979 ] } },
{ "type": "Feature", "properties": { "objectid": 77, "object_nam": "ДГ №89 \"Шарена дъга\"", "object_nom": 89.0, "kod_rayon": "22", "adres": "кв. Враждебна, ул \"27-ма\" №3", "finansiran": "2", "detaili": "https://www.sofia.bg/documents/20182/887180/DG89-2017.pdf/50164e16-5615-4152-828e-d91cd19288d6", "status": null, "type": "1", "dg_sofia_2023_hyperlink": "https://dg-89.com/" }, "geometry": { "type": "Point", "coordinates": [ 23.413217003401073, 42.711005677714773 ] } },
{ "type": "Feature", "properties": { "objectid": 78, "object_nam": "ДГ №179 \"Синчец\"", "object_nom": 179.0, "kod_rayon": "12", "adres": "ул. \"Кукуш\" №34", "finansiran": "2", "detaili": "https://www.sofia.bg/documents/20182/887165/DG179-2017.pdf/58c84305-2b4a-4221-abaf-33117cbabaf7", "status": null, "type": "4", "dg_sofia_2023_hyperlink": "https://dg179.bg/" }, "geometry": { "type": "Point", "coordinates": [ 23.286119013572854, 42.716387639050502 ] } },
{ "type": "Feature", "properties": { "objectid": 79, "object_nam": "ЧДГ \"КИТА 2013\"", "object_nom": 0.0, "kod_rayon": "17", "adres": "кв. Драгалевци ул. \"Кимчовец\" №23", "finansiran": "3", "detaili": "http://89.252.196.217/Schools/schinfo?38641", "status": null, "type": null, "dg_sofia_2023_hyperlink": "http://www.kita.bg/" }, "geometry": { "type": "Point", "coordinates": [ 23.319441666252054, 42.629855002373958 ] } },
{ "type": "Feature", "properties": { "objectid": 80, "object_nam": "ДГ №101 \"Ябълкова градина\"", "object_nom": 101.0, "kod_rayon": "19", "adres": "ж.к. Люлин 1, ул. \"Фортов път\" №2", "finansiran": "2", "detaili": "https://www.sofia.bg/documents/20182/887144/DG101-2017.pdf/f59a57b6-7b49-49bb-afc1-228cf3d4f362", "status": null, "type": "4", "dg_sofia_2023_hyperlink": "http://www.dg101.bg/" }, "geometry": { "type": "Point", "coordinates": [ 23.256918965548639, 42.727382889725526 ] } },
{ "type": "Feature", "properties": { "objectid": 81, "object_nam": "ДГ №114 \"Светулка\"", "object_nom": 114.0, "kod_rayon": "21", "adres": "с.Световрачене, ул. \"Миладин Цветков\" №3", "finansiran": "2", "detaili": "https://www.sofia.bg/documents/20182/887183/DG114-2017.pdf/84cc8a62-cb6e-43ae-b1f3-392d904e9aee", "status": null, "type": "4", "dg_sofia_2023_hyperlink": "http://dg114-svetulka.idwebbg.com/" }, "geometry": { "type": "Point", "coordinates": [ 23.385962426388257, 42.783356064449364 ] } },
{ "type": "Feature", "properties": { "objectid": 82, "object_nam": "ДГ №127 \"Слънце\"", "object_nom": 127.0, "kod_rayon": "10", "adres": "ул. \"Деде Агач\" №42", "finansiran": "2", "detaili": "https://www.sofia.bg/documents/20182/887156/DG127-2017.pdf/9fa00a8e-7951-4d39-863b-67dd212658bc", "status": null, "type": "4", "dg_sofia_2023_hyperlink": "http://dg127slantse.com" }, "geometry": { "type": "Point", "coordinates": [ 23.29842829211891, 42.675627962866926 ] } },
{ "type": "Feature", "properties": { "objectid": 83, "object_nam": "ДГ №140 \"Зорница\"", "object_nom": 140.0, "kod_rayon": "22", "adres": "с. Долни Богров, ул. \"10-та\" №27", "finansiran": "2", "detaili": "https://www.sofia.bg/documents/20182/887180/DG140-2017.pdf/cf4b1a0c-248a-4795-bb4f-20e770843eeb", "status": null, "type": "4", "dg_sofia_2023_hyperlink": "https://dg140-zornica.com/" }, "geometry": { "type": "Point", "coordinates": [ 23.488645223703084, 42.701430832607166 ] } },
{ "type": "Feature", "properties": { "objectid": 84, "object_nam": "ДГ №161 \"Ласка\"", "object_nom": 161.0, "kod_rayon": "18", "adres": "ул. \"Маестро Кънев\" №29", "finansiran": "2", "detaili": "https://www.sofia.bg/documents/20182/887174/DG161-2017.pdf/ec92978b-a5cc-4a68-bde8-d9ec59fc5b3e", "status": null, "type": "4", "dg_sofia_2023_hyperlink": "https://dglaska.bg/" }, "geometry": { "type": "Point", "coordinates": [ 23.264496472764755, 42.681779300165523 ] } },
{ "type": "Feature", "properties": { "objectid": 85, "object_nam": "ДГ №58 \"Слънчево утро\"", "object_nom": 58.0, "kod_rayon": "22", "adres": "кв. Челпоечене, ул. \"Яне Стоянов\" №19", "finansiran": "2", "detaili": "https://www.sofia.bg/documents/20182/887180/DG58-2017.pdf/d6c727c0-87f8-4704-9fca-02244baecd0c", "status": null, "type": "4", "dg_sofia_2023_hyperlink": "http://detskagradina58.com/" }, "geometry": { "type": "Point", "coordinates": [ 23.469528994654684, 42.735062460773676 ] } },
{ "type": "Feature", "properties": { "objectid": 86, "object_nam": "ДГ №200 \"Цветен рай\"", "object_nom": 200.0, "kod_rayon": "19", "adres": "ул. \"Димитър Талев\" №2", "finansiran": "2", "detaili": "https://www.sofia.bg/documents/20182/887144/DG200-2017.pdf/dc8d0261-efa8-4eb9-a297-f9e09576256c", "status": null, "type": "4", "dg_sofia_2023_hyperlink": "http://200.deckagradina.info/" }, "geometry": { "type": "Point", "coordinates": [ 23.273122357105304, 42.715088718914423 ] } },
{ "type": "Feature", "properties": { "objectid": 87, "object_nam": "ДГ №175 \"Слънчеви лъчи\"", "object_nom": 175.0, "kod_rayon": "09", "adres": "ул. \"Тодор Ф. Чипев\" №1", "finansiran": "2", "detaili": "https://www.sofia.bg/documents/20182/887153/DG175-2017.pdf/e6d2182b-4a33-47a0-9e34-e3ead71b584d", "status": null, "type": "4", "dg_sofia_2023_hyperlink": "https://www.dg175.eu/bg/" }, "geometry": { "type": "Point", "coordinates": [ 23.332933083082775, 42.654117658245205 ] } },
{ "type": "Feature", "properties": { "objectid": 88, "object_nam": "ДГ №180 \"Зайченцето бяло\"", "object_nom": 180.0, "kod_rayon": "23", "adres": "с. Герман, ул. \"Патриарх Герман\" №81А", "finansiran": "2", "detaili": "https://www.sofia.bg/documents/20182/887177/DG180-2017.pdf/ec0b5d49-4dd9-4a40-87d7-ae30bb45e1c8", "status": null, "type": "4", "dg_sofia_2023_hyperlink": "http://dg180.org/" }, "geometry": { "type": "Point", "coordinates": [ 23.416683433768039, 42.617502037280531 ] } },
{ "type": "Feature", "properties": { "objectid": 89, "object_nam": "ЧДГ \"Грозното патенце\"", "object_nom": 0.0, "kod_rayon": "07", "adres": "ж.к. Гео Милев, ул. \"Николай Коперник\" №48", "finansiran": "3", "detaili": "http://89.252.196.217/Schools/schinfo?23963", "status": null, "type": "1", "dg_sofia_2023_hyperlink": "https://www.facebook.com/groznoto.patentse?locale=bg_BG" }, "geometry": { "type": "Point", "coordinates": [ 23.363624565800507, 42.683800606646393 ] } },
{ "type": "Feature", "properties": { "objectid": 90, "object_nam": "ЧДГ \"Светлина\"", "object_nom": 0.0, "kod_rayon": "18", "adres": "ул. „693“ №12", "finansiran": "3", "detaili": null, "status": null, "type": "1", "dg_sofia_2023_hyperlink": "https://svetlina.net/detska-gradina/" }, "geometry": { "type": "Point", "coordinates": [ 23.256112932293398, 42.675558581673123 ] } },
{ "type": "Feature", "properties": { "objectid": 91, "object_nam": "ЧДГ \"Г. С. Уланова\"", "object_nom": 0.0, "kod_rayon": "09", "adres": "кв.Студентски град\nМалинова долина 2Б", "finansiran": "3", "detaili": "http://89.252.196.217/Schools/schinfo?80389", "status": "!relocate", "type": "1", "dg_sofia_2023_hyperlink": "https://www.ruliceum.org/bg/kindergarden" }, "geometry": { "type": "Point", "coordinates": [ 23.328217383530067, 42.677691111073102 ] } },
{ "type": "Feature", "properties": { "objectid": 92, "object_nam": "ЧДГ \"Доверие\"", "object_nom": 0.0, "kod_rayon": "07", "adres": "ж.к. Редута, ул. \"Калиманци\" №43", "finansiran": "3", "detaili": "http://89.252.196.217/Schools/schinfo?43544", "status": null, "type": "1", "dg_sofia_2023_hyperlink": "http://www.doverie-bg.net/" }, "geometry": { "type": "Point", "coordinates": [ 23.358871775483752, 42.688281238443295 ] } },
{ "type": "Feature", "properties": { "objectid": 93, "object_nam": "ЧДГ \"Ерих Кестнер\"", "object_nom": 0.0, "kod_rayon": "19", "adres": "ж.к. Люлин 6, ул. \"Полк. Никола Попов\"", "finansiran": "3", "detaili": "http://89.252.196.217/Schools/schinfo?28687", "status": null, "type": "1", "dg_sofia_2023_hyperlink": "http://www.eks-bg.eu/component/content/category/34-%D0%B4%D0%B5%D1%82%D1%81%D0%BA%D0%B0-%D0%B3%D1%80%D0%B0%D0%B4%D0%B8%D0%BD%D0%B0" }, "geometry": { "type": "Point", "coordinates": [ 23.253638484047368, 42.712603055875917 ] } },
{ "type": "Feature", "properties": { "objectid": 94, "object_nam": "ЧДГ \"Момо\"", "object_nom": 0.0, "kod_rayon": "03", "adres": "ул. \"Поп Богомил\" №47", "finansiran": "3", "detaili": "http://89.252.196.217/Schools/schinfo?98985", "status": null, "type": "1", "dg_sofia_2023_hyperlink": "https://gradinamomo.com/" }, "geometry": { "type": "Point", "coordinates": [ 23.323043202973565, 42.703701137538076 ] } },
{ "type": "Feature", "properties": { "objectid": 95, "object_nam": "ЧДГ \"Фънки Мънки\"", "object_nom": 0.0, "kod_rayon": "03", "adres": "ул. \"Гюешево\" №14", "finansiran": "3", "detaili": "http://89.252.196.217/Schools/schinfo?11486", "status": null, "type": "1", "dg_sofia_2023_hyperlink": "https://funkymonkey.bg/" }, "geometry": { "type": "Point", "coordinates": [ 23.302058172387447, 42.696639983437301 ] } },
{ "type": "Feature", "properties": { "objectid": 96, "object_nam": "ЧДГ \"Цветен ден\"", "object_nom": 0.0, "kod_rayon": "18", "adres": "ул. \"Витошка поляна\" №10", "finansiran": "3", "detaili": "http://89.252.196.217/Schools/schinfo?43388", "status": null, "type": "1", "dg_sofia_2023_hyperlink": "http://www.cvetenden.com/" }, "geometry": { "type": "Point", "coordinates": [ 23.256549230380649, 42.669125850962494 ] } },
{ "type": "Feature", "properties": { "objectid": 97, "object_nam": "ЧДГ \"Кристофър Робин\"", "object_nom": 0.0, "kod_rayon": "09", "adres": "ул. \"Момин кладенец\" №1, партер, офис 1", "finansiran": "3", "detaili": "http://89.252.196.217/Schools/schinfo?39657", "status": null, "type": "1", "dg_sofia_2023_hyperlink": "https://crkinder.com/" }, "geometry": { "type": "Point", "coordinates": [ 23.328817700715096, 42.684797092505733 ] } },
{ "type": "Feature", "properties": { "objectid": 98, "object_nam": "ЧДГ \"Тути 2011\"", "object_nom": 0.0, "kod_rayon": "09", "adres": "ул. \"Червена стена\" №28", "finansiran": "3", "detaili": "http://89.252.196.217/Schools/schinfo?99929", "status": null, "type": "1", "dg_sofia_2023_hyperlink": "https://www.tuti-bg.com/" }, "geometry": { "type": "Point", "coordinates": [ 23.318531050737036, 42.672970841724862 ] } },
{ "type": "Feature", "properties": { "objectid": 99, "object_nam": "ЧДГ \"Мария Магдалена\"", "object_nom": 0.0, "kod_rayon": "10", "adres": "ул. \"Ген. Кирил Ботев\" №26Е", "finansiran": "3", "detaili": "http://89.252.196.217/Schools/schinfo?18153", "status": null, "type": "1", "dg_sofia_2023_hyperlink": "https://mmagdalena-bg.com/" }, "geometry": { "type": "Point", "coordinates": [ 23.291059614287583, 42.666614459906754 ] } },
{ "type": "Feature", "properties": { "objectid": 100, "object_nam": "ЧДГ \"Вълшебен свят\"", "object_nom": 0.0, "kod_rayon": "23", "adres": "ул. \"Златна ябълка\" №1", "finansiran": "3", "detaili": "http://89.252.196.217/Schools/schinfo?8117", "status": "закрита", "type": "1", "dg_sofia_2023_hyperlink": "" }, "geometry": { "type": "Point", "coordinates": [ 23.390759522468084, 42.614185997961357 ] } },
{ "type": "Feature", "properties": { "objectid": 101, "object_nam": "ЧЦДГ \"Малки орли\"", "object_nom": 0.0, "kod_rayon": "23", "adres": "Лозенски път, сградата на Американо-Английската Академия", "finansiran": "3", "detaili": "http://89.252.196.217/Schools/schinfo?93126", "status": "закрита", "type": "1", "dg_sofia_2023_hyperlink": "https://aeasofia.com/departaments/#kindergarten" }, "geometry": { "type": "Point", "coordinates": [ 23.460557233816253, 42.612359095335563 ] } },
{ "type": "Feature", "properties": { "objectid": 102, "object_nam": "ЧДГ \"Успение на Пресвета Богородица\"", "object_nom": 0.0, "kod_rayon": "05", "adres": "кв. Малашевци, ул. \"Училищна\" №8", "finansiran": "3", "detaili": "http://89.252.196.217/Schools/schinfo?53503", "status": null, "type": "1", "dg_sofia_2023_hyperlink": "https://detskagradina.alle.bg/" }, "geometry": { "type": "Point", "coordinates": [ 23.347741929477067, 42.717744060079106 ] } },
{ "type": "Feature", "properties": { "objectid": 103, "object_nam": "ЧДГ \"Чудната къщичка\"", "object_nom": 0.0, "kod_rayon": "19", "adres": "ж.к. Люлин 2, ул. \"Александър Станишев\" №37", "finansiran": "3", "detaili": "http://89.252.196.217/Schools/schinfo?35080", "status": null, "type": "1", "dg_sofia_2023_hyperlink": "https://www.wonderhouse-bg.com/" }, "geometry": { "type": "Point", "coordinates": [ 23.247510161859296, 42.729235212070975 ] } },
{ "type": "Feature", "properties": { "objectid": 104, "object_nam": "ЧДГ \"Веселите камбанки\"", "object_nom": 0.0, "kod_rayon": "09", "adres": "кв. Витоша, ул. \"Данаил Крабчев\" №17", "finansiran": "3", "detaili": "http://89.252.196.217/Schools/schinfo?98448", "status": null, "type": "1", "dg_sofia_2023_hyperlink": "https://detskagradina.org/" }, "geometry": { "type": "Point", "coordinates": [ 23.332508525914001, 42.650356987229344 ] } },
{ "type": "Feature", "properties": { "objectid": 105, "object_nam": "ЧДГ \"Слънчогледи\"", "object_nom": 0.0, "kod_rayon": "23", "adres": "м. Ширините №1А", "finansiran": "3", "detaili": "http://89.252.196.217/Schools/schinfo?16542", "status": null, "type": "1", "dg_sofia_2023_hyperlink": "https://slanchogledi.bg/" }, "geometry": { "type": "Point", "coordinates": [ 23.413200776172953, 42.595259905106033 ] } },
{ "type": "Feature", "properties": { "objectid": 106, "object_nam": "ЧДГ \"Златно зрънце\"", "object_nom": 0.0, "kod_rayon": "09", "adres": "ул. \"Червена стена\" №34", "finansiran": "3", "detaili": "http://89.252.196.217/Schools/schinfo?74309", "status": null, "type": "1", "dg_sofia_2023_hyperlink": "https://www.zlatno-zrantse.bg/" }, "geometry": { "type": "Point", "coordinates": [ 23.318041039310518, 42.6726957371814 ] } },
{ "type": "Feature", "properties": { "objectid": 107, "object_nam": "ЧДГ \"Свети Георги\"", "object_nom": 0.0, "kod_rayon": "09", "adres": "бул. \"Никола Й. Вапцаров\" №47", "finansiran": "3", "detaili": "http://89.252.196.217/Schools/schinfo?89000", "status": null, "type": "1", "dg_sofia_2023_hyperlink": "http://www.dg174fiut.com/" }, "geometry": { "type": "Point", "coordinates": [ 23.323366149626466, 42.666172642007318 ] } },
{ "type": "Feature", "properties": { "objectid": 109, "object_nam": "ЧДГ \"Мечо Пух\"", "object_nom": 0.0, "kod_rayon": "07", "adres": "ул. \"Лидице\" №14", "finansiran": "3", "detaili": "http://89.252.196.217/Schools/schinfo?13867", "status": null, "type": "1", "dg_sofia_2023_hyperlink": "https://www.mechopuh.bg/" }, "geometry": { "type": "Point", "coordinates": [ 23.362781022556312, 42.678332281794468 ] } },
{ "type": "Feature", "properties": { "objectid": 110, "object_nam": "ЧДГ \"Детска къща Монтесори\"", "object_nom": 0.0, "kod_rayon": "09", "adres": "ж.к. Витоша, ул. \"Яна Язова\" №6", "finansiran": "3", "detaili": "http://89.252.196.217/Schools/schinfo?13400", "status": null, "type": "1", "dg_sofia_2023_hyperlink": "https://www.montessori-bulgaria.com/bg" }, "geometry": { "type": "Point", "coordinates": [ 23.334298127813984, 42.651761738802868 ] } },
{ "type": "Feature", "properties": { "objectid": 111, "object_nam": "ДЯ №1", "object_nom": 1.0, "kod_rayon": "01", "adres": "ул. \"Хан Крум\" № 23", "finansiran": "2", "detaili": null, "status": null, "type": "2", "dg_sofia_2023_hyperlink": "" }, "geometry": { "type": "Point", "coordinates": [ 23.326231764363808, 42.688963455361588 ] } },
{ "type": "Feature", "properties": { "objectid": 112, "object_nam": "СДЯ № 12 \"Бебеландия\"", "object_nom": 12.0, "kod_rayon": "07", "adres": "ул. \"Плачковски манастир\" №11", "finansiran": "2", "detaili": null, "status": null, "type": "2", "dg_sofia_2023_hyperlink": "" }, "geometry": { "type": "Point", "coordinates": [ 23.357748823383865, 42.690391978774734 ] } },
{ "type": "Feature", "properties": { "objectid": 113, "object_nam": "ЧЦДГ \"Аника\"", "object_nom": 0.0, "kod_rayon": "15", "adres": "ж.к. Младост 4, бул. \"Ал. Малинов\" 79Б", "finansiran": "3", "detaili": "http://89.252.196.217/Schools/schinfo?24982", "status": null, "type": "1", "dg_sofia_2023_hyperlink": "http://www.gradinaanika.com/" }, "geometry": { "type": "Point", "coordinates": [ 23.373981397620671, 42.634880674191066 ] } },
{ "type": "Feature", "properties": { "objectid": 114, "object_nam": "ЧЦДГ \"Бонбон-Приказка без край\"", "object_nom": 0.0, "kod_rayon": "19", "adres": "ж.к. Люлин 9, бл. 964", "finansiran": "3", "detaili": "http://89.252.196.217/Schools/schinfo?85292", "status": "закрита", "type": "1", "dg_sofia_2023_hyperlink": "https://prikazka.net/" }, "geometry": { "type": "Point", "coordinates": [ 23.261924158825163, 42.716924030790508 ] } },
{ "type": "Feature", "properties": { "objectid": 115, "object_nam": "ЧЦДГ \"Славейче\"", "object_nom": 0.0, "kod_rayon": "04", "adres": "ул. \"Росица\" №12", "finansiran": "3", "detaili": "http://89.252.196.217/Schools/schinfo?24543", "status": null, "type": "1", "dg_sofia_2023_hyperlink": "https://www.slaveiche.com/" }, "geometry": { "type": "Point", "coordinates": [ 23.333684831963275, 42.700175540458851 ] } },
{ "type": "Feature", "properties": { "objectid": 116, "object_nam": "ЧДГ \"Монтесори Хай\"", "object_nom": 0.0, "kod_rayon": "18", "adres": "кв. Горна баня, ул. \"Синьо езеро\" №9а", "finansiran": "3", "detaili": "http://89.252.196.217/Schools/schinfo?46462", "status": null, "type": "1", "dg_sofia_2023_hyperlink": "https://www.montessori-hi.com/" }, "geometry": { "type": "Point", "coordinates": [ 23.237009192439835, 42.679222685878223 ] } },
{ "type": "Feature", "properties": { "objectid": 117, "object_nam": "ДГ № 67 \"Чучулига\"- филиал", "object_nom": 67.0, "kod_rayon": "02", "adres": "ж.к. \"Красно село\", ул. \"Дойран\" 22-24, бл. 8", "finansiran": "2", "detaili": "https://www.sofia.bg/documents/20182/887129/DG67-2017.pdf/1eed3d9b-a4dd-406f-9abc-415e486b7889", "status": null, "type": "1", "dg_sofia_2023_hyperlink": "http://dg93.bg/" }, "geometry": { "type": "Point", "coordinates": [ 23.287953320885123, 42.674805147294471 ] } },
{ "type": "Feature", "properties": { "objectid": 118, "object_nam": "ДГ №72 \"Приказка без край\"", "object_nom": 72.0, "kod_rayon": "16", "adres": "кв. \"Дървеница\", ул. \"Белимел\" №11", "finansiran": "2", "detaili": "https://www.sofia.bg/documents/20182/887171/DG72-2017.pdf/8a7356db-3a6d-47d1-a821-8b445e0af49a", "status": null, "type": "4", "dg_sofia_2023_hyperlink": "https://www.dg72.eu/bg/" }, "geometry": { "type": "Point", "coordinates": [ 23.363250898915048, 42.651863914879911 ] } },
{ "type": "Feature", "properties": { "objectid": 119, "object_nam": "ДГ №94 \"Детски свят\"", "object_nom": 94.0, "kod_rayon": "22", "adres": "гр. Бухово, ул. \"Никола Бонев\" №6", "finansiran": "2", "detaili": "https://www.sofia.bg/documents/20182/887180/DG94-2017.pdf/b0db57b1-7758-4a64-ac30-2d7ebc73c7c5", "status": null, "type": "4", "dg_sofia_2023_hyperlink": "https://odz-buhovo.com/" }, "geometry": { "type": "Point", "coordinates": [ 23.567994868538541, 42.765505270435447 ] } },
{ "type": "Feature", "properties": { "objectid": 120, "object_nam": "ДГ №95 \"Омайниче\"", "object_nom": 95.0, "kod_rayon": "19", "adres": "ул. \"Тома Давидов\" №3", "finansiran": "2", "detaili": "https://www.sofia.bg/documents/20182/887144/DG95-2017.pdf/673d3cf3-49c8-4997-a646-04cec4f926ef", "status": null, "type": "4", "dg_sofia_2023_hyperlink": "http://dg95omainiche.com/" }, "geometry": { "type": "Point", "coordinates": [ 23.274762947916294, 42.717815331341406 ] } },
{ "type": "Feature", "properties": { "objectid": 121, "object_nam": "ДГ №97 \"Изгрев\"", "object_nom": 97.0, "kod_rayon": "23", "adres": "с. Лозен, ул. \"Янко Панайотов\" №29", "finansiran": "2", "detaili": "https://www.sofia.bg/documents/20182/887177/DG97-2017.pdf/c56d5160-966b-492f-9ce0-13fcd635a27c", "status": null, "type": "4", "dg_sofia_2023_hyperlink": "www.dg97-izgrev.com" }, "geometry": { "type": "Point", "coordinates": [ 23.474550742221187, 42.602143463446176 ] } },
{ "type": "Feature", "properties": { "objectid": 122, "object_nam": "ДГ №99 \"Брезичка\" - сграда бл. 23", "object_nom": 99.0, "kod_rayon": "02", "adres": "ж.к. \"Бели брези\", ул. \"Лерин\", бл. 23", "finansiran": "2", "detaili": "https://www.sofia.bg/documents/20182/887129/DG99-2017.pdf/f21881b6-b797-429f-999b-9e015cc261db", "status": null, "type": "1", "dg_sofia_2023_hyperlink": "https://brezichka.com/" }, "geometry": { "type": "Point", "coordinates": [ 23.294140162783506, 42.674968995290982 ] } },
{ "type": "Feature", "properties": { "objectid": 123, "object_nam": "ДГ №99 \"Брезичка\" - сграда бл. 31", "object_nom": 99.0, "kod_rayon": "02", "adres": "ж.к. \"Бели брези\", ул. \"Битоля\" №18, бл. 31", "finansiran": "2", "detaili": "https://www.sofia.bg/documents/20182/887129/DG99-2017.pdf/f21881b6-b797-429f-999b-9e015cc261db", "status": null, "type": "1", "dg_sofia_2023_hyperlink": "https://brezichka.com/" }, "geometry": { "type": "Point", "coordinates": [ 23.292762493067571, 42.674323774616539 ] } },
{ "type": "Feature", "properties": { "objectid": 124, "object_nam": "ДГ №99 \"Брезичка\" - сграда бл. 1", "object_nom": 99.0, "kod_rayon": "02", "adres": "ж.к. \"Бели брези\", бул. \"България\" №166, бл. 1", "finansiran": "2", "detaili": "https://www.sofia.bg/documents/20182/887129/DG99-2017.pdf/f21881b6-b797-429f-999b-9e015cc261db", "status": null, "type": "1", "dg_sofia_2023_hyperlink": "https://brezichka.com/" }, "geometry": { "type": "Point", "coordinates": [ 23.29700699952242, 42.676791000403227 ] } },
{ "type": "Feature", "properties": { "objectid": 125, "object_nam": "ДГ №99 \"Брезичка\" - сгради бл. 4", "object_nom": 99.0, "kod_rayon": "02", "adres": "ж.к. \"Бели брези\", бул. \"България\" №166,  бл. 4", "finansiran": "2", "detaili": "https://www.sofia.bg/documents/20182/887129/DG99-2017.pdf/f21881b6-b797-429f-999b-9e015cc261db", "status": null, "type": "1", "dg_sofia_2023_hyperlink": "https://brezichka.com/" }, "geometry": { "type": "Point", "coordinates": [ 23.296453290080343, 42.676636721215019 ] } },
{ "type": "Feature", "properties": { "objectid": 126, "object_nam": "ДГ №100 \"Акад. Пенчо Райков\"- филиал-2", "object_nom": 100.0, "kod_rayon": "04", "adres": "ул. \"Марин Дринов\" №11А", "finansiran": "2", "detaili": "https://www.sofia.bg/documents/20182/887135/DG100-2017.pdf/30d544e4-60a3-402f-8743-825bc966e245", "status": null, "type": "1", "dg_sofia_2023_hyperlink": "https://dg100.eu/" }, "geometry": { "type": "Point", "coordinates": [ 23.343766596245196, 42.695262010720711 ] } },
{ "type": "Feature", "properties": { "objectid": 127, "object_nam": "ДГ №102 \"Кременица\" - филиал кв.\"Гниляне\"", "object_nom": 102.0, "kod_rayon": "21", "adres": "кв. Гниляне, ул.\"Просвета\" №1", "finansiran": "2", "detaili": "https://www.sofia.bg/documents/20182/887183/DG102-2017.pdf/0cf59a0d-6f47-4941-98da-29b205999bd2", "status": null, "type": "1", "dg_sofia_2023_hyperlink": "https://dg102kremenitsa.com/" }, "geometry": { "type": "Point", "coordinates": [ 23.37591376159148, 42.810064490902477 ] } },
{ "type": "Feature", "properties": { "objectid": 128, "object_nam": "ДГ №102 \"Кременица\" -  филиал с.\"Кътина\"", "object_nom": 102.0, "kod_rayon": "21", "adres": "с. Кътина, ул. \"Христо Ботев\" №26", "finansiran": "2", "detaili": "https://www.sofia.bg/documents/20182/887183/DG102-2017.pdf/0cf59a0d-6f47-4941-98da-29b205999bd2", "status": null, "type": "1", "dg_sofia_2023_hyperlink": "https://dg102kremenitsa.com/" }, "geometry": { "type": "Point", "coordinates": [ 23.315625615356034, 42.841868129919185 ] } },
{ "type": "Feature", "properties": { "objectid": 129, "object_nam": "ДГ №147 \"Славейче\" - филиал с. Яна", "object_nom": 147.0, "kod_rayon": "22", "adres": "с. Яна, ул. \"Райна Княгиня\" 4", "finansiran": "2", "detaili": "https://www.sofia.bg/documents/20182/887180/DG147-2017.pdf/397ebf50-8a02-42a5-aa64-19cf89d1141c", "status": null, "type": "1", "dg_sofia_2023_hyperlink": "https://147dg.com/" }, "geometry": { "type": "Point", "coordinates": [ 23.55435747504443, 42.731182885361882 ] } },
{ "type": "Feature", "properties": { "objectid": 130, "object_nam": "ДГ №151 \"Леда Милева\"", "object_nom": 151.0, "kod_rayon": "04", "adres": "ул. \"Оборище\" 94-96", "finansiran": "2", "detaili": "https://www.sofia.bg/documents/20182/887135/DG151-2017.pdf/4e3110be-07d4-4a01-a86e-c047fa68a31c", "status": null, "type": "4", "dg_sofia_2023_hyperlink": "https://dg151.eu/" }, "geometry": { "type": "Point", "coordinates": [ 23.353980433954661, 42.693013796478169 ] } },
{ "type": "Feature", "properties": { "objectid": 131, "object_nam": "ДГ №154 \"Сбъдната мечта\" - сграда 2, бл. 73", "object_nom": 154.0, "kod_rayon": "07", "adres": "ул. \"Кривина\", бл.73", "finansiran": "2", "detaili": "https://www.sofia.bg/documents/20182/887138/DG154-2017.pdf/4413e453-e632-4e83-a3e8-ee37dc68409f", "status": null, "type": "1", "dg_sofia_2023_hyperlink": "https://dg-154.com/" }, "geometry": { "type": "Point", "coordinates": [ 23.376224314226125, 42.677292424840068 ] } },
{ "type": "Feature", "properties": { "objectid": 132, "object_nam": "ДГ №155 \"Веселина\" - сграда 2", "object_nom": 155.0, "kod_rayon": "07", "adres": "ул. \"Каймакчалан\" №4", "finansiran": "2", "detaili": "https://www.sofia.bg/documents/20182/887138/DG155-2017.pdf/6607bf4f-4530-4d68-b526-e91e4bdfc596", "status": null, "type": "1", "dg_sofia_2023_hyperlink": "https://dg155.com/" }, "geometry": { "type": "Point", "coordinates": [ 23.357233961808724, 42.691377844905624 ] } },
{ "type": "Feature", "properties": { "objectid": 133, "object_nam": "ДГ № 159\" Олимпийче\"- сграда 1", "object_nom": 159.0, "kod_rayon": "01", "adres": "ул. \"Христо Белчев\"  №13", "finansiran": "2", "detaili": "https://www.sofia.bg/documents/20182/887126/DG159-2017.pdf/9dc2c91a-3921-47a9-a8de-aa6d8521f205", "status": null, "type": "1", "dg_sofia_2023_hyperlink": "https://dg-159.com/" }, "geometry": { "type": "Point", "coordinates": [ 23.32165728914174, 42.693359480961554 ] } },
{ "type": "Feature", "properties": { "objectid": 134, "object_nam": "ДГ №161 \"Ласка\" - филиал 2", "object_nom": 161.0, "kod_rayon": "18", "adres": "ул. \"Маестро Кънев\" №2", "finansiran": "2", "detaili": "https://www.sofia.bg/documents/20182/887174/DG161-2017.pdf/ec92978b-a5cc-4a68-bde8-d9ec59fc5b3e", "status": null, "type": "4", "dg_sofia_2023_hyperlink": "https://dglaska.bg/" }, "geometry": { "type": "Point", "coordinates": [ 23.271362163189689, 42.681233506676534 ] } },
{ "type": "Feature", "properties": { "objectid": 135, "object_nam": "ДГ №161 \"Ласка\" - филиал 1", "object_nom": 161.0, "kod_rayon": "18", "adres": "ул. \"Евлия Челеби\" №1", "finansiran": "2", "detaili": "https://www.sofia.bg/documents/20182/887174/DG161-2017.pdf/ec92978b-a5cc-4a68-bde8-d9ec59fc5b3e", "status": null, "type": "4", "dg_sofia_2023_hyperlink": "https://dglaska.bg/" }, "geometry": { "type": "Point", "coordinates": [ 23.256459031729669, 42.672235978743444 ] } },
{ "type": "Feature", "properties": { "objectid": 136, "object_nam": "ДГ №162 \"Вихрогонче\"- филиал", "object_nom": 162.0, "kod_rayon": "02", "adres": "ул. \"Емине\" №8, бл. 46", "finansiran": "2", "detaili": "https://www.sofia.bg/documents/20182/887129/DG162-2017.pdf/2a5d3736-4520-46bf-ae69-100f5586322a", "status": null, "type": "1", "dg_sofia_2023_hyperlink": "http://dg162.net/" }, "geometry": { "type": "Point", "coordinates": [ 23.298611119091852, 42.679821732553556 ] } },
{ "type": "Feature", "properties": { "objectid": 137, "object_nam": "ДГ №167 \"Малкият принц\" - филиал", "object_nom": 167.0, "kod_rayon": "10", "adres": "ул. \"Янко Забунов\" 40, бл.41", "finansiran": "2", "detaili": "https://www.sofia.bg/documents/20182/887156/DG167-2017.pdf/974d384b-4dd2-430c-929c-36d6edaca108", "status": null, "type": "1", "dg_sofia_2023_hyperlink": "http://malkiyatprinc.eu/" }, "geometry": { "type": "Point", "coordinates": [ 23.307658720269448, 42.678360307539528 ] } },
{ "type": "Feature", "properties": { "objectid": 138, "object_nam": "ДГ №168 \"Слънчогледи\" - сграда ул. \"Андрей Николов\"", "object_nom": 168.0, "kod_rayon": "07", "adres": "ул. \"Андрей Николов\" №6, бл.254, вх. В, ет. 1", "finansiran": "2", "detaili": "https://www.sofia.bg/documents/20182/887138/DG168-2017.pdf/64ab47f4-bd22-4566-a871-821e34c75f92", "status": null, "type": "1", "dg_sofia_2023_hyperlink": "http://sunflowers168.eu/" }, "geometry": { "type": "Point", "coordinates": [ 23.363068322088484, 42.681199302527972 ] } },
{ "type": "Feature", "properties": { "objectid": 139, "object_nam": "ДГ №168 \"Слънчогледи\" - сграда ул. \"Лидице\"\"", "object_nom": 168.0, "kod_rayon": "07", "adres": "ул. \"Лидице\" №16, бл.261, вх.А", "finansiran": "2", "detaili": "https://www.sofia.bg/documents/20182/887138/DG168-2017.pdf/64ab47f4-bd22-4566-a871-821e34c75f92", "status": null, "type": "1", "dg_sofia_2023_hyperlink": "http://sunflowers168.eu/" }, "geometry": { "type": "Point", "coordinates": [ 23.363484899947192, 42.679755380108958 ] } },
{ "type": "Feature", "properties": { "objectid": 140, "object_nam": "ДГ 173 \"Звънче\" - сграда \"Алиса\"", "object_nom": 173.0, "kod_rayon": "06", "adres": "ул. \"Филип Тотю\" 24", "finansiran": "2", "detaili": "https://www.sofia.bg/documents/20182/887132/DG173-2017.pdf/4900a1c7-4f35-4bb1-9d28-3dbb63dee891", "status": null, "type": "1", "dg_sofia_2023_hyperlink": "http://173cdg.com/" }, "geometry": { "type": "Point", "coordinates": [ 23.345146512436607, 42.704756782516455 ] } },
{ "type": "Feature", "properties": { "objectid": 141, "object_nam": "ДГ №191 \"Приказка без край\" - филиал", "object_nom": 191.0, "kod_rayon": "04", "adres": "ул. \"Васил Друмев\" №34", "finansiran": "2", "detaili": "https://www.sofia.bg/documents/20182/887135/DG191-2017.pdf/7c25b24b-160a-4238-b88e-0367470d6669", "status": null, "type": "4", "dg_sofia_2023_hyperlink": "https://www.odz60.com/" }, "geometry": { "type": "Point", "coordinates": [ 23.350910339299119, 42.695882566647391 ] } },
{ "type": "Feature", "properties": { "objectid": 142, "object_nam": "ДГ № 195 \"Братя Мормареви\"", "object_nom": 195.0, "kod_rayon": "04", "adres": "ул. \"Дунав\" №5А", "finansiran": "2", "detaili": "https://www.sofia.bg/documents/20182/887135/DG195-2017.pdf/a603ee57-9a28-43cd-b7d1-9fabf35f48d5", "status": null, "type": "4", "dg_sofia_2023_hyperlink": "http://dg195.com/" }, "geometry": { "type": "Point", "coordinates": [ 23.333179783171222, 42.697540130840601 ] } },
{ "type": "Feature", "properties": { "objectid": 143, "object_nam": "ДГ № 195 \"Братя Мормареви\" - филиал", "object_nom": 195.0, "kod_rayon": "04", "adres": "ул. \"Победа\" №3", "finansiran": "2", "detaili": "https://www.sofia.bg/documents/20182/887135/DG195-2017.pdf/a603ee57-9a28-43cd-b7d1-9fabf35f48d5", "status": null, "type": "4", "dg_sofia_2023_hyperlink": "http://dg195.com/" }, "geometry": { "type": "Point", "coordinates": [ 23.344221298808083, 42.698625535300685 ] } },
{ "type": "Feature", "properties": { "objectid": 144, "object_nam": "ДГ №198 \"Косе Босе\"", "object_nom": 198.0, "kod_rayon": "20", "adres": "ул. \"Войводово\" №4", "finansiran": "2", "detaili": "https://www.sofia.bg/documents/20182/887186/DG198-092017.pdf/dac841f2-e74c-4f56-b3ab-60255689da90", "status": null, "type": "4", "dg_sofia_2023_hyperlink": "http://dg198-kosebose.com/" }, "geometry": { "type": "Point", "coordinates": [ 23.273763515991114, 42.722786796538905 ] } },
{ "type": "Feature", "properties": { "objectid": 145, "object_nam": "ЧДГ \"Щастливата къща\"", "object_nom": 0.0, "kod_rayon": "09", "adres": "ул. \"Йордан Стубел\" №4", "finansiran": "3", "detaili": "http://89.252.196.217/Schools/schinfo?8237", "status": null, "type": "1", "dg_sofia_2023_hyperlink": "https://happyhouse-bg.com/" }, "geometry": { "type": "Point", "coordinates": [ 23.331357768917698, 42.650901269843459 ] } },
{ "type": "Feature", "properties": { "objectid": 146, "object_nam": "ЧДГ \"Арти\"", "object_nom": 0.0, "kod_rayon": "04", "adres": "ул. \"Оборище\" №5", "finansiran": "3", "detaili": "http://89.252.196.217/Schools/schinfo?26730", "status": null, "type": "1", "dg_sofia_2023_hyperlink": "https://www.arty.bg/" }, "geometry": { "type": "Point", "coordinates": [ 23.3360412216783, 42.695972026042256 ] } },
{ "type": "Feature", "properties": { "objectid": 147, "object_nam": "ЧДГ \"Мечтател\"", "object_nom": 0.0, "kod_rayon": "10", "adres": "кв. Южен парк, бл.30", "finansiran": "3", "detaili": "http://89.252.196.217/Schools/schinfo?61433", "status": null, "type": "1", "dg_sofia_2023_hyperlink": "https://mechtatel.bg/" }, "geometry": { "type": "Point", "coordinates": [ 23.312113898332697, 42.671040831184378 ] } },
{ "type": "Feature", "properties": { "objectid": 148, "object_nam": "СДЯ №21 \"Бон-Бон\"", "object_nom": 21.0, "kod_rayon": "10", "adres": "ул. \"Стефан Малинов\" № 2", "finansiran": "2", "detaili": null, "status": null, "type": "2", "dg_sofia_2023_hyperlink": "" }, "geometry": { "type": "Point", "coordinates": [ 23.304332191693568, 42.675493383963087 ] } },
{ "type": "Feature", "properties": { "objectid": 149, "object_nam": "СДЯ №23", "object_nom": 23.0, "kod_rayon": "09", "adres": "ул. \"Ралица\" №4", "finansiran": "2", "detaili": "http://lozenets-sofia.org/%D1%8F%D1%81%D0%BB%D0%B8-%D0%B8-%D0%B4%D0%B5%D1%82%D1%81%D0%BA%D0%B8-%D0%B3%D1%80%D0%B0%D0%B4%D0%B8%D0%BD%D0%B8/", "status": null, "type": "2", "dg_sofia_2023_hyperlink": "" }, "geometry": { "type": "Point", "coordinates": [ 23.323565953164763, 42.683348549321082 ] } },
{ "type": "Feature", "properties": { "objectid": 150, "object_nam": "ДЯ №28", "object_nom": 28.0, "kod_rayon": "01", "adres": "ул. \"Христо Белчев\" № 41", "finansiran": "2", "detaili": null, "status": null, "type": "2", "dg_sofia_2023_hyperlink": "" }, "geometry": { "type": "Point", "coordinates": [ 23.320835226513719, 42.690272586437821 ] } },
{ "type": "Feature", "properties": { "objectid": 151, "object_nam": "ДЯ №31", "object_nom": 31.0, "kod_rayon": "02", "adres": "бул. \"Цар Борис III\" № 41", "finansiran": "2", "detaili": "http://krasnoselo.net/content.php?cntid=30", "status": null, "type": "2", "dg_sofia_2023_hyperlink": "" }, "geometry": { "type": "Point", "coordinates": [ 23.294187705506111, 42.680635493732524 ] } },
{ "type": "Feature", "properties": { "objectid": 152, "object_nam": "СДЯ №35 \"Вълшебство\"", "object_nom": 35.0, "kod_rayon": "10", "adres": "ул. \"Орехова гора\" № 11", "finansiran": "2", "detaili": null, "status": null, "type": "2", "dg_sofia_2023_hyperlink": "" }, "geometry": { "type": "Point", "coordinates": [ 23.302786039238228, 42.671081371346183 ] } },
{ "type": "Feature", "properties": { "objectid": 153, "object_nam": "СДЯ №36 \"Слънчево зайче\"", "object_nom": 36.0, "kod_rayon": "08", "adres": "ул. \"Тодор Стоянов\" №15", "finansiran": "2", "detaili": "http://www.so-izgrev.bg/NEW_SITE/index.php?option=com_content&view=category&layout=blog&id=20&Itemid=246", "status": null, "type": "2", "dg_sofia_2023_hyperlink": "" }, "geometry": { "type": "Point", "coordinates": [ 23.360213165339438, 42.670931248421027 ] } },
{ "type": "Feature", "properties": { "objectid": 154, "object_nam": "СДЯ №38", "object_nom": 38.0, "kod_rayon": "22", "adres": "кв. Кремиковци, до бл.30", "finansiran": "2", "detaili": null, "status": null, "type": "2", "dg_sofia_2023_hyperlink": "" }, "geometry": { "type": "Point", "coordinates": [ 23.503207283520243, 42.783733203243415 ] } },
{ "type": "Feature", "properties": { "objectid": 155, "object_nam": "СДЯ №41 \"Ябълкова градина\"", "object_nom": 0.0, "kod_rayon": "19", "adres": "ж.к. Люлин, ул. \"Фортов път\" №10", "finansiran": "2", "detaili": null, "status": null, "type": "2", "dg_sofia_2023_hyperlink": "" }, "geometry": { "type": "Point", "coordinates": [ 23.257425063460222, 42.728390345931246 ] } },
{ "type": "Feature", "properties": { "objectid": 156, "object_nam": "СДЯ №44", "object_nom": 44.0, "kod_rayon": "23", "adres": "с. Бистрица, ул. \"Тинтява\" 8", "finansiran": "2", "detaili": null, "status": null, "type": "2", "dg_sofia_2023_hyperlink": "" }, "geometry": { "type": "Point", "coordinates": [ 23.36826071131156, 42.583472293388979 ] } },
{ "type": "Feature", "properties": { "objectid": 157, "object_nam": "СДЯ №45 \"Майор Франк Томпсън\"", "object_nom": 45.0, "kod_rayon": "09", "adres": "ул. \"Майор Томсън\" №40", "finansiran": "2", "detaili": null, "status": null, "type": "2", "dg_sofia_2023_hyperlink": "" }, "geometry": { "type": "Point", "coordinates": [ 23.323110893065678, 42.668938749649435 ] } },
{ "type": "Feature", "properties": { "objectid": 158, "object_nam": "СДЯ №46 \"Мики Маус\"", "object_nom": 46.0, "kod_rayon": "09", "adres": "ул. \"Свети Наум\" №56", "finansiran": "2", "detaili": null, "status": null, "type": "2", "dg_sofia_2023_hyperlink": "" }, "geometry": { "type": "Point", "coordinates": [ 23.329999225372536, 42.677430557428856 ] } },
{ "type": "Feature", "properties": { "objectid": 159, "object_nam": "СДЯ №48", "object_nom": 48.0, "kod_rayon": "11", "adres": "ж.к. Западен парк, ул. \"Суходолска\" №2", "finansiran": "2", "detaili": "http://krasnapoliana.com/education/kindergartens", "status": null, "type": "2", "dg_sofia_2023_hyperlink": "" }, "geometry": { "type": "Point", "coordinates": [ 23.283274944479736, 42.701134357769767 ] } },
{ "type": "Feature", "properties": { "objectid": 160, "object_nam": "СДЯ №51", "object_nom": 51.0, "kod_rayon": "11", "adres": "ж.к. Западен парк, ул. \"Братин дол\" №29", "finansiran": "2", "detaili": "http://krasnapoliana.com/education/kindergartens", "status": null, "type": "2", "dg_sofia_2023_hyperlink": "" }, "geometry": { "type": "Point", "coordinates": [ 23.28084585367824, 42.698662591994676 ] } },
{ "type": "Feature", "properties": { "objectid": 161, "object_nam": "СДЯ №56 Калина", "object_nom": 56.0, "kod_rayon": "07", "adres": "ул. \"Елисавета Багряна\" № 9", "finansiran": "2", "detaili": "https://www.so-slatina.org/obrazovanie/obshtinski-uchilishta/detski-yasli.html", "status": null, "type": "2", "dg_sofia_2023_hyperlink": "" }, "geometry": { "type": "Point", "coordinates": [ 23.360030291681404, 42.680143342620127 ] } },
{ "type": "Feature", "properties": { "objectid": 162, "object_nam": "СДЯ №57 \"Приказка\"", "object_nom": 57.0, "kod_rayon": "07", "adres": "ул. \"Хр. Максимов\" №12", "finansiran": "2", "detaili": null, "status": null, "type": "2", "dg_sofia_2023_hyperlink": "" }, "geometry": { "type": "Point", "coordinates": [ 23.355739490669283, 42.686117315307712 ] } },
{ "type": "Feature", "properties": { "objectid": 163, "object_nam": "СДЯ №58", "object_nom": 58.0, "kod_rayon": "06", "adres": "ул. \"Баба Вида\" №18", "finansiran": "2", "detaili": null, "status": null, "type": "2", "dg_sofia_2023_hyperlink": "" }, "geometry": { "type": "Point", "coordinates": [ 23.356250132543366, 42.7077364957279 ] } },
{ "type": "Feature", "properties": { "objectid": 164, "object_nam": "СДЯ №63 \"Беборани\"", "object_nom": 63.0, "kod_rayon": "06", "adres": "ул. \"Иван Шонев\" №8", "finansiran": "2", "detaili": null, "status": null, "type": "2", "dg_sofia_2023_hyperlink": "" }, "geometry": { "type": "Point", "coordinates": [ 23.36880172797925, 42.703519187464316 ] } },
{ "type": "Feature", "properties": { "objectid": 165, "object_nam": "СДЯ №66", "object_nom": 66.0, "kod_rayon": "18", "adres": "ул. \"681\" №5", "finansiran": "2", "detaili": null, "status": null, "type": "2", "dg_sofia_2023_hyperlink": "" }, "geometry": { "type": "Point", "coordinates": [ 23.264477231039773, 42.680671645535206 ] } },
{ "type": "Feature", "properties": { "objectid": 166, "object_nam": "СДЯ №70 \"Мечо Пух\"", "object_nom": 70.0, "kod_rayon": "05", "adres": "ул. \"Ком\" № 24", "finansiran": "2", "detaili": null, "status": null, "type": "2", "dg_sofia_2023_hyperlink": "" }, "geometry": { "type": "Point", "coordinates": [ 23.337382736341247, 42.724279752388298 ] } },
{ "type": "Feature", "properties": { "objectid": 167, "object_nam": "СДЯ №128 \"Слънце\"", "object_nom": 128.0, "kod_rayon": "19", "adres": "ж.к. Люлин 3, ул. \"Никола Обретенов\", №5", "finansiran": "2", "detaili": "http://www.lyulin.bg/institutsii-v-rajona/obrazovanie-kultura-i-sport/detski-yasli-i-gradini.html", "status": null, "type": "2", "dg_sofia_2023_hyperlink": "" }, "geometry": { "type": "Point", "coordinates": [ 23.246651126929244, 42.720896768447808 ] } },
{ "type": "Feature", "properties": { "objectid": 168, "object_nam": "ДГ №86 \"Асен Босев\"", "object_nom": 86.0, "kod_rayon": "19", "adres": "ул. \"Тома Давидов\" №44", "finansiran": "2", "detaili": "https://www.sofia.bg/documents/20182/887144/DG86-2017.pdf/08d4d6da-3ad5-472c-90d5-ae3e3cdd375a", "status": null, "type": "4", "dg_sofia_2023_hyperlink": "http://www.dg86-asenbosev.com/" }, "geometry": { "type": "Point", "coordinates": [ 23.269936198851866, 42.714635455149278 ] } },
{ "type": "Feature", "properties": { "objectid": 169, "object_nam": "ДГ №158 \"Зора\"", "object_nom": 158.0, "kod_rayon": "12", "adres": "ул. \"Билянини извори\"  №6", "finansiran": "2", "detaili": "https://www.sofia.bg/documents/20182/887165/DG158-2017.pdf/d8fe23bf-9bb8-4e70-a9b8-0e8c911dfb72", "status": null, "type": "4", "dg_sofia_2023_hyperlink": "" }, "geometry": { "type": "Point", "coordinates": [ 23.290804378591094, 42.715953386293883 ] } },
{ "type": "Feature", "properties": { "objectid": 170, "object_nam": "ДГ №48 \"Братя Грим\"", "object_nom": 48.0, "kod_rayon": "05", "adres": "ул. \"Марин  Христов\" №5", "finansiran": "2", "detaili": "https://www.sofia.bg/documents/20182/887141/DG48-2017.pdf/876ad6ec-b8f3-43be-9d01-de8a7757ddf1", "status": null, "type": "4", "dg_sofia_2023_hyperlink": "http://odz48.com/" }, "geometry": { "type": "Point", "coordinates": [ 23.300994073023976, 42.714206961730504 ] } },
{ "type": "Feature", "properties": { "objectid": 171, "object_nam": "ДГ №53 \"Дядовата ръкавичка\"", "object_nom": 53.0, "kod_rayon": "05", "adres": "ул. \"Иван Тургенев\" №10", "finansiran": "2", "detaili": "https://www.sofia.bg/documents/20182/887141/DG53-2017.pdf/f7c695d6-f9a8-4b58-84a1-1172e54f01aa", "status": null, "type": "4", "dg_sofia_2023_hyperlink": "" }, "geometry": { "type": "Point", "coordinates": [ 23.310779817499064, 42.71354914403728 ] } },
{ "type": "Feature", "properties": { "objectid": 172, "object_nam": "ДГ № 199 \"Сарагоса\"", "object_nom": 199.0, "kod_rayon": "05", "adres": "ул. \"Струга\" №15А", "finansiran": "2", "detaili": "https://www.sofia.bg/documents/20182/887141/DG199-2017.pdf/3a0c9520-1b61-49d6-bbe6-30c13d3b94e6", "status": null, "type": "4", "dg_sofia_2023_hyperlink": "http://saragosa199.com/" }, "geometry": { "type": "Point", "coordinates": [ 23.315186764094815, 42.70964364186559 ] } },
{ "type": "Feature", "properties": { "objectid": 173, "object_nam": "ДГ №104 \"Моят свят\"", "object_nom": 104.0, "kod_rayon": "04", "adres": "ул. \"Чумерна\" №15", "finansiran": "2", "detaili": "https://www.sofia.bg/documents/20182/887135/DG104-092017.pdf/cdf508af-1b87-452c-9046-8907d182968b", "status": null, "type": "1", "dg_sofia_2023_hyperlink": "https://cdg104.info/" }, "geometry": { "type": "Point", "coordinates": [ 23.331999460482606, 42.702255237125058 ] } },
{ "type": "Feature", "properties": { "objectid": 174, "object_nam": "ДГ №51 \"Щурче\"", "object_nom": 51.0, "kod_rayon": "12", "adres": "ул. \"Цар Симеон\" №271", "finansiran": "2", "detaili": "https://www.sofia.bg/documents/20182/887165/DG51-2017.pdf/9b7e1df9-3034-499a-8705-f682853238aa", "status": null, "type": "4", "dg_sofia_2023_hyperlink": "http://51odz.com/" }, "geometry": { "type": "Point", "coordinates": [ 23.289094133366824, 42.707729130351716 ] } },
{ "type": "Feature", "properties": { "objectid": 175, "object_nam": "ДГ № 52 \"Илинденче\"", "object_nom": 52.0, "kod_rayon": "12", "adres": "ул.\"Пловдив\" №25", "finansiran": "2", "detaili": "https://www.sofia.bg/documents/20182/887165/DG52-2017.pdf/935a3ba9-b49f-4e4a-913f-8ddc79cf35bf", "status": null, "type": "4", "dg_sofia_2023_hyperlink": "https://ilindenche.net/" }, "geometry": { "type": "Point", "coordinates": [ 23.297537041864111, 42.70937204440731 ] } },
{ "type": "Feature", "properties": { "objectid": 176, "object_nam": "ДГ №153 \"Света Троица\"", "object_nom": 153.0, "kod_rayon": "12", "adres": "ул. \"Цар Симеон\" №225", "finansiran": "2", "detaili": "https://www.sofia.bg/documents/20182/887165/DG153-2017.pdf/1f4b981b-906d-4a7a-829d-16d6c785bf8b", "status": null, "type": "1", "dg_sofia_2023_hyperlink": "http://cdg53.com/" }, "geometry": { "type": "Point", "coordinates": [ 23.29766106289264, 42.704956609712227 ] } },
{ "type": "Feature", "properties": { "objectid": 177, "object_nam": "ДГ № 45 \"Алиса\"", "object_nom": 45.0, "kod_rayon": "05", "adres": "ул.\"Шумен\" №2", "finansiran": "2", "detaili": "https://www.sofia.bg/documents/20182/887141/DG45-2017.pdf/19d8751b-bd4f-4e40-b512-a4123dc7e387", "status": null, "type": "1", "dg_sofia_2023_hyperlink": "http://cdg45alisa.com/" }, "geometry": { "type": "Point", "coordinates": [ 23.306577676047059, 42.7074657668919 ] } },
{ "type": "Feature", "properties": { "objectid": 178, "object_nam": "ДГ №106 \"Княгиня Мария Луиза\"", "object_nom": 106.0, "kod_rayon": "05", "adres": "ул. \"Родопи\" №8", "finansiran": "2", "detaili": "https://www.sofia.bg/documents/20182/887141/DG106-2017.pdf/a9c62415-190b-446b-892e-9b783f68131d", "status": null, "type": "1", "dg_sofia_2023_hyperlink": "https://106dg.com/" }, "geometry": { "type": "Point", "coordinates": [ 23.32580139705874, 42.706208858233175 ] } },
{ "type": "Feature", "properties": { "objectid": 179, "object_nam": "ДГ №196 \"Шарл Перо\"", "object_nom": 196.0, "kod_rayon": "11", "adres": "ул.\"Братин дол\" №7", "finansiran": "2", "detaili": "https://www.sofia.bg/documents/20182/887159/DG+196-2017.pdf/667f7dc2-edd1-44e4-abf0-0503241f0013", "status": null, "type": "1", "dg_sofia_2023_hyperlink": "https://dugata.wordpress.com/" }, "geometry": { "type": "Point", "coordinates": [ 23.28432403387783, 42.69919737062726 ] } },
{ "type": "Feature", "properties": { "objectid": 180, "object_nam": "ДГ №130 \"Приказка\"", "object_nom": 130.0, "kod_rayon": "11", "adres": "ул.\"Суходолска\" №2", "finansiran": "2", "detaili": "https://www.sofia.bg/documents/20182/887159/DG130-2017.pdf/fc154eed-7725-4558-b089-dfc8e0269c0e", "status": null, "type": "1", "dg_sofia_2023_hyperlink": "" }, "geometry": { "type": "Point", "coordinates": [ 23.281667202118932, 42.703266009435083 ] } },
{ "type": "Feature", "properties": { "objectid": 181, "object_nam": "ДГ №169 \"Коледарче\"", "object_nom": 169.0, "kod_rayon": "11", "adres": "ул.\"Алеко Туранджа\" №4", "finansiran": "2", "detaili": "https://www.sofia.bg/documents/20182/887159/DG169-2017.pdf/fff260d7-9c98-4203-b954-eeeba7b0c6fe", "status": null, "type": "1", "dg_sofia_2023_hyperlink": "https://www.koledarche.com/" }, "geometry": { "type": "Point", "coordinates": [ 23.290323681444789, 42.699674559149685 ] } },
{ "type": "Feature", "properties": { "objectid": 182, "object_nam": "ДГ №120 \"Детство под липите\"", "object_nom": 120.0, "kod_rayon": "03", "adres": "ул.\"Позитано\" №125", "finansiran": "2", "detaili": "https://www.sofia.bg/documents/20182/887123/DG120-2017.pdf/08beabe2-8997-428d-bec9-c03f0871cb2a", "status": null, "type": "4", "dg_sofia_2023_hyperlink": "https://odz120.com/" }, "geometry": { "type": "Point", "coordinates": [ 23.299441711114564, 42.698987289511336 ] } },
{ "type": "Feature", "properties": { "objectid": 183, "object_nam": "ДГ  №81 \"Лилия\"", "object_nom": 81.0, "kod_rayon": "03", "adres": "ул. \"Одрин\" №62", "finansiran": "2", "detaili": "https://www.sofia.bg/documents/20182/887123/DG+81-2017.pdf/1cc537d6-b981-4cd9-a830-8d8af0bd092a", "status": null, "type": "4", "dg_sofia_2023_hyperlink": "https://www.odz81.com/" }, "geometry": { "type": "Point", "coordinates": [ 23.304100692604365, 42.697984187787114 ] } },
{ "type": "Feature", "properties": { "objectid": 184, "object_nam": "ДГ №194 \"Милувка\"", "object_nom": 194.0, "kod_rayon": "03", "adres": "ул.\"Овчо поле\" №123", "finansiran": "2", "detaili": "https://www.sofia.bg/documents/20182/887123/DG194-2017.pdf/9b811ded-2239-4174-9cba-8b0b00839c6d", "status": null, "type": "1", "dg_sofia_2023_hyperlink": "http://dg194.com/index.php/home" }, "geometry": { "type": "Point", "coordinates": [ 23.305715396781483, 42.702574993842404 ] } },
{ "type": "Feature", "properties": { "objectid": 185, "object_nam": "ДГ № 50 \"Зайчето Куики\"", "object_nom": 50.0, "kod_rayon": "03", "adres": "Зона Б-5, ул. \"Осогово\" №1", "finansiran": "2", "detaili": "https://www.sofia.bg/documents/20182/887123/DG50-2017.pdf/19d5476b-4d7e-45e9-8ac1-a6bc0024feac", "status": null, "type": "4", "dg_sofia_2023_hyperlink": "http://odz50.bg/" }, "geometry": { "type": "Point", "coordinates": [ 23.306680691019377, 42.697135161261457 ] } },
{ "type": "Feature", "properties": { "objectid": 186, "object_nam": "ДГ №119 \"Детска планета\"", "object_nom": 119.0, "kod_rayon": "03", "adres": "ул.\"Брегалница\" №26", "finansiran": "2", "detaili": "https://www.sofia.bg/documents/20182/887123/DG119-092017.pdf/6ed1fb76-aebf-4bd6-a321-540739f690bd", "status": null, "type": "1", "dg_sofia_2023_hyperlink": "http://cdg119.idwebbg.com/" }, "geometry": { "type": "Point", "coordinates": [ 23.307289795632197, 42.699687215693231 ] } },
{ "type": "Feature", "properties": { "objectid": 187, "object_nam": "ДГ № 195 \"Братя Мормареви\"", "object_nom": 195.0, "kod_rayon": "04", "adres": "ул. \"Врабча\" №7", "finansiran": "2", "detaili": "https://www.sofia.bg/documents/20182/887135/DG195-2017.pdf/a603ee57-9a28-43cd-b7d1-9fabf35f48d5", "status": null, "type": "4", "dg_sofia_2023_hyperlink": "http://dg195.com/" }, "geometry": { "type": "Point", "coordinates": [ 23.331473746149609, 42.697644531869329 ] } },
{ "type": "Feature", "properties": { "objectid": 188, "object_nam": "ДГ №151 \"Леда Милева\"", "object_nom": 151.0, "kod_rayon": "04", "adres": "ул. \"Мърфи\" №1", "finansiran": "2", "detaili": "https://www.sofia.bg/documents/20182/887135/DG151-2017.pdf/4e3110be-07d4-4a01-a86e-c047fa68a31c", "status": null, "type": "4", "dg_sofia_2023_hyperlink": "https://dg151.eu/" }, "geometry": { "type": "Point", "coordinates": [ 23.34791831416182, 42.694722985294405 ] } },
{ "type": "Feature", "properties": { "objectid": 189, "object_nam": "ДГ №191 \"Приказка без край\"", "object_nom": 191.0, "kod_rayon": "04", "adres": "ул. \"Мадарски конник\" №7", "finansiran": "2", "detaili": "https://www.sofia.bg/documents/20182/887135/DG191-2017.pdf/7c25b24b-160a-4238-b88e-0367470d6669", "status": null, "type": "4", "dg_sofia_2023_hyperlink": "https://www.odz60.com/" }, "geometry": { "type": "Point", "coordinates": [ 23.350036694945022, 42.697283019408701 ] } },
{ "type": "Feature", "properties": { "objectid": 190, "object_nam": "ДГ №155 \"Веселина\"", "object_nom": 155.0, "kod_rayon": "07", "adres": "ул. \"Георги Минчев\" №35", "finansiran": "2", "detaili": "https://www.sofia.bg/documents/20182/887138/DG155-2017.pdf/6607bf4f-4530-4d68-b526-e91e4bdfc596", "status": null, "type": "1", "dg_sofia_2023_hyperlink": "https://dg155.com/" }, "geometry": { "type": "Point", "coordinates": [ 23.362446027921266, 42.689489267482699 ] } },
{ "type": "Feature", "properties": { "objectid": 191, "object_nam": "ДГ №9 \"Пламъче\"", "object_nom": 9.0, "kod_rayon": "18", "adres": "ул.\"Овчо поле\" №16", "finansiran": "2", "detaili": "https://www.sofia.bg/documents/20182/887174/DG9-2017.pdf/3b298759-53d9-48c3-a276-df16f1e3074f", "status": null, "type": "1", "dg_sofia_2023_hyperlink": "https://dg-9.eu/" }, "geometry": { "type": "Point", "coordinates": [ 23.225925575721643, 42.694385663940139 ] } },
{ "type": "Feature", "properties": { "objectid": 192, "object_nam": "ДГ №54 \"Дъга\"", "object_nom": 54.0, "kod_rayon": "11", "adres": "ул. \"Уста Генчо\" №4А", "finansiran": "2", "detaili": "https://www.sofia.bg/documents/20182/887159/DG54-2017.pdf/83471150-af27-401a-b0c9-a40033862bfa", "status": null, "type": "4", "dg_sofia_2023_hyperlink": "https://dg54-daga.com/" }, "geometry": { "type": "Point", "coordinates": [ 23.284398478679339, 42.692179011025793 ] } },
{ "type": "Feature", "properties": { "objectid": 193, "object_nam": "ДГ №187 \"Жар птица\"", "object_nom": 187.0, "kod_rayon": "11", "adres": "ул. \"Добротич\" №48", "finansiran": "2", "detaili": "https://www.sofia.bg/documents/20182/887159/DG187-2017.pdf/a17cb30d-ae75-4f43-b0cf-be0e84a552e8", "status": null, "type": "4", "dg_sofia_2023_hyperlink": "https://dg187jarptica.com/" }, "geometry": { "type": "Point", "coordinates": [ 23.279737006306998, 42.695345612575998 ] } },
{ "type": "Feature", "properties": { "objectid": 194, "object_nam": "ДГ №126 \"Тинтява\"", "object_nom": 126.0, "kod_rayon": "11", "adres": "ул. \"Спас Вацов\" №1", "finansiran": "2", "detaili": "https://www.sofia.bg/documents/20182/887159/DG+126-2017.pdf/d39de306-d2ef-4fab-b177-01103d311ee1", "status": null, "type": "1", "dg_sofia_2023_hyperlink": "https://onlinebulgaria.wixsite.com/126tintqva" }, "geometry": { "type": "Point", "coordinates": [ 23.28204649779698, 42.695000184928141 ] } },
{ "type": "Feature", "properties": { "objectid": 195, "object_nam": "ДГ №119 \"Детска планета\" - втора сграда", "object_nom": 119.0, "kod_rayon": "03", "adres": "ул. \"Гюешево\" №78", "finansiran": "2", "detaili": "https://www.sofia.bg/documents/20182/887123/DG119-092017.pdf/6ed1fb76-aebf-4bd6-a321-540739f690bd", "status": null, "type": "1", "dg_sofia_2023_hyperlink": "http://cdg119.idwebbg.com/" }, "geometry": { "type": "Point", "coordinates": [ 23.295757999684817, 42.693057999765323 ] } },
{ "type": "Feature", "properties": { "objectid": 196, "object_nam": "ДГ №107\"Бон-бон\"", "object_nom": 107.0, "kod_rayon": "02", "adres": "ул.\"Григор Пърличев\" №10", "finansiran": "2", "detaili": "https://www.sofia.bg/documents/20182/887129/DG107-2017.pdf/244ababc-4f09-4553-9f35-940991a78ad9", "status": null, "type": "1", "dg_sofia_2023_hyperlink": "" }, "geometry": { "type": "Point", "coordinates": [ 23.310186811733125, 42.695022994339062 ] } },
{ "type": "Feature", "properties": { "objectid": 197, "object_nam": "ДГ № 85 \"Родина\"", "object_nom": 85.0, "kod_rayon": "02", "adres": "ул.\"Дамян Груев\" №44", "finansiran": "2", "detaili": "https://www.sofia.bg/documents/20182/887129/DG85-2017.pdf/10c2b13c-8924-43c3-b200-17d12697a7ea", "status": null, "type": "1", "dg_sofia_2023_hyperlink": "https://dg85rodina.bg/" }, "geometry": { "type": "Point", "coordinates": [ 23.307774219109351, 42.693321761388439 ] } },
{ "type": "Feature", "properties": { "objectid": 198, "object_nam": "ДГ № 159 \"Олимпийче\"", "object_nom": 159.0, "kod_rayon": "01", "adres": "ул. \"Уилям Гладстон\" № 38", "finansiran": "2", "detaili": "https://www.sofia.bg/documents/20182/887126/DG159-2017.pdf/9dc2c91a-3921-47a9-a8de-aa6d8521f205", "status": null, "type": "1", "dg_sofia_2023_hyperlink": "https://dg-159.com/" }, "geometry": { "type": "Point", "coordinates": [ 23.32026811820614, 42.691355324044522 ] } },
{ "type": "Feature", "properties": { "objectid": 199, "object_nam": "ДГ № 113 \"Преспа\"", "object_nom": 113.0, "kod_rayon": "01", "adres": "ул. \"Преспа\" №3", "finansiran": "2", "detaili": "https://www.sofia.bg/documents/20182/887126/DG113-092017.pdf/c7e42bc3-ae19-48f4-b1fd-633a559a3741", "status": null, "type": "1", "dg_sofia_2023_hyperlink": "https://dg113-prespa.eu/" }, "geometry": { "type": "Point", "coordinates": [ 23.326413755820081, 42.689453513868841 ] } },
{ "type": "Feature", "properties": { "objectid": 200, "object_nam": "ДГ №77 \"Магнолия\"", "object_nom": 77.0, "kod_rayon": "01", "adres": "ул. \"Мизия\" №6", "finansiran": "2", "detaili": "https://www.sofia.bg/documents/20182/887126/DG+77-2017.pdf/da95cb2a-ee91-46c1-8f48-be689b657df0", "status": null, "type": "1", "dg_sofia_2023_hyperlink": "http://www.cdg77-magnolia.com/" }, "geometry": { "type": "Point", "coordinates": [ 23.344331912632114, 42.689853708606172 ] } },
{ "type": "Feature", "properties": { "objectid": 201, "object_nam": "ДГ №154 \"Сбъдната мечта\"", "object_nom": 154.0, "kod_rayon": "07", "adres": "ул. \"Слатинска\" №60", "finansiran": "2", "detaili": "https://www.sofia.bg/documents/20182/887138/DG154-2017.pdf/4413e453-e632-4e83-a3e8-ee37dc68409f", "status": null, "type": "1", "dg_sofia_2023_hyperlink": "https://dg-154.com/" }, "geometry": { "type": "Point", "coordinates": [ 23.371291446824976, 42.685848304808047 ] } },
{ "type": "Feature", "properties": { "objectid": 202, "object_nam": "ДГ №65 \"Слънчево детство\"", "object_nom": 65.0, "kod_rayon": "07", "adres": "ул. \"Александър Момчев\" №2", "finansiran": "2", "detaili": "https://www.sofia.bg/documents/20182/887138/DG65-2017.pdf/0c49abcc-543d-4f71-bb41-d3b8cc8c4706", "status": null, "type": "4", "dg_sofia_2023_hyperlink": "https://dg65.bg/" }, "geometry": { "type": "Point", "coordinates": [ 23.373365807623539, 42.685271724668254 ] } },
{ "type": "Feature", "properties": { "objectid": 203, "object_nam": "ДГ №61 \"Шарено петле\"", "object_nom": 61.0, "kod_rayon": "07", "adres": "ул. \"Камчия\" 1", "finansiran": "2", "detaili": "https://www.sofia.bg/documents/20182/887138/DG61-092017.pdf/0cc904c6-e063-41fe-8ca8-7948721a4c3e", "status": null, "type": "4", "dg_sofia_2023_hyperlink": "http://dg61slatina.com" }, "geometry": { "type": "Point", "coordinates": [ 23.37668738417679, 42.682272687509268 ] } },
{ "type": "Feature", "properties": { "objectid": 204, "object_nam": "ДГ №142", "object_nom": 142.0, "kod_rayon": "02", "adres": "бул.\"Цар Борис III\" №54а", "finansiran": "2", "detaili": "https://www.sofia.bg/documents/20182/887129/DG142-2017.pdf/8c13e213-50b0-4764-a79a-972c9f6782fe", "status": null, "type": "1", "dg_sofia_2023_hyperlink": "https://dg142.bg/" }, "geometry": { "type": "Point", "coordinates": [ 23.289551566360299, 42.684790761509689 ] } },
{ "type": "Feature", "properties": { "objectid": 205, "object_nam": "ЧДГ \"101Защо\"", "object_nom": 0.0, "kod_rayon": "02", "adres": "ж.к. Красно село, ул. \"656-та\" №8,", "finansiran": "3", "detaili": "http://89.252.196.217/Schools/schinfo?17057", "status": null, "type": "1", "dg_sofia_2023_hyperlink": "https://www.101dg.org/" }, "geometry": { "type": "Point", "coordinates": [ 23.283690898588539, 42.674563008114227 ] } },
{ "type": "Feature", "properties": { "objectid": 206, "object_nam": "ДГ № 124 „Бърборино\"", "object_nom": 124.0, "kod_rayon": "02", "adres": "ул. \"Захари Kруша\" №20", "finansiran": "2", "detaili": "https://www.sofia.bg/documents/20182/887129/DG124-092017.pdf/b9f6c689-4835-4896-aa0d-d071cac966dd", "status": null, "type": "1", "dg_sofia_2023_hyperlink": "https://124cdg.eu/bg/" }, "geometry": { "type": "Point", "coordinates": [ 23.302778916259683, 42.68561167506526 ] } },
{ "type": "Feature", "properties": { "objectid": 207, "object_nam": "ДГ №162 \"Вихрогонче\"", "object_nom": 162.0, "kod_rayon": "02", "adres": "ул. \"Урвич\" №12", "finansiran": "2", "detaili": "https://www.sofia.bg/documents/20182/887129/DG162-2017.pdf/2a5d3736-4520-46bf-ae69-100f5586322a", "status": null, "type": "1", "dg_sofia_2023_hyperlink": "http://dg162.net/" }, "geometry": { "type": "Point", "coordinates": [ 23.298548905506379, 42.681528717460509 ] } },
{ "type": "Feature", "properties": { "objectid": 208, "object_nam": "ДГ №134 \"Любопитко\"", "object_nom": 134.0, "kod_rayon": "02", "adres": "ул. \"Урвич\" №14", "finansiran": "2", "detaili": "https://www.sofia.bg/documents/20182/887129/DG134-2017.pdf/ff09face-333c-409c-99d4-3ffe0b8b6d85", "status": null, "type": "3", "dg_sofia_2023_hyperlink": "" }, "geometry": { "type": "Point", "coordinates": [ 23.297143132589255, 42.680759554352164 ] } },
{ "type": "Feature", "properties": { "objectid": 209, "object_nam": "ДГ №87 \"Буката\"", "object_nom": 87.0, "kod_rayon": "10", "adres": "ул. \"Цар Петър I\" №5", "finansiran": "2", "detaili": "https://www.sofia.bg/documents/20182/887156/DG87-2017.pdf/d3037577-20e4-4d85-8b9f-e1ec62da174c", "status": null, "type": "1", "dg_sofia_2023_hyperlink": "https://kgbukata.bg/" }, "geometry": { "type": "Point", "coordinates": [ 23.31276438152144, 42.686956631923216 ] } },
{ "type": "Feature", "properties": { "objectid": 210, "object_nam": "ДГ №192 \"Лозичка\"", "object_nom": 192.0, "kod_rayon": "09", "adres": "ул.\"Розова долина\" №12а", "finansiran": "2", "detaili": "https://www.sofia.bg/documents/20182/887153/DG192-2017.pdf/c0b13255-cf39-468a-8b4a-44356af307de", "status": null, "type": "1", "dg_sofia_2023_hyperlink": "http://www.dg192.com/" }, "geometry": { "type": "Point", "coordinates": [ 23.324087725097431, 42.681422277608412 ] } },
{ "type": "Feature", "properties": { "objectid": 211, "object_nam": "ДГ №19 \"Света София\"", "object_nom": 19.0, "kod_rayon": "09", "adres": "ул.\"Христо Смирненски\" №36", "finansiran": "2", "detaili": "https://www.sofia.bg/documents/20182/887153/DG19-2017.pdf/11aa3b52-2224-4363-a494-357ddb3667a0", "status": null, "type": "1", "dg_sofia_2023_hyperlink": "http://dg19svetasofia.info/" }, "geometry": { "type": "Point", "coordinates": [ 23.331060449021891, 42.682535114330754 ] } },
{ "type": "Feature", "properties": { "objectid": 212, "object_nam": "ДГ № 18 \"Детски свят\"", "object_nom": 18.0, "kod_rayon": "01", "adres": "ул. \"Георги Марков\" №2", "finansiran": "2", "detaili": "https://www.sofia.bg/documents/20182/887126/DG18-2017.pdf/80be0fed-b947-4287-b5f1-2c006c56a8db", "status": null, "type": "4", "dg_sofia_2023_hyperlink": "" }, "geometry": { "type": "Point", "coordinates": [ 23.346876108460322, 42.686076922980526 ] } },
{ "type": "Feature", "properties": { "objectid": 213, "object_nam": "ДГ №164 \"Зорница\"", "object_nom": 164.0, "kod_rayon": "18", "adres": "кв. Горна баня, ул. \"Мечево усое\" №6", "finansiran": "2", "detaili": "https://www.sofia.bg/documents/20182/887174/DG164-2017.pdf/489eee04-141d-429e-9275-da193ded4537", "status": null, "type": "4", "dg_sofia_2023_hyperlink": "http://dg164zornica.bg/" }, "geometry": { "type": "Point", "coordinates": [ 23.239210810553566, 42.673525869745347 ] } },
{ "type": "Feature", "properties": { "objectid": 214, "object_nam": "ЧДГЯ  \"Детска Академия\"", "object_nom": 0.0, "kod_rayon": "08", "adres": "бул. \"Цариградско шосе\" №32", "finansiran": "3", "detaili": "http://89.252.196.217/Schools/schinfo?65431", "status": null, "type": "1", "dg_sofia_2023_hyperlink": "http://toddlersacademy.eu/bg/" }, "geometry": { "type": "Point", "coordinates": [ 23.366669264695584, 42.668884643130838 ] } },
{ "type": "Feature", "properties": { "objectid": 215, "object_nam": "ЧЦДГ \"Херман Хесе\"", "object_nom": 0.0, "kod_rayon": "14", "adres": "ж.к. Дружба 1, ул. \"Тирана\" №63", "finansiran": "3", "detaili": "http://89.252.196.217/Schools/schinfo?81549", "status": "!closed?", "type": "1", "dg_sofia_2023_hyperlink": "https://www.uchilishtata.bg/%D1%87%D0%B0%D1%81%D1%82%D0%BD%D0%B0-%D1%86%D0%B5%D0%BB%D0%BE%D0%B4%D0%BD%D0%B5%D0%B2%D0%BD%D0%B0-%D0%B4%D0%B5%D1%82%D1%81%D0%BA%D0%B0-%D0%B3%D1%80%D0%B0%D0%B4%D0%B8%D0%BD%D0%B0-%D1%85%D0%B5%D1%80%D0%BC%D0%B0%D0%BD-%D1%85%D0%B5%D1%81%D0%B5---%D1%81%D0%BE%D1%84%D0%B8%D1%8F-%D1%83%D1%87%D0%B8%D0%BB%D0%B8%D1%89%D0%B52701.html" }, "geometry": { "type": "Point", "coordinates": [ 23.393499592569416, 42.664645075674621 ] } },
{ "type": "Feature", "properties": { "objectid": 216, "object_nam": "ДГ №197 \"Китна градина\"", "object_nom": 197.0, "kod_rayon": "19", "adres": "кв. Филиповци, ул.\"Поручик Хранов\" №5", "finansiran": "2", "detaili": "https://www.sofia.bg/documents/20182/887144/DG197-2017.pdf/4368d29e-1099-43bb-ba02-5bd9702fe3b1", "status": null, "type": "1", "dg_sofia_2023_hyperlink": "http://97.cdg.bg/" }, "geometry": { "type": "Point", "coordinates": [ 23.218953844455562, 42.719840125842026 ] } },
{ "type": "Feature", "properties": { "objectid": 217, "object_nam": "ДГ №125 \"Усмивка\"", "object_nom": 125.0, "kod_rayon": "18", "adres": "ул. \"Монтевидео\" №21", "finansiran": "2", "detaili": "https://www.sofia.bg/en/kinder-garden-ovcha-kupel", "status": null, "type": "1", "dg_sofia_2023_hyperlink": "https://125dg.com/" }, "geometry": { "type": "Point", "coordinates": [ 23.251731632842429, 42.680815032975694 ] } },
{ "type": "Feature", "properties": { "objectid": 218, "object_nam": "ДГ №136 \"Славия\"", "object_nom": 136.0, "kod_rayon": "02", "adres": "бул.\"Цар Борис III\" №130", "finansiran": "2", "detaili": "https://www.sofia.bg/documents/20182/887129/DG136-2017.pdf/59148444-7620-4273-a74d-876c1d413279", "status": null, "type": "1", "dg_sofia_2023_hyperlink": "http://dg136.com/" }, "geometry": { "type": "Point", "coordinates": [ 23.274487999761806, 42.675628999998722 ] } },
{ "type": "Feature", "properties": { "objectid": 219, "object_nam": "ДГ №67 \"Чучулига\"", "object_nom": 67.0, "kod_rayon": "02", "adres": "ул. \"Братя Бъкстон\" №16", "finansiran": "2", "detaili": "https://www.sofia.bg/documents/20182/887129/DG67-2017.pdf/1eed3d9b-a4dd-406f-9abc-415e486b7889", "status": null, "type": "1", "dg_sofia_2023_hyperlink": "https://dg67sf.com/" }, "geometry": { "type": "Point", "coordinates": [ 23.2771136570687, 42.671678832112789 ] } },
{ "type": "Feature", "properties": { "objectid": 220, "object_nam": "ДГ №2 \"Звънче\"", "object_nom": 2.0, "kod_rayon": "10", "adres": "ул. \"Златишки проход\" №57", "finansiran": "2", "detaili": "https://www.sofia.bg/documents/20182/887156/DG2-2017.pdf/ba90a523-b706-44ef-ac01-0526ed2d67fb", "status": null, "type": "4", "dg_sofia_2023_hyperlink": "https://dg2zvunche-sofia.com/" }, "geometry": { "type": "Point", "coordinates": [ 23.296260139684271, 42.669105059053727 ] } },
{ "type": "Feature", "properties": { "objectid": 221, "object_nam": "ДГ №99 \"Брезичка\" - основна сграда", "object_nom": 99.0, "kod_rayon": "02", "adres": "ул.\"Битоля\" №27", "finansiran": "2", "detaili": "https://www.sofia.bg/documents/20182/887129/DG99-2017.pdf/f21881b6-b797-429f-999b-9e015cc261db", "status": null, "type": "1", "dg_sofia_2023_hyperlink": "https://brezichka.com/" }, "geometry": { "type": "Point", "coordinates": [ 23.293373165286315, 42.674808120933385 ] } },
{ "type": "Feature", "properties": { "objectid": 222, "object_nam": "ДГ № 8 \"Проф. д-р Елка Петрова\"", "object_nom": 8.0, "kod_rayon": "02", "adres": "ул. \"Ген. Стефан Тошев\" №34", "finansiran": "2", "detaili": "https://www.sofia.bg/documents/20182/887129/DG8-092017.pdf/c92898f1-1b48-4e87-a4ca-8147c80c998e", "status": null, "type": "4", "dg_sofia_2023_hyperlink": "http://dg8.bg/" }, "geometry": { "type": "Point", "coordinates": [ 23.282855009743031, 42.670722919498694 ] } },
{ "type": "Feature", "properties": { "objectid": 223, "object_nam": "ДГ №143 \"Щурче\"", "object_nom": 143.0, "kod_rayon": "23", "adres": "с. Бистрица, ул. \"Тинтява\" №6", "finansiran": "2", "detaili": "https://www.sofia.bg/documents/20182/887177/DG143-2017.pdf/81c84a3a-9762-4d7b-b085-c5493fd8a6cc", "status": null, "type": "1", "dg_sofia_2023_hyperlink": "https://dg143-shturche.com/" }, "geometry": { "type": "Point", "coordinates": [ 23.361327667929945, 42.582533604971736 ] } },
{ "type": "Feature", "properties": { "objectid": 224, "object_nam": "ДГ №167 \"Малкият принц\"", "object_nom": 167.0, "kod_rayon": "10", "adres": "ул. \"Балша\" 6-8", "finansiran": "2", "detaili": "https://www.sofia.bg/documents/20182/887156/DG167-2017.pdf/974d384b-4dd2-430c-929c-36d6edaca108", "status": null, "type": "1", "dg_sofia_2023_hyperlink": "http://malkiyatprinc.eu/" }, "geometry": { "type": "Point", "coordinates": [ 23.308564080402899, 42.680275037107549 ] } },
{ "type": "Feature", "properties": { "objectid": 225, "object_nam": "ДГ №166 \"Веселушка\"", "object_nom": 166.0, "kod_rayon": "09", "adres": "ул. \"Горски пътник\" №23", "finansiran": "2", "detaili": "https://www.sofia.bg/documents/20182/887153/DG166-2017.pdf/2249f23f-059b-4d3b-a0b0-f4ad50cbabe4", "status": null, "type": "1", "dg_sofia_2023_hyperlink": "http://cdg166.com/" }, "geometry": { "type": "Point", "coordinates": [ 23.317835286049917, 42.673088855913349 ] } },
{ "type": "Feature", "properties": { "objectid": 226, "object_nam": "ДГ №111 \"Корабче\"", "object_nom": 111.0, "kod_rayon": "09", "adres": "ул.\"Кораб планина\" №42", "finansiran": "2", "detaili": "https://www.sofia.bg/documents/20182/887153/DG111-2017.pdf/874b4c0d-d602-4c67-9dbf-9be02b03ad76", "status": null, "type": "1", "dg_sofia_2023_hyperlink": "http://korabche.com/" }, "geometry": { "type": "Point", "coordinates": [ 23.327885326915666, 42.671753077051306 ] } },
{ "type": "Feature", "properties": { "objectid": 227, "object_nam": "ДГ №193 \"Славейче\"", "object_nom": 193.0, "kod_rayon": "09", "adres": "ул. \"Капитан Тодор Ночев\" №30", "finansiran": "2", "detaili": "https://www.sofia.bg/documents/20182/887153/DG193-2017.pdf/5ca8ec94-45e6-4dd1-b1ce-25a1361ba689", "status": null, "type": "1", "dg_sofia_2023_hyperlink": "https://www.dg193.com/" }, "geometry": { "type": "Point", "coordinates": [ 23.316435918739785, 42.668685022111262 ] } },
{ "type": "Feature", "properties": { "objectid": 228, "object_nam": "ДГ №184 \"Мечо Пух\"", "object_nom": 184.0, "kod_rayon": "07", "adres": "ул. \"Хемус\" №10", "finansiran": "2", "detaili": "https://www.sofia.bg/documents/20182/887138/DG184-2017.pdf/5f496158-396c-4e83-8b5e-ce634d25b840", "status": null, "type": "4", "dg_sofia_2023_hyperlink": "http://mechopuh.info/" }, "geometry": { "type": "Point", "coordinates": [ 23.357165000111284, 42.683311610657995 ] } },
{ "type": "Feature", "properties": { "objectid": 229, "object_nam": "ДГ №168 \"Слънчогледи\"", "object_nom": 168.0, "kod_rayon": "07", "adres": "ул. \"Постоянство\" №9", "finansiran": "2", "detaili": "https://www.sofia.bg/documents/20182/887138/DG168-2017.pdf/64ab47f4-bd22-4566-a871-821e34c75f92", "status": null, "type": "1", "dg_sofia_2023_hyperlink": "" }, "geometry": { "type": "Point", "coordinates": [ 23.361449655869066, 42.681348421440276 ] } },
{ "type": "Feature", "properties": { "objectid": 230, "object_nam": "ДГ №183 \"Щастливо детство\"", "object_nom": 183.0, "kod_rayon": "07", "adres": "ул.Галилео Галилей\" №30", "finansiran": "2", "detaili": "https://www.sofia.bg/documents/20182/887138/DG183-2017.pdf/07050de9-6d61-4bcb-880d-9ad9d85a1318", "status": null, "type": "1", "dg_sofia_2023_hyperlink": "http://dg-183.com/" }, "geometry": { "type": "Point", "coordinates": [ 23.361313876075524, 42.67789871114023 ] } },
{ "type": "Feature", "properties": { "objectid": 231, "object_nam": "ДГ №23 \"Здравец\"", "object_nom": 23.0, "kod_rayon": "08", "adres": "ул.\"Майор Ю. Гагарин\" №14-16", "finansiran": "2", "detaili": "https://www.sofia.bg/documents/20182/887150/DG23-102017.pdf/7e0978b4-25a3-49cb-a692-14b43cde38af", "status": null, "type": "4", "dg_sofia_2023_hyperlink": "https://dg-23.com/" }, "geometry": { "type": "Point", "coordinates": [ 23.35629585457087, 42.675628903116966 ] } },
{ "type": "Feature", "properties": { "objectid": 232, "object_nam": "ДГ №165 \"Латинка\"", "object_nom": 165.0, "kod_rayon": "08", "adres": "ул. \"Чарлз Дарвин\" №19", "finansiran": "2", "detaili": "https://www.sofia.bg/documents/20182/887150/DG165-2017.pdf/47d04d4f-24c7-4633-abc2-582a5d84d337", "status": null, "type": "1", "dg_sofia_2023_hyperlink": "http://cdg165.com/" }, "geometry": { "type": "Point", "coordinates": [ 23.353705403732125, 42.673687999676751 ] } },
{ "type": "Feature", "properties": { "objectid": 233, "object_nam": "ДГ №25 \"Изворче\"", "object_nom": 25.0, "kod_rayon": "24", "adres": "гр. Банкя, ул.\"Петко Д. Петков\" №15", "finansiran": "2", "detaili": "https://www.sofia.bg/documents/20182/887192/DG25-2017.pdf/5e73831b-7b84-4309-bf3d-bfbb98cbe060", "status": null, "type": "4", "dg_sofia_2023_hyperlink": "https://www.dg25.info/" }, "geometry": { "type": "Point", "coordinates": [ 23.141392937522188, 42.711306847180147 ] } },
{ "type": "Feature", "properties": { "objectid": 234, "object_nam": "ЧДГ \"Арлекино\"", "object_nom": 0.0, "kod_rayon": "20", "adres": "ж.к. \"Обеля\" 1, ул. \"18\" №3", "finansiran": "3", "detaili": "http://89.252.196.217/Schools/schinfo?91780", "status": null, "type": "1", "dg_sofia_2023_hyperlink": "https://www.facebook.com/people/%D0%A7%D0%B0%D1%81%D1%82%D0%BD%D0%B0-%D0%B4%D0%B5%D1%82%D1%81%D0%BA%D0%B0-%D0%B3%D1%80%D0%B0%D0%B4%D0%B8%D0%BD%D0%B0-%D0%90%D1%80%D0%BB%D0%B5%D0%BA%D0%B8%D0%BD%D0%BE/100069552964293/" }, "geometry": { "type": "Point", "coordinates": [ 23.266500552565482, 42.741353395417363 ] } },
{ "type": "Feature", "properties": { "objectid": 235, "object_nam": "ДГ №176 \"Зорница\" - филиал с. Волуяк", "object_nom": 176.0, "kod_rayon": "20", "adres": "с. Волуяк, ул. \"Зорница\" №42", "finansiran": "2", "detaili": "https://www.sofia.bg/documents/20182/887186/DG176-2017.pdf/cc8a542b-6464-4512-bc50-3da1f2da850c", "status": null, "type": "4", "dg_sofia_2023_hyperlink": "http://176.odz-bg.com/" }, "geometry": { "type": "Point", "coordinates": [ 23.24138160999231, 42.771321635700851 ] } },
{ "type": "Feature", "properties": { "objectid": 236, "object_nam": "ДГ №176 \"Зорница\"", "object_nom": 176.0, "kod_rayon": "20", "adres": "с. Мрамор, ул.\"Любен Каравелов\" №16", "finansiran": "2", "detaili": "https://www.sofia.bg/documents/20182/887186/DG176-2017.pdf/cc8a542b-6464-4512-bc50-3da1f2da850c", "status": null, "type": "4", "dg_sofia_2023_hyperlink": "http://176.odz-bg.com/" }, "geometry": { "type": "Point", "coordinates": [ 23.270950818088924, 42.785305107511057 ] } },
{ "type": "Feature", "properties": { "objectid": 237, "object_nam": "ДГ №1", "object_nom": 1.0, "kod_rayon": "03", "adres": "ул. \"Брегалница\" №48", "finansiran": "2", "detaili": "https://www.sofia.bg/documents/20182/887123/DG1-2017.pdf/f7f4d22d-2a9b-4f40-9fc4-dad90577cf16", "status": null, "type": "4", "dg_sofia_2023_hyperlink": "http://detskagradina-1.com/" }, "geometry": { "type": "Point", "coordinates": [ 23.308277582421809, 42.702809124209331 ] } },
{ "type": "Feature", "properties": { "objectid": 238, "object_nam": "ДГ №145 \"Българка\"", "object_nom": 145.0, "kod_rayon": "02", "adres": "бул. \"Никола Мушанов\" №151", "finansiran": "2", "detaili": "https://www.sofia.bg/documents/20182/887129/DG145-2017.pdf/6a120dd2-1e36-4aed-827a-2c9a2cdd9b1a", "status": null, "type": "1", "dg_sofia_2023_hyperlink": "https://dg145.bg/" }, "geometry": { "type": "Point", "coordinates": [ 23.276796424543594, 42.685282771770815 ] } },
{ "type": "Feature", "properties": { "objectid": 239, "object_nam": "ДГ №93 \"Чуден свят\"", "object_nom": 93.0, "kod_rayon": "02", "adres": "ул.\"Дебър\" №16, №22", "finansiran": "2", "detaili": "https://www.sofia.bg/documents/20182/887129/DG93-2017.pdf/c5e3d1b6-6af5-43ca-a892-34eecf598809", "status": null, "type": "4", "dg_sofia_2023_hyperlink": "http://dg93.bg/" }, "geometry": { "type": "Point", "coordinates": [ 23.2866428132177, 42.67618815412289 ] } },
{ "type": "Feature", "properties": { "objectid": 240, "object_nam": "ДГ № 80 \"Приказна калина\"", "object_nom": 80.0, "kod_rayon": "02", "adres": "ул. \"Видлич\" №2", "finansiran": "2", "detaili": "https://www.sofia.bg/documents/20182/887129/DG80-2017.pdf/85f36747-b370-4281-a413-c64d8cf0af37", "status": null, "type": "4", "dg_sofia_2023_hyperlink": "https://dg80-sofia.com/" }, "geometry": { "type": "Point", "coordinates": [ 23.291544311500797, 42.68022002346472 ] } },
{ "type": "Feature", "properties": { "objectid": 241, "object_nam": "ДГ №10 \"Чебурашка\"", "object_nom": 10.0, "kod_rayon": "16", "adres": "ул. \"Проф. арх. Станчо Белковски\" №16, до бл. 102", "finansiran": "2", "detaili": "https://www.sofia.bg/documents/20182/887171/DG10-2017.pdf/17e3df81-71c2-4fc5-bfc1-6afef704c4bd", "status": null, "type": "4", "dg_sofia_2023_hyperlink": "https://dg10-cheburashka.eu/" }, "geometry": { "type": "Point", "coordinates": [ 23.362066134626332, 42.663510860793373 ] } },
{ "type": "Feature", "properties": { "objectid": 242, "object_nam": "ДГ №3 \"Детелина\" - филиал експериментална сграда", "object_nom": 3.0, "kod_rayon": "23", "adres": "с.Казичене, ул. \"Хан Крум\" №2", "finansiran": "2", "detaili": "https://www.sofia.bg/documents/20182/887177/DG3-2017.pdf/457fd5f5-c4ed-4ac0-850c-ffeb0e2a466b", "status": null, "type": "1", "dg_sofia_2023_hyperlink": "https://dg3sofia.com/" }, "geometry": { "type": "Point", "coordinates": [ 23.465981737644231, 42.659403920622225 ] } },
{ "type": "Feature", "properties": { "objectid": 243, "object_nam": "ДГ №5 \"Надежда\" - бл.621, \"Връбница\" 2", "object_nom": 5.0, "kod_rayon": "20", "adres": "ж.к. \"Връбница\" 2, бл. 621, вх. А", "finansiran": "2", "detaili": "https://www.sofia.bg/documents/20182/887186/DG5-2017.pdf/fda73c0e-323c-4105-b2b5-c81155f8b1a3", "status": null, "type": "1", "dg_sofia_2023_hyperlink": "https://5dg.eu/" }, "geometry": { "type": "Point", "coordinates": [ 23.29075397272095, 42.740885248062121 ] } },
{ "type": "Feature", "properties": { "objectid": 244, "object_nam": "ДГ №5 \"Надежда\" - бл.102, \"Обеля\" 1", "object_nom": 5.0, "kod_rayon": "20", "adres": "ж.к. \"Обеля\" 1, бл. 102, вх. А и вх. Г", "finansiran": "2", "detaili": "https://www.sofia.bg/documents/20182/887186/DG5-2017.pdf/fda73c0e-323c-4105-b2b5-c81155f8b1a3", "status": null, "type": "1", "dg_sofia_2023_hyperlink": "https://5dg.eu/" }, "geometry": { "type": "Point", "coordinates": [ 23.267738818484084, 42.737204008504207 ] } },
{ "type": "Feature", "properties": { "objectid": 245, "object_nam": "ДГ №5 \"Надежда\" - бл.207, \"Обеля\" 2", "object_nom": 5.0, "kod_rayon": "20", "adres": "ж.к. \"Обеля\" 2, бл.207, вх.Б", "finansiran": "2", "detaili": "https://www.sofia.bg/documents/20182/887186/DG5-2017.pdf/fda73c0e-323c-4105-b2b5-c81155f8b1a3", "status": null, "type": "1", "dg_sofia_2023_hyperlink": "https://5dg.eu/" }, "geometry": { "type": "Point", "coordinates": [ 23.269673610635664, 42.74579736687312 ] } },
{ "type": "Feature", "properties": { "objectid": 246, "object_nam": "ДГ №110 \"Слънчева мечта\" - сграда 2", "object_nom": 110.0, "kod_rayon": "06", "adres": "ул. \"Вършец\" №11а", "finansiran": "2", "detaili": "https://www.sofia.bg/documents/20182/887132/DG110-2017.pdf/a8b22462-0ebd-4461-baa1-24d119891ff8", "status": null, "type": "4", "dg_sofia_2023_hyperlink": "http://slanchevamechta.com/" }, "geometry": { "type": "Point", "coordinates": [ 23.371462448618836, 42.698228136292883 ] } },
{ "type": "Feature", "properties": { "objectid": 247, "object_nam": "ДГ № 113 \"Преспа\"- филиал", "object_nom": 113.0, "kod_rayon": "01", "adres": "ул. \"Хан Аспарух\" №52", "finansiran": "2", "detaili": "https://www.sofia.bg/documents/20182/887126/DG113-092017.pdf/c7e42bc3-ae19-48f4-b1fd-633a559a3741", "status": null, "type": "1", "dg_sofia_2023_hyperlink": "https://dg113-prespa.eu/" }, "geometry": { "type": "Point", "coordinates": [ 23.323879491449073, 42.689138507473388 ] } },
{ "type": "Feature", "properties": { "objectid": 248, "object_nam": "ДГ №125 \"Усмивка\" - филиал", "object_nom": 125.0, "kod_rayon": "18", "adres": "бул.\"Никола Петков\" №90", "finansiran": "2", "detaili": "https://www.sofia.bg/en/kinder-garden-ovcha-kupel", "status": null, "type": "1", "dg_sofia_2023_hyperlink": "https://125dg.com/" }, "geometry": { "type": "Point", "coordinates": [ 23.251917223177369, 42.672045797229686 ] } },
{ "type": "Feature", "properties": { "objectid": 249, "object_nam": "ДГ №126 \"Тинтява\" - филиал", "object_nom": 126.0, "kod_rayon": "11", "adres": "ул. \"Проф. Вайганд\" №6", "finansiran": "2", "detaili": "https://www.sofia.bg/documents/20182/887159/DG+126-2017.pdf/d39de306-d2ef-4fab-b177-01103d311ee1", "status": null, "type": "1", "dg_sofia_2023_hyperlink": "https://onlinebulgaria.wixsite.com/126tintqva" }, "geometry": { "type": "Point", "coordinates": [ 23.280650524061141, 42.698193621758847 ] } },
{ "type": "Feature", "properties": { "objectid": 250, "object_nam": "ДГ №127 \"Слънце\" - сграда бл. 91Б", "object_nom": 127.0, "kod_rayon": "10", "adres": "ж.к. Стрелбище,  бл. 91, вх. Б", "finansiran": "2", "detaili": "https://www.sofia.bg/documents/20182/887156/DG127-2017.pdf/9fa00a8e-7951-4d39-863b-67dd212658bc", "status": null, "type": "4", "dg_sofia_2023_hyperlink": "http://dg127slantse.com" }, "geometry": { "type": "Point", "coordinates": [ 23.299330986936738, 42.674745207325927 ] } },
{ "type": "Feature", "properties": { "objectid": 251, "object_nam": "ДГ №127 \"Слънце\" - сграда бл. 93", "object_nom": 127.0, "kod_rayon": "10", "adres": "ж.к. Стрелбище, бл. 93, вх. А", "finansiran": "2", "detaili": "https://www.sofia.bg/documents/20182/887156/DG127-2017.pdf/9fa00a8e-7951-4d39-863b-67dd212658bc", "status": null, "type": "4", "dg_sofia_2023_hyperlink": "http://dg127slantse.com" }, "geometry": { "type": "Point", "coordinates": [ 23.298549456349239, 42.674407177756692 ] } },
{ "type": "Feature", "properties": { "objectid": 252, "object_nam": "ДГ №127 \"Слънце\" - сграда бл. 95", "object_nom": 127.0, "kod_rayon": "10", "adres": "ж.к. Стрелбище, ул. \"Тулча\" , бл. 95", "finansiran": "2", "detaili": "https://www.sofia.bg/documents/20182/887156/DG127-2017.pdf/9fa00a8e-7951-4d39-863b-67dd212658bc", "status": null, "type": "4", "dg_sofia_2023_hyperlink": "http://dg127slantse.com" }, "geometry": { "type": "Point", "coordinates": [ 23.299547529788942, 42.673316659662078 ] } },
{ "type": "Feature", "properties": { "objectid": 253, "object_nam": "ДГ №127 \"Слънце\" - сграда бл. 97", "object_nom": 127.0, "kod_rayon": "10", "adres": "ж.к. Стрелбище, бл. 97", "finansiran": "2", "detaili": "https://www.sofia.bg/documents/20182/887156/DG127-2017.pdf/9fa00a8e-7951-4d39-863b-67dd212658bc", "status": null, "type": "4", "dg_sofia_2023_hyperlink": "http://dg127slantse.com" }, "geometry": { "type": "Point", "coordinates": [ 23.301369421308838, 42.671971283257321 ] } },
{ "type": "Feature", "properties": { "objectid": 254, "object_nam": "ДГ №127 \"Слънце\"", "object_nom": 127.0, "kod_rayon": "10", "adres": "ул. \"Тулча\" №16", "finansiran": "2", "detaili": "https://www.sofia.bg/documents/20182/887156/DG127-2017.pdf/9fa00a8e-7951-4d39-863b-67dd212658bc", "status": null, "type": "4", "dg_sofia_2023_hyperlink": "http://dg127slantse.com" }, "geometry": { "type": "Point", "coordinates": [ 23.300413571791839, 42.674525652412399 ] } },
{ "type": "Feature", "properties": { "objectid": 255, "object_nam": "ДГ №129 \"Приказен свят\" - сграда бл. 6", "object_nom": 129.0, "kod_rayon": "10", "adres": "ул. \"Нишава\", бл. 6", "finansiran": "2", "detaili": "https://www.sofia.bg/documents/20182/887156/DG129-2017.pdf/65d22a8b-a8c5-455f-988c-6997036fe2c4", "status": null, "type": "1", "dg_sofia_2023_hyperlink": "https://129dg.bg/" }, "geometry": { "type": "Point", "coordinates": [ 23.303075096945594, 42.669600421778703 ] } },
{ "type": "Feature", "properties": { "objectid": 256, "object_nam": "ДГ №139 \"ПАНОРАМА\" - филиал", "object_nom": 139.0, "kod_rayon": "19", "adres": "ул. \"Луи Пастьор\" №3", "finansiran": "2", "detaili": "https://www.sofia.bg/documents/20182/887144/DG139-092017.pdf/d9303467-f59a-407b-87ed-429dddaf1792", "status": null, "type": "4", "dg_sofia_2023_hyperlink": "http://dg139-panorama.com/" }, "geometry": { "type": "Point", "coordinates": [ 23.272504357205946, 42.719119368412031 ] } },
{ "type": "Feature", "properties": { "objectid": 257, "object_nam": "ДГ № 142 сгр. Балкантон", "object_nom": 142.0, "kod_rayon": "02", "adres": "ул. \"Хайдушка поляна\" №4", "finansiran": "2", "detaili": "https://www.sofia.bg/documents/20182/887129/DG142-2017.pdf/8c13e213-50b0-4764-a79a-972c9f6782fe", "status": null, "type": "1", "dg_sofia_2023_hyperlink": "https://dg142.bg/" }, "geometry": { "type": "Point", "coordinates": [ 23.287504483935265, 42.683998022314647 ] } },
{ "type": "Feature", "properties": { "objectid": 258, "object_nam": "ДГ №99 \"Брезичка\" - сгради бл. 6", "object_nom": 99.0, "kod_rayon": "02", "adres": "ж.к. Бели брези, бул. \"България\" №166, бл. 6", "finansiran": "2", "detaili": "https://www.sofia.bg/documents/20182/887129/DG99-2017.pdf/f21881b6-b797-429f-999b-9e015cc261db", "status": null, "type": null, "dg_sofia_2023_hyperlink": "https://brezichka.com/" }, "geometry": { "type": "Point", "coordinates": [ 23.296075754524292, 42.676345184942406 ] } },
{ "type": "Feature", "properties": { "objectid": 259, "object_nam": "ДДЛРГ  \"Св. Иван Рилски\"", "object_nom": 0.0, "kod_rayon": "02", "adres": "бул. \"Цар Борис III\" 128", "finansiran": "2", "detaili": "http://milostiv.org/240", "status": null, "type": "4", "dg_sofia_2023_hyperlink": "http://dg136.com/" }, "geometry": { "type": "Point", "coordinates": [ 23.275694900137779, 42.675515497573691 ] } },
{ "type": "Feature", "properties": { "objectid": 260, "object_nam": "ЧДЯ \"Цветенце\"", "object_nom": 0.0, "kod_rayon": "02", "adres": "ж.к. Красно село, ул. \"Дочко Йорданов\" №60", "finansiran": "3", "detaili": null, "status": "!closed?", "type": "4", "dg_sofia_2023_hyperlink": "" }, "geometry": { "type": "Point", "coordinates": [ 23.288692300100873, 42.6737424445869 ] } },
{ "type": "Feature", "properties": { "objectid": 261, "object_nam": "\"Детска къща\" Център за настаняване от семеен тип", "object_nom": 0.0, "kod_rayon": "03", "adres": "ул. \"Охридско езеро\" №2", "finansiran": "3", "detaili": "https://www.sofia.bg/en/centers-for-family-type-accommodation", "status": "!no website, rename? Център за настаняване от семеен тип за деца без увреждания \"Детство\"", "type": null, "dg_sofia_2023_hyperlink": "https://www.odz81.com/" }, "geometry": { "type": "Point", "coordinates": [ 23.302307396215038, 42.695763719095083 ] } },
{ "type": "Feature", "properties": { "objectid": 262, "object_nam": "ДГ №100 \"Акад. Пенчо Райков\" - филиал-1", "object_nom": 100.0, "kod_rayon": "04", "adres": "ул. \"Велико Търново\" №4", "finansiran": "2", "detaili": "https://www.sofia.bg/documents/20182/887135/DG100-2017.pdf/30d544e4-60a3-402f-8743-825bc966e245", "status": null, "type": "4", "dg_sofia_2023_hyperlink": "https://dg100.eu/" }, "geometry": { "type": "Point", "coordinates": [ 23.34014778277637, 42.693879887111976 ] } },
{ "type": "Feature", "properties": { "objectid": 263, "object_nam": "ЧЦДГ \"Малки Чудеса\"", "object_nom": 0.0, "kod_rayon": "04", "adres": "ул. \"Оборище\" №22А", "finansiran": "3", "detaili": null, "status": null, "type": "1", "dg_sofia_2023_hyperlink": "https://chudesa.bg/" }, "geometry": { "type": "Point", "coordinates": [ 23.343423560729626, 42.69399662279077 ] } },
{ "type": "Feature", "properties": { "objectid": 264, "object_nam": "ДГ №87 \"Буката\" - филиал \"Тунджа\"", "object_nom": 87.0, "kod_rayon": "10", "adres": "ул. \"Тунджа\" №33", "finansiran": "2", "detaili": "https://www.sofia.bg/documents/20182/887156/DG87-2017.pdf/d3037577-20e4-4d85-8b9f-e1ec62da174c", "status": null, "type": "4", "dg_sofia_2023_hyperlink": "https://kgbukata.bg/" }, "geometry": { "type": "Point", "coordinates": [ 23.313143652994523, 42.686277084248353 ] } },
{ "type": "Feature", "properties": { "objectid": 265, "object_nam": "ДГ №127 \"Слънце\" - сграда бл. 91В", "object_nom": 127.0, "kod_rayon": "10", "adres": "ж.к. Стрелбище, бл. 91, вх. В", "finansiran": "2", "detaili": "https://www.sofia.bg/documents/20182/887156/DG127-2017.pdf/9fa00a8e-7951-4d39-863b-67dd212658bc", "status": null, "type": "4", "dg_sofia_2023_hyperlink": "http://dg127slantse.com" }, "geometry": { "type": "Point", "coordinates": [ 23.298951309280721, 42.674578399246009 ] } },
{ "type": "Feature", "properties": { "objectid": 266, "object_nam": "ДГ №129 \"Приказен свят\" - сграда бл. 5", "object_nom": 129.0, "kod_rayon": "10", "adres": "ул. \"Нишава\", бл. 5", "finansiran": "2", "detaili": "https://www.sofia.bg/documents/20182/887156/DG129-2017.pdf/65d22a8b-a8c5-455f-988c-6997036fe2c4", "status": null, "type": "1", "dg_sofia_2023_hyperlink": "https://129dg.bg/" }, "geometry": { "type": "Point", "coordinates": [ 23.302934854672497, 42.669081457904255 ] } },
{ "type": "Feature", "properties": { "objectid": 267, "object_nam": "ЧДГ \"Пролет\"", "object_nom": 0.0, "kod_rayon": "10", "adres": "ул. \"Луи Айер\" №69-71", "finansiran": "3", "detaili": "http://89.252.196.217/Schools/schinfo?31158", "status": null, "type": "1", "dg_sofia_2023_hyperlink": "http://prolet2006.com/" }, "geometry": { "type": "Point", "coordinates": [ 23.299565412532285, 42.658649487343027 ] } },
{ "type": "Feature", "properties": { "objectid": 268, "object_nam": "ДГ №128 \"Феникс\" - филиал", "object_nom": 128.0, "kod_rayon": "11", "adres": "ж.к. Западен парк, ул.\"Суходолска\" №2 (до бл. 110)", "finansiran": "2", "detaili": "https://www.sofia.bg/documents/20182/887159/DG128-2017.pdf/b6bf71c9-587d-4128-b57b-bcb1ab40f91e", "status": null, "type": "1", "dg_sofia_2023_hyperlink": "http://dg128feniks.com" }, "geometry": { "type": "Point", "coordinates": [ 23.277628875817918, 42.704134717483797 ] } },
{ "type": "Feature", "properties": { "objectid": 269, "object_nam": "ДГ №5 \"Надежда\" - бл.204, \"Обеля\" 2", "object_nom": 5.0, "kod_rayon": "20", "adres": "ж.к. \"Обеля\" 2, бл.204, вх.Б", "finansiran": "2", "detaili": "https://www.sofia.bg/documents/20182/887186/DG5-2017.pdf/fda73c0e-323c-4105-b2b5-c81155f8b1a3", "status": null, "type": null, "dg_sofia_2023_hyperlink": "https://5dg.eu/" }, "geometry": { "type": "Point", "coordinates": [ 23.271768478084187, 42.745093460384219 ] } },
{ "type": "Feature", "properties": { "objectid": 270, "object_nam": "ДГ №5 \"Надежда\" - бл.221, \"Обеля\" 2", "object_nom": 5.0, "kod_rayon": "20", "adres": "ж.к. \"Обеля\" 2, бл.221, вх.В", "finansiran": "2", "detaili": "https://www.sofia.bg/documents/20182/887186/DG5-2017.pdf/fda73c0e-323c-4105-b2b5-c81155f8b1a3", "status": null, "type": null, "dg_sofia_2023_hyperlink": "https://5dg.eu/" }, "geometry": { "type": "Point", "coordinates": [ 23.271758567863838, 42.746060975408341 ] } },
{ "type": "Feature", "properties": { "objectid": 271, "object_nam": "ДГ №5 \"Надежда\" - бл.214, \"Обеля\" 2", "object_nom": 5.0, "kod_rayon": "20", "adres": "ж.к. \"Обеля\" 2, бл.214, вх.Г", "finansiran": "2", "detaili": "https://www.sofia.bg/documents/20182/887186/DG5-2017.pdf/fda73c0e-323c-4105-b2b5-c81155f8b1a3", "status": null, "type": null, "dg_sofia_2023_hyperlink": "https://5dg.eu/" }, "geometry": { "type": "Point", "coordinates": [ 23.268935812501571, 42.747193876249327 ] } },
{ "type": "Feature", "properties": { "objectid": 272, "object_nam": "ДГ №161 \"Ласка\" - филиал 2", "object_nom": 161.0, "kod_rayon": "18", "adres": "бл. 611, вх.А", "finansiran": "2", "detaili": "https://www.sofia.bg/documents/20182/887174/DG161-2017.pdf/ec92978b-a5cc-4a68-bde8-d9ec59fc5b3e", "status": null, "type": null, "dg_sofia_2023_hyperlink": "https://dglaska.bg/" }, "geometry": { "type": "Point", "coordinates": [ 23.264809268437418, 42.683243759883112 ] } },
{ "type": "Feature", "properties": { "objectid": 273, "object_nam": "ЧДГ \"Малки Стъпки\"", "object_nom": 0.0, "kod_rayon": "16", "adres": "ул. \"Проф. арх. Станчо Беловски\" №1", "finansiran": "3", "detaili": "http://89.252.196.217/Schools/schinfo?43779", "status": "!closed?", "type": null, "dg_sofia_2023_hyperlink": "https://littlesteps.bg/bg/" }, "geometry": { "type": "Point", "coordinates": [ 23.363775937483872, 42.663395486585841 ] } },
{ "type": "Feature", "properties": { "objectid": 274, "object_nam": "ЧЦДГЯ \"Бръмбазък\"", "object_nom": 0.0, "kod_rayon": "04", "adres": "ул. \"Бачо Киро\" №66", "finansiran": "3", "detaili": "http://89.252.196.217/Schools/schinfo?35968", "status": null, "type": null, "dg_sofia_2023_hyperlink": "https://www.brambazak.bg/" }, "geometry": { "type": "Point", "coordinates": [ 23.326190711017361, 42.703384673174256 ] } },
{ "type": "Feature", "properties": { "objectid": 275, "object_nam": "ЧДГ \"Приятелска къща\"", "object_nom": 0.0, "kod_rayon": "17", "adres": "ул. \"Българска легия\" №2", "finansiran": "3", "detaili": "http://89.252.196.217/Schools/schinfo?55951", "status": "!closed?", "type": null, "dg_sofia_2023_hyperlink": "" }, "geometry": { "type": "Point", "coordinates": [ 23.280344926734902, 42.659130019545771 ] } },
{ "type": "Feature", "properties": { "objectid": 276, "object_nam": "ЧДГ \"Доверие\" - ясла", "object_nom": 0.0, "kod_rayon": "07", "adres": "ж.к. \"Редута\", ул. \"Детелин войвода\" №10", "finansiran": "3", "detaili": "http://89.252.196.217/Schools/schinfo?43544", "status": null, "type": null, "dg_sofia_2023_hyperlink": "http://www.doverie-bg.net/" }, "geometry": { "type": "Point", "coordinates": [ 23.36630193041351, 42.689475958050188 ] } },
{ "type": "Feature", "properties": { "objectid": 277, "object_nam": "ЧДГ \"В парка\"", "object_nom": 0.0, "kod_rayon": "09", "adres": "кв. Гоце Делчев, ул.\"Деян Белишки\" №2А, бл. 104", "finansiran": "2", "detaili": null, "status": null, "type": null, "dg_sofia_2023_hyperlink": "http://dgdetelina.com/" }, "geometry": { "type": "Point", "coordinates": [ 23.302268759978585, 42.664975517357028 ] } },
{ "type": "Feature", "properties": { "objectid": 278, "object_nam": "ЧДГ \"Руска школа\"", "object_nom": 0.0, "kod_rayon": "08", "adres": "ул. \"Фредерик Жолио Кюри\" №23", "finansiran": "3", "detaili": null, "status": null, "type": null, "dg_sofia_2023_hyperlink": "http://www.ruskashkola.com/" }, "geometry": { "type": "Point", "coordinates": [ 23.347646841168697, 42.669466171439367 ] } },
{ "type": "Feature", "properties": { "objectid": 279, "object_nam": "ЧДГ \"Д-р Петър Берон\"", "object_nom": 0.0, "kod_rayon": "09", "adres": "кв. Лозенец, ул.\"Флора Кънева\" №14", "finansiran": "3", "detaili": "http://89.252.196.217/Schools/schinfo?88321", "status": null, "type": null, "dg_sofia_2023_hyperlink": "https://dg-pberon.com/" }, "geometry": { "type": "Point", "coordinates": [ 23.31881949516465, 42.650509973493044 ] } },
{ "type": "Feature", "properties": { "objectid": 280, "object_nam": "ЧДГ \"Мечти\"", "object_nom": 0.0, "kod_rayon": "06", "adres": "ж.к. \"Хаджи Димитър\", ул. \"Васил Петлешков\" №78, ет.1", "finansiran": "3", "detaili": "http://89.252.196.217/Schools/schinfo?66929", "status": "!closed?", "type": null, "dg_sofia_2023_hyperlink": "http://chgrmechti.eu/" }, "geometry": { "type": "Point", "coordinates": [ 23.347294393888447, 42.707049434347439 ] } },
{ "type": "Feature", "properties": { "objectid": 281, "object_nam": "ЧДГ \"По-по-най\"", "object_nom": 0.0, "kod_rayon": "17", "adres": "кв. Драгалевци, ул. \"Крушова градина\" №1", "finansiran": "3", "detaili": "http://89.252.196.217/Schools/schinfo?68243", "status": "!closed?", "type": null, "dg_sofia_2023_hyperlink": "https://shkola.bg/%D0%B4%D0%B5%D1%82%D1%81%D0%BA%D0%B0%D0%B3%D1%80%D0%B0%D0%B4%D0%B8%D0%BD%D0%B0%D0%BF%D0%BE%D0%BF%D0%BE%D0%BD%D0%B0%D0%B9/" }, "geometry": { "type": "Point", "coordinates": [ 23.313655615973001, 42.62943335776383 ] } },
{ "type": "Feature", "properties": { "objectid": 282, "object_nam": "ЧДГ \"Светлина\"", "object_nom": 0.0, "kod_rayon": "16", "adres": "ул. \"Йозеф Валдхард\" №3", "finansiran": "2", "detaili": "http://89.252.196.217/Schools/schinfo?43522", "status": null, "type": null, "dg_sofia_2023_hyperlink": "" }, "geometry": { "type": "Point", "coordinates": [ 23.336766838271497, 42.649037563989836 ] } },
{ "type": "Feature", "properties": { "objectid": 283, "object_nam": "ЧДГЯ \"Вълшебно борче\"", "object_nom": 0.0, "kod_rayon": "15", "adres": "ж.к. Полигона, бл.40, партер", "finansiran": "3", "detaili": "http://89.252.196.217/Schools/schinfo?63072", "status": null, "type": null, "dg_sofia_2023_hyperlink": "https://borche.org/" }, "geometry": { "type": "Point", "coordinates": [ 23.382990036804799, 42.663410163533243 ] } },
{ "type": "Feature", "properties": { "objectid": 284, "object_nam": "ДГ №13 \"Калинка\"", "object_nom": 13.0, "kod_rayon": "14", "adres": "ж.к. Дружба 1, ул.\"5036\" №9", "finansiran": "2", "detaili": "https://www.sofia.bg/documents/20182/887162/DG13-2017.pdf/8a59a39c-80aa-4a14-a55f-7dca593575a2", "status": null, "type": null, "dg_sofia_2023_hyperlink": "https://www.kalinkabg.com/" }, "geometry": { "type": "Point", "coordinates": [ 23.389717839504552, 42.670224911907148 ] } },
{ "type": "Feature", "properties": { "objectid": 285, "object_nam": "ДГ №17 \"Мечо Пух\"", "object_nom": 17.0, "kod_rayon": "15", "adres": "ж.к. Младост 1, ул. \"Димитър Доспевски\" №27", "finansiran": "2", "detaili": "https://www.sofia.bg/documents/20182/887147/DG17-2017.pdf/ab66f89d-b094-43c4-8bd0-50d3a89f098e", "status": null, "type": null, "dg_sofia_2023_hyperlink": "http://dg17sofia.com" }, "geometry": { "type": "Point", "coordinates": [ 23.37960931497101, 42.65485934236775 ] } },
{ "type": "Feature", "properties": { "objectid": 286, "object_nam": "ДГ №36 \"Пеперуда\"", "object_nom": 36.0, "kod_rayon": "14", "adres": "ж.к. Дружба 1, ул. \"Иван Арабаджията\" №40", "finansiran": "2", "detaili": "https://www.sofia.bg/documents/20182/887162/DG36-2017.pdf/5e548321-2eee-4842-9a6a-556a37ebde3e", "status": null, "type": null, "dg_sofia_2023_hyperlink": "http://peperuda36.com/" }, "geometry": { "type": "Point", "coordinates": [ 23.395565480425219, 42.667099892334214 ] } },
{ "type": "Feature", "properties": { "objectid": 287, "object_nam": "ДГ №108 \"Детско царство\"", "object_nom": 108.0, "kod_rayon": "14", "adres": "ж.к. Дружба 1, ул.\"5048\" №5", "finansiran": "2", "detaili": "https://www.sofia.bg/documents/20182/887162/DG108-092017.pdf/88cf9607-ab64-4f30-a7c9-926f25d67a4d", "status": null, "type": null, "dg_sofia_2023_hyperlink": "https://dg-108.com/" }, "geometry": { "type": "Point", "coordinates": [ 23.398776310607204, 42.659708018485929 ] } },
{ "type": "Feature", "properties": { "objectid": 288, "object_nam": "ДГ №144 \"Ханс Кристиан Андерсен\"", "object_nom": 144.0, "kod_rayon": "14", "adres": "ж.к. Дружба 2, ул.\"Ханс Кристиан Андерсен\" №10", "finansiran": "2", "detaili": "https://www.sofia.bg/documents/20182/887162/DG144-2017.pdf/14bd7dfd-3934-4185-ac95-d1b465cb35a0", "status": null, "type": null, "dg_sofia_2023_hyperlink": "https://77-odz.com/" }, "geometry": { "type": "Point", "coordinates": [ 23.3996206450445, 42.651491559438128 ] } },
{ "type": "Feature", "properties": { "objectid": 289, "object_nam": "ДГ №12 \"Лилия\"", "object_nom": 12.0, "kod_rayon": "16", "adres": "кв. Младост 1, ул. \"Боян Дановски\" №3", "finansiran": "2", "detaili": "https://www.sofia.bg/documents/20182/887171/DG12-2017.pdf/4d16346a-5339-4d17-a1e7-2d9ddfa9390a", "status": null, "type": null, "dg_sofia_2023_hyperlink": "https://dglilia.bg/" }, "geometry": { "type": "Point", "coordinates": [ 23.363916363615061, 42.660944744708267 ] } },
{ "type": "Feature", "properties": { "objectid": 290, "object_nam": "ДГ №109 \"Зорница\"", "object_nom": 109.0, "kod_rayon": "15", "adres": "ж.к. Младост 1, ул. \"Детска приказка\" №4", "finansiran": "2", "detaili": "https://www.sofia.bg/documents/20182/887147/DG109-2017.pdf/38a36582-0518-4cf0-83a9-938da8060615", "status": null, "type": null, "dg_sofia_2023_hyperlink": "http://dg109-zornica.com/" }, "geometry": { "type": "Point", "coordinates": [ 23.369624924623487, 42.65131158023474 ] } },
{ "type": "Feature", "properties": { "objectid": 291, "object_nam": "ДГ №75 \"Сърчице\"", "object_nom": 75.0, "kod_rayon": "15", "adres": "ж.к. Младост 1А бл. 522, ул.\"Сърчице\" №4", "finansiran": "2", "detaili": "https://www.sofia.bg/documents/20182/887147/DG75-2017.pdf/36ad927b-055c-46a2-94f0-71979602c357", "status": null, "type": null, "dg_sofia_2023_hyperlink": "http://www.dg75.bg/" }, "geometry": { "type": "Point", "coordinates": [ 23.383985709679635, 42.650122337601417 ] } },
{ "type": "Feature", "properties": { "objectid": 292, "object_nam": "ДГ №79 \"Слънчице\"", "object_nom": 79.0, "kod_rayon": "16", "adres": "ул. \"Джон Ленън\" № 10", "finansiran": "2", "detaili": "https://www.sofia.bg/documents/20182/887171/DG79-2017.pdf/9f1d6871-6394-499f-967c-eddc6d5f092b", "status": null, "type": null, "dg_sofia_2023_hyperlink": "http://odz79.net/" }, "geometry": { "type": "Point", "coordinates": [ 23.339681375323725, 42.652370162146418 ] } },
{ "type": "Feature", "properties": { "objectid": 293, "object_nam": "ДГ №16 \"Приказен свят\" - основна сграда", "object_nom": 16.0, "kod_rayon": "16", "adres": "ж.к. Студентски град, ул. Атанас Манчев №1", "finansiran": "2", "detaili": "https://www.sofia.bg/documents/20182/887171/DG16-2017.pdf/5181f72f-e851-4db3-b04c-1686e7459b5a", "status": null, "type": null, "dg_sofia_2023_hyperlink": "http://odz16.com/" }, "geometry": { "type": "Point", "coordinates": [ 23.342477165734572, 42.648075744635356 ] } },
{ "type": "Feature", "properties": { "objectid": 314, "object_nam": "ДГ №171 \"Свобода\"", "object_nom": 171.0, "kod_rayon": "13", "adres": "ж.к. Свобода, ул. \"Петко Д. Петков\" №14", "finansiran": "2", "detaili": "https://www.sofia.bg/documents/20182/887168/DG171-092017.pdf/2d64e38c-37bb-42c4-b372-3cf48945b030", "status": null, "type": null, "dg_sofia_2023_hyperlink": "http://dg171-svoboda.com/" }, "geometry": { "type": "Point", "coordinates": [ 23.30426194674628, 42.738163291963701 ] } },
{ "type": "Feature", "properties": { "objectid": 294, "object_nam": "ДГ №186 „ДЕНИЦА”", "object_nom": 186.0, "kod_rayon": "15", "adres": "ж.к. Младост 2 до бл. 231, ул. \"Малкият принц\" №4", "finansiran": "2", "detaili": "https://www.sofia.bg/documents/20182/887147/DG186-2017.pdf/591a32f3-1483-4956-aaa9-c93c097326c3", "status": null, "type": null, "dg_sofia_2023_hyperlink": "http://denica186.com/" }, "geometry": { "type": "Point", "coordinates": [ 23.370124262402534, 42.646723282831672 ] } },
{ "type": "Feature", "properties": { "objectid": 295, "object_nam": "ДГ №56 \"Здравец\"", "object_nom": 56.0, "kod_rayon": "15", "adres": "ж.к. Младост 3, ул.“Д-р Николай Николаев“ №13", "finansiran": "2", "detaili": "https://www.sofia.bg/documents/20182/887147/DG56-092017.pdf/7ec969d6-a9ff-4926-bfbd-6dcbb927b6f0", "status": null, "type": null, "dg_sofia_2023_hyperlink": "http://dg56.vegastudio.bg/" }, "geometry": { "type": "Point", "coordinates": [ 23.377129429712745, 42.638922895148674 ] } },
{ "type": "Feature", "properties": { "objectid": 296, "object_nam": "ДГ №59 \"Елхица\"", "object_nom": 59.0, "kod_rayon": "15", "adres": "ж.к. Младост 3, ул. „Д-р Николай П. Николаев“ №11", "finansiran": "2", "detaili": "https://www.sofia.bg/documents/20182/887147/DG59-2017.pdf/c7e3095c-84df-48e0-8bc4-31b3676576b4", "status": null, "type": null, "dg_sofia_2023_hyperlink": "https://dg-59.com/" }, "geometry": { "type": "Point", "coordinates": [ 23.378359745019544, 42.639026200134133 ] } },
{ "type": "Feature", "properties": { "objectid": 297, "object_nam": "ДГ №185 \"ЗВЕЗДИЧКА\" - основната сграда", "object_nom": 185.0, "kod_rayon": "14", "adres": "ж.к. Дружба 2, ул. “Ханс Кристиан Андерсен” №6", "finansiran": "2", "detaili": "https://www.sofia.bg/documents/20182/887162/DG185-092017.pdf/5ec1de93-5dd6-419d-96bc-74c73e84ce59", "status": null, "type": null, "dg_sofia_2023_hyperlink": "https://dg185.bg/" }, "geometry": { "type": "Point", "coordinates": [ 23.399770828296756, 42.652440448382521 ] } },
{ "type": "Feature", "properties": { "objectid": 298, "object_nam": "ДГ №88 \"Детски рай\"", "object_nom": 88.0, "kod_rayon": "14", "adres": "ж.к. Дружба 2, ул.\"Димитър Пешев\" №21", "finansiran": "2", "detaili": "https://www.sofia.bg/documents/20182/887162/DG88-2017.pdf/8a90e868-9e7f-494a-af7f-75003af67495", "status": null, "type": null, "dg_sofia_2023_hyperlink": "http://www.odz88.com/" }, "geometry": { "type": "Point", "coordinates": [ 23.411310590618086, 42.643081267649123 ] } },
{ "type": "Feature", "properties": { "objectid": 299, "object_nam": "ДГ №21 \"Ежко Бежко\"", "object_nom": 21.0, "kod_rayon": "14", "adres": "ж.к. Дружба 1, ул. \"5016\" №3", "finansiran": "2", "detaili": "https://www.sofia.bg/documents/20182/887162/DG21-092017.pdf/038ab9dc-38b1-4713-837d-50dc357833da", "status": null, "type": null, "dg_sofia_2023_hyperlink": "" }, "geometry": { "type": "Point", "coordinates": [ 23.399902074870603, 42.668340315161025 ] } },
{ "type": "Feature", "properties": { "objectid": 300, "object_nam": "ДГ №178 \"Сребърно копитце\" - сграда 1", "object_nom": 178.0, "kod_rayon": "15", "adres": "ж.к. Младост 3, ул. \"Полк. Владимир Серафимов\" №10\r", "finansiran": "2", "detaili": "https://www.sofia.bg/documents/20182/887147/DG178-2017.pdf/62f41074-b78b-4af1-9973-c72458f163d9", "status": null, "type": null, "dg_sofia_2023_hyperlink": "http://odz178.deckagradina.info/" }, "geometry": { "type": "Point", "coordinates": [ 23.385231222689409, 42.643564238764434 ] } },
{ "type": "Feature", "properties": { "objectid": 301, "object_nam": "ДГ №83 \"Славейче\" - филиал", "object_nom": 83.0, "kod_rayon": "13", "adres": "кв. Требич, ул. \"Леденика\" №13", "finansiran": "2", "detaili": "https://www.sofia.bg/documents/20182/887168/DG83-2017.pdf/1a993e8f-7d90-4bb0-9c3c-04cbcab8f436", "status": null, "type": null, "dg_sofia_2023_hyperlink": "" }, "geometry": { "type": "Point", "coordinates": [ 23.312934385936046, 42.774414394690886 ] } },
{ "type": "Feature", "properties": { "objectid": 302, "object_nam": "ДГ №90 \"Веса Паспалеева\" - филиал", "object_nom": 90.0, "kod_rayon": "13", "adres": "ул. \"Бял люляк\" №19", "finansiran": "2", "detaili": "https://www.sofia.bg/documents/20182/887168/DG90-2017.pdf/350787cf-0bbb-4318-b1f5-bb5d88fc77ff", "status": null, "type": null, "dg_sofia_2023_hyperlink": "" }, "geometry": { "type": "Point", "coordinates": [ 23.295341034201151, 42.736042346077213 ] } },
{ "type": "Feature", "properties": { "objectid": 303, "object_nam": "ЧНДГ \"Увекинд\"", "object_nom": 0.0, "kod_rayon": "17", "adres": "кв. Бояна, ул. \"Деян Гьоров\" № 4 /бивша ул. 612/", "finansiran": "3", "detaili": "http://89.252.196.217/Schools/schinfo?51787", "status": "", "type": null, "dg_sofia_2023_hyperlink": "https://uwekind.com/curriculum/pre-school/" }, "geometry": { "type": "Point", "coordinates": [ 23.257336500390952, 42.653157056698092 ] } },
{ "type": "Feature", "properties": { "objectid": 304, "object_nam": "ДГ №188 \"Вяра, Надежда, Любов\"", "object_nom": 188.0, "kod_rayon": "15", "adres": "ж.к. Младост 4, ул. \"Бъднина\" №17\r", "finansiran": "2", "detaili": "https://www.sofia.bg/documents/20182/887147/DG188-2017.pdf/83da1b8e-9e5b-46a7-ab04-8148044080ff", "status": null, "type": null, "dg_sofia_2023_hyperlink": "http://dg188.info/" }, "geometry": { "type": "Point", "coordinates": [ 23.376805313354808, 42.631987907342804 ] } },
{ "type": "Feature", "properties": { "objectid": 305, "object_nam": "ДГ №76 \"Сърничка\"", "object_nom": 78.0, "kod_rayon": "15", "adres": "ж.к. Младост 4, ул. \"Детска мечта\" №20", "finansiran": "2", "detaili": "https://www.sofia.bg/documents/20182/887147/DG76-2017.pdf/c0015b34-3c5c-4c45-abd9-b4249ca36e9a", "status": null, "type": null, "dg_sofia_2023_hyperlink": "http://dg76.bg" }, "geometry": { "type": "Point", "coordinates": [ 23.379338552939782, 42.629031941281532 ] } },
{ "type": "Feature", "properties": { "objectid": 306, "object_nam": "ДГ №112 \"Детски свят\" - специализирана", "object_nom": 112.0, "kod_rayon": "17", "adres": "кв. Бояна, ул. \"Детски мир\" №5", "finansiran": "4", "detaili": "https://www.sofia.bg/documents/20182/887189/DG112-2017.pdf/1c2e8008-08b6-469b-9d79-5ee688884d40", "status": null, "type": null, "dg_sofia_2023_hyperlink": "http://112-dg.org/" }, "geometry": { "type": "Point", "coordinates": [ 23.287994202665754, 42.644777582855831 ] } },
{ "type": "Feature", "properties": { "objectid": 307, "object_nam": "ДГ №160 \"Драгалевци\"", "object_nom": 160.0, "kod_rayon": "17", "adres": "кв. Драгалевци, ул.\"Захарий Зограф\" №1", "finansiran": "2", "detaili": "https://www.sofia.bg/documents/20182/887189/DG160-2017.pdf/90a5a201-19e1-432b-86d0-a0ae1bc9f94a", "status": null, "type": null, "dg_sofia_2023_hyperlink": "https://dg160sofia.com/" }, "geometry": { "type": "Point", "coordinates": [ 23.314858583329368, 42.630960479585639 ] } },
{ "type": "Feature", "properties": { "objectid": 308, "object_nam": "ДГ №46 \"Жива вода\"", "object_nom": 46.0, "kod_rayon": "17", "adres": "кв. Симеоново, ул. \"Крайречна №9", "finansiran": "2", "detaili": "https://www.sofia.bg/documents/20182/887189/DG46-2017.pdf/cf15795a-4572-491f-a6b6-e12968e94328", "status": null, "type": null, "dg_sofia_2023_hyperlink": "https://dg46sofia.com/" }, "geometry": { "type": "Point", "coordinates": [ 23.34020864716668, 42.613468249103306 ] } },
{ "type": "Feature", "properties": { "objectid": 309, "object_nam": "ДГ №83 \"Славейче\"", "object_nom": 83.0, "kod_rayon": "13", "adres": "кв. Илиянци, ул. \"Фикус\" №2", "finansiran": "2", "detaili": "https://www.sofia.bg/documents/20182/887168/DG83-2017.pdf/1a993e8f-7d90-4bb0-9c3c-04cbcab8f436", "status": null, "type": null, "dg_sofia_2023_hyperlink": "https://dg83sofia.com/" }, "geometry": { "type": "Point", "coordinates": [ 23.316904981508333, 42.753335970318545 ] } },
{ "type": "Feature", "properties": { "objectid": 310, "object_nam": "ДГ №24 \"НАДЕЖДА\"", "object_nom": 24.0, "kod_rayon": "13", "adres": "ж.к. Надежда 3, ул. \"Кумановски бой\" №16", "finansiran": "2", "detaili": "https://www.sofia.bg/documents/20182/887168/DG24-2017.pdf/a7615e50-5808-416f-9496-b30adf73b92f", "status": null, "type": null, "dg_sofia_2023_hyperlink": "http://dg24-nadejda.com/" }, "geometry": { "type": "Point", "coordinates": [ 23.293112915112314, 42.731229218740566 ] } },
{ "type": "Feature", "properties": { "objectid": 311, "object_nam": "ДГ №38 \"Дора Габе\"", "object_nom": 38.0, "kod_rayon": "13", "adres": "ул.“Свети Никола Нови“ №12\r", "finansiran": "2", "detaili": "https://www.sofia.bg/documents/20182/887168/DG38-092017.pdf/6cbe5a88-7c87-4414-9db8-b6111ab17453", "status": null, "type": null, "dg_sofia_2023_hyperlink": "" }, "geometry": { "type": "Point", "coordinates": [ 23.30374281346521, 42.732092924562089 ] } },
{ "type": "Feature", "properties": { "objectid": 312, "object_nam": "ДГ №15 \"Чучулига\"", "object_nom": 15.0, "kod_rayon": "13", "adres": "ж.к. Свобода, ул.\"Св. Николай Чудотворец\" №4", "finansiran": "2", "detaili": "https://www.sofia.bg/documents/20182/887168/DG15-2017.pdf/c375ff0c-b761-4eb9-9b77-b089bdbe95e7", "status": null, "type": null, "dg_sofia_2023_hyperlink": "https://dg15.info/" }, "geometry": { "type": "Point", "coordinates": [ 23.308263928481978, 42.736130183114255 ] } },
{ "type": "Feature", "properties": { "objectid": 313, "object_nam": "ДГ №90 \"Веса Паспалеева\"", "object_nom": 90.0, "kod_rayon": "13", "adres": "ул. \"Иван Момчилов\" №44", "finansiran": "2", "detaili": "https://www.sofia.bg/documents/20182/887168/DG90-2017.pdf/350787cf-0bbb-4318-b1f5-bb5d88fc77ff", "status": null, "type": null, "dg_sofia_2023_hyperlink": "http://90.dgradina.eu" }, "geometry": { "type": "Point", "coordinates": [ 23.303217451874108, 42.735244917020438 ] } },
{ "type": "Feature", "properties": { "objectid": 315, "object_nam": "ДГ №137 \"Калина Малина\" - централна сграда", "object_nom": 137.0, "kod_rayon": "13", "adres": "ул. \"Република\" №70", "finansiran": "2", "detaili": "https://www.sofia.bg/documents/20182/887168/DG137-092017.pdf/1e96dc77-01a0-4d2a-a4ba-4c997af40566", "status": null, "type": null, "dg_sofia_2023_hyperlink": "" }, "geometry": { "type": "Point", "coordinates": [ 23.310777557818575, 42.731878386803558 ] } },
{ "type": "Feature", "properties": { "objectid": 316, "object_nam": "ДГ №115 \"Осми март\"- централа", "object_nom": 115.0, "kod_rayon": "13", "adres": "ул.\"Осми март\" №28", "finansiran": "2", "detaili": "https://www.sofia.bg/documents/20182/887168/DG115-2017.pdf/9d3afe5c-bd2a-4598-87ea-b2691cdf3cf2", "status": null, "type": null, "dg_sofia_2023_hyperlink": "" }, "geometry": { "type": "Point", "coordinates": [ 23.306811958705406, 42.730065903039517 ] } },
{ "type": "Feature", "properties": { "objectid": 317, "object_nam": "ДГ №6 \"ВЪЛШЕБЕН СВЯТ\"", "object_nom": 6.0, "kod_rayon": "13", "adres": "ж.к. Л.Толстой, ул. \"Генерал Жостов\" №1", "finansiran": "2", "detaili": "https://www.sofia.bg/documents/20182/887168/DG6-2017.pdf/2ed1b2cd-713b-4074-b97d-ad65d2e66b5e", "status": null, "type": null, "dg_sofia_2023_hyperlink": "" }, "geometry": { "type": "Point", "coordinates": [ 23.310013809526655, 42.726122121189526 ] } },
{ "type": "Feature", "properties": { "objectid": 318, "object_nam": "ДГ №170 \"Пчелица\"", "object_nom": 170.0, "kod_rayon": "13", "adres": "ул. \"Любородие\" №4", "finansiran": "2", "detaili": "https://www.sofia.bg/documents/20182/887168/DG170-2017.pdf/c2a48f9c-efc9-4d7e-9e8d-00b2968401a7", "status": null, "type": null, "dg_sofia_2023_hyperlink": "https://dgpchelica.com/" }, "geometry": { "type": "Point", "coordinates": [ 23.295648471419071, 42.730913331492374 ] } },
{ "type": "Feature", "properties": { "objectid": 319, "object_nam": "ЧДГ \"Монтесори къща на децата\"", "object_nom": 0.0, "kod_rayon": "17", "adres": "ул. \"Българска легия\" №17", "finansiran": "3", "detaili": "http://89.252.196.217/Schools/schinfo?38511", "status": null, "type": null, "dg_sofia_2023_hyperlink": "https://www.casadeibambini.bg/montesori-detska-gradina-kscha-na-decata" }, "geometry": { "type": "Point", "coordinates": [ 23.277906340205622, 42.659343998855817 ] } },
{ "type": "Feature", "properties": { "objectid": 320, "object_nam": "ДГ №16 \"Приказен свят\" - сграда 2", "object_nom": 16.0, "kod_rayon": "16", "adres": "ж.к. Студентски град, бл. 41A", "finansiran": "2", "detaili": "https://www.sofia.bg/documents/20182/887171/DG16-2017.pdf/5181f72f-e851-4db3-b04c-1686e7459b5a", "status": null, "type": null, "dg_sofia_2023_hyperlink": "" }, "geometry": { "type": "Point", "coordinates": [ 23.339730572085479, 42.648969251556842 ] } },
{ "type": "Feature", "properties": { "objectid": 321, "object_nam": "ДГ №27 \"Детска китка\" - филиал", "object_nom": 27.0, "kod_rayon": "13", "adres": "ул. \"Княз Иван Кулин\" №9", "finansiran": "2", "detaili": "https://www.sofia.bg/documents/20182/887168/DG27-2017.pdf/4ea5629e-e5ba-421f-8831-3bf1e89e5e08", "status": null, "type": null, "dg_sofia_2023_hyperlink": "" }, "geometry": { "type": "Point", "coordinates": [ 23.301153901309466, 42.726300978642591 ] } },
{ "type": "Feature", "properties": { "objectid": 322, "object_nam": "ДГ №71 \"Щастие\"", "object_nom": 71.0, "kod_rayon": "15", "adres": "ж.к. Младост 1, ул. \"Усмивка\" №1\r", "finansiran": "2", "detaili": "https://www.sofia.bg/documents/20182/887147/DG71-2017.pdf/db666ddf-006f-4404-8697-48460ea04ab3", "status": null, "type": null, "dg_sofia_2023_hyperlink": "http://dg71-shtastie.com/" }, "geometry": { "type": "Point", "coordinates": [ 23.375645495163329, 42.660939477121822 ] } },
{ "type": "Feature", "properties": { "objectid": 323, "object_nam": "ДГ №11 \"Мики Маус\"", "object_nom": 11.0, "kod_rayon": "15", "adres": "ж.к. Младост 1 зад бл.18, ул. \"Д-р Стоян Чомаков\" №1", "finansiran": "2", "detaili": "https://www.sofia.bg/documents/20182/887147/DG11-2017.pdf/0d970c95-bd14-40cf-b4ba-92962622bd43", "status": null, "type": null, "dg_sofia_2023_hyperlink": "" }, "geometry": { "type": "Point", "coordinates": [ 23.374517754567716, 42.658900068952263 ] } },
{ "type": "Feature", "properties": { "objectid": 324, "object_nam": "ДДГ \"Младост\" към МО", "object_nom": 0.0, "kod_rayon": "15", "adres": "ж.к. Младост 3, ул. \"Полк. Владимир Серафимов\" №2", "finansiran": "Държавно", "detaili": "http://www.militaryclubs.bg/node/86", "status": null, "type": null, "dg_sofia_2023_hyperlink": "http://odz178.deckagradina.info/" }, "geometry": { "type": "Point", "coordinates": [ 23.381591022535563, 42.644932980980734 ] } },
{ "type": "Feature", "properties": { "objectid": 325, "object_nam": "ДГ №14 \"КАРЛСОН\"", "object_nom": 14.0, "kod_rayon": "15", "adres": "ж.к. Младост 2, ул. \"Васил Карагьозов\" №8", "finansiran": "2", "detaili": "https://www.sofia.bg/documents/20182/887147/DG14-092017.pdf/c4c8345a-d271-4409-9549-19b906e15628", "status": null, "type": null, "dg_sofia_2023_hyperlink": "https://dg-14.com/" }, "geometry": { "type": "Point", "coordinates": [ 23.369502966558748, 42.640060944248944 ] } },
{ "type": "Feature", "properties": { "objectid": 326, "object_nam": "ДГ №70 “Пролет“", "object_nom": 70.0, "kod_rayon": "15", "adres": "ж.к. Младост 3, ул.“Бъднина“ №2\r", "finansiran": "2", "detaili": "https://www.sofia.bg/documents/20182/887147/DG70-2017.pdf/e2206559-f60b-4cc9-83a5-76b0789a474a", "status": null, "type": null, "dg_sofia_2023_hyperlink": "https://www.dg-70prolet.com/" }, "geometry": { "type": "Point", "coordinates": [ 23.377240361500522, 42.642976069311018 ] } },
{ "type": "Feature", "properties": { "objectid": 327, "object_nam": "ДГ №28 \"ЯН БИБИЯН\"", "object_nom": 28.0, "kod_rayon": "15", "adres": "ж.к. Младост 2 до бл.224, ул.\"Проф.д-р В.Златарски\" №8", "finansiran": "2", "detaili": "https://www.sofia.bg/documents/20182/887147/DG28-2017.pdf/4f4b3c36-0d68-4c74-9fdd-47cb66e25841", "status": null, "type": null, "dg_sofia_2023_hyperlink": "https://www.dg28.info/" }, "geometry": { "type": "Point", "coordinates": [ 23.373320457361668, 42.646397428761937 ] } },
{ "type": "Feature", "properties": { "objectid": 328, "object_nam": "ДГ №27 \"Детска китка\"", "object_nom": 27.0, "kod_rayon": "13", "adres": "ул.\"Възрожденска\" №19", "finansiran": "2", "detaili": "https://www.sofia.bg/documents/20182/887168/DG27-2017.pdf/4ea5629e-e5ba-421f-8831-3bf1e89e5e08", "status": null, "type": null, "dg_sofia_2023_hyperlink": "https://dg27.bg/" }, "geometry": { "type": "Point", "coordinates": [ 23.300105404921652, 42.725428836556084 ] } },
{ "type": "Feature", "properties": { "objectid": 329, "object_nam": "ЧДГ \"Веселото гардже\"", "object_nom": 0.0, "kod_rayon": "17", "adres": "ж.к. София парк, Търговска зона, бл. 16 - 3", "finansiran": "3", "detaili": "http://89.252.196.217/Schools/schinfo?2578", "status": null, "type": null, "dg_sofia_2023_hyperlink": "https://www.veselotogardje.com/" }, "geometry": { "type": "Point", "coordinates": [ 23.368411949833071, 42.620410535528926 ] } },
{ "type": "Feature", "properties": { "objectid": 330, "object_nam": "ЧЦДГ \"Зелена Детска Къща Монтесори\"", "object_nom": 0.0, "kod_rayon": "17", "adres": "ул. \"Болград\" №6", "finansiran": "3", "detaili": "http://89.252.196.217/Schools/schinfo?49619", "status": "!relocated", "type": null, "dg_sofia_2023_hyperlink": "https://montessorischools.bg/" }, "geometry": { "type": "Point", "coordinates": [ 23.313154329891734, 42.673855837441479 ] } },
{ "type": "Feature", "properties": { "objectid": 331, "object_nam": "ДГ №123 \"Шарл Перо\"", "object_nom": 123.0, "kod_rayon": "15", "adres": "кв. Горубляне, ул. „Хан Аспарух” №1\r", "finansiran": "2", "detaili": "https://www.sofia.bg/documents/20182/887147/DG123-2017.pdf/5fab1732-0946-467c-abf7-31c5d706077c", "status": null, "type": null, "dg_sofia_2023_hyperlink": "http://dg123sharl-pero.com/" }, "geometry": { "type": "Point", "coordinates": [ 23.407982936847691, 42.625485290747719 ] } },
{ "type": "Feature", "properties": { "objectid": 332, "object_nam": "ДГ №96 \"Росна китка\"", "object_nom": 96.0, "kod_rayon": "14", "adres": "ж.к. Дружба 1, ул. \"Полк. Чудомир Топлодолски\" №1", "finansiran": "2", "detaili": "https://www.sofia.bg/documents/20182/887162/DG96-2017.pdf/de5248fb-1db2-4e2f-b451-96fb0e1e5b5b", "status": null, "type": null, "dg_sofia_2023_hyperlink": "http://rosna-kitka.eu/" }, "geometry": { "type": "Point", "coordinates": [ 23.393855794836281, 42.663361042033763 ] } },
{ "type": "Feature", "properties": { "objectid": 333, "object_nam": "ДГ №98 „Слънчевото зайче“\r", "object_nom": 98.0, "kod_rayon": "15", "adres": "ж.к. Младост 2, ул. „Слънчево зайче“ №9", "finansiran": "2", "detaili": "https://www.sofia.bg/documents/20182/887147/DG98-2017.pdf/8f170906-0de2-446f-8e7f-f9389293bf23", "status": null, "type": null, "dg_sofia_2023_hyperlink": "https://odz98bg.com/" }, "geometry": { "type": "Point", "coordinates": [ 23.369797655867295, 42.644726744103558 ] } },
{ "type": "Feature", "properties": { "objectid": 334, "object_nam": "ДГ №189 \"Сто усмивки\"", "object_nom": 189.0, "kod_rayon": "15", "adres": "ж.к. Младост 1, ул. \"Сто усмивки\" № 4", "finansiran": "2", "detaili": "https://www.sofia.bg/documents/20182/887147/DG189-2017.pdf/32313626-fd0b-4744-809b-65eb6a026fdc", "status": null, "type": null, "dg_sofia_2023_hyperlink": "http://www.100smiles.eu/" }, "geometry": { "type": "Point", "coordinates": [ 23.375281753315832, 42.649945794265832 ] } },
{ "type": "Feature", "properties": { "objectid": 335, "object_nam": "ДГ №26 \"Калина\"", "object_nom": 26.0, "kod_rayon": "15", "adres": "ж.к. Младост 1, ул. \"Чудна градина\" №8", "finansiran": "2", "detaili": "https://www.sofia.bg/documents/20182/887147/DG26-2017.pdf/6c1982d8-5f08-4483-be5b-60b188bcefc5", "status": null, "type": null, "dg_sofia_2023_hyperlink": "https://dgkalina.bg/" }, "geometry": { "type": "Point", "coordinates": [ 23.376969464460512, 42.655658732625227 ] } },
{ "type": "Feature", "properties": { "objectid": 336, "object_nam": "ЧДГ \"Палави крачета\"", "object_nom": 0.0, "kod_rayon": "17", "adres": "ул. \"Боянска\" №20", "finansiran": "3", "detaili": "http://89.252.196.217/Schools/schinfo?89246", "status": null, "type": null, "dg_sofia_2023_hyperlink": "https://palavikracheta.com/" }, "geometry": { "type": "Point", "coordinates": [ 23.297190551960199, 42.638338967993924 ] } },
{ "type": "Feature", "properties": { "objectid": 337, "object_nam": "ДГ №21 \"Ежко Бежко\"- основна сграда", "object_nom": 21.0, "kod_rayon": "14", "adres": "с. Бусманци, ул. \"Крива ливада\" №11а", "finansiran": "2", "detaili": "https://www.sofia.bg/documents/20182/887162/DG21-092017.pdf/038ab9dc-38b1-4713-837d-50dc357833da", "status": null, "type": null, "dg_sofia_2023_hyperlink": "" }, "geometry": { "type": "Point", "coordinates": [ 23.430377667990093, 42.674241901360041 ] } },
{ "type": "Feature", "properties": { "objectid": 338, "object_nam": "ДГ №41 \"Приятели\"", "object_nom": 41.0, "kod_rayon": "17", "adres": "с. Мърчаево, ул. \"Цар Симеон I\" №62", "finansiran": "2", "detaili": "https://www.sofia.bg/documents/20182/887189/DG41-2017.pdf/1fbdd22c-0c92-4660-9d38-f4b7a0c93d51", "status": null, "type": null, "dg_sofia_2023_hyperlink": "https://www.detskagradina41.com/" }, "geometry": { "type": "Point", "coordinates": [ 23.175154272310007, 42.603583001390291 ] } },
{ "type": "Feature", "properties": { "objectid": 339, "object_nam": "ЧДГ \"Симба\"", "object_nom": 0.0, "kod_rayon": "13", "adres": "ул. \"Илиенско шосе\" №16", "finansiran": "3", "detaili": "http://89.252.196.217/Schools/schinfo?99266", "status": null, "type": null, "dg_sofia_2023_hyperlink": "https://cdgsimba.wixsite.com/simba" }, "geometry": { "type": "Point", "coordinates": [ 23.317258094271939, 42.735317400375692 ] } },
{ "type": "Feature", "properties": { "objectid": 340, "object_nam": "ЧЦДГ \"Маргаритка\"", "object_nom": 0.0, "kod_rayon": "17", "adres": "ж.к. Манастирски ливади, ул. \"Ген. Стефан Тошев\" №96", "finansiran": "3", "detaili": "http://89.252.196.217/Schools/schinfo?29666", "status": "!closed?", "type": null, "dg_sofia_2023_hyperlink": "http://www.margaritka-kids.com/" }, "geometry": { "type": "Point", "coordinates": [ 23.274405166748242, 42.661386734385907 ] } },
{ "type": "Feature", "properties": { "objectid": 341, "object_nam": "ЧДГ \"ЕКОмалчовци\"", "object_nom": 0.0, "kod_rayon": "17", "adres": "кв. Княжево, ул. \"Княжевска\" №63", "finansiran": "3", "detaili": "http://89.252.196.217/Schools/schinfo?22720", "status": null, "type": null, "dg_sofia_2023_hyperlink": "http://www.ecomalchovci.com/" }, "geometry": { "type": "Point", "coordinates": [ 23.244341581006324, 42.669750828232345 ] } },
{ "type": "Feature", "properties": { "objectid": 342, "object_nam": "ЧДГ \"БОЯНА\"", "object_nom": 0.0, "kod_rayon": "17", "adres": "ул. \"Александър Пушкин\" №63", "finansiran": "3", "detaili": "http://89.252.196.217/Schools/schinfo?9012", "status": null, "type": null, "dg_sofia_2023_hyperlink": "http://www.boyana-bg.com/" }, "geometry": { "type": "Point", "coordinates": [ 23.265086875734266, 42.657815471833594 ] } },
{ "type": "Feature", "properties": { "objectid": 343, "object_nam": "ЧДГ \"Българанче\"", "object_nom": 0.0, "kod_rayon": "17", "adres": "кв. Бояна, ул. \"Прохлада\" №10", "finansiran": "3", "detaili": "http://89.252.196.217/Schools/schinfo?85404", "status": null, "type": null, "dg_sofia_2023_hyperlink": "https://balgaranche.com/" }, "geometry": { "type": "Point", "coordinates": [ 23.261982535537044, 42.660892564599948 ] } },
{ "type": "Feature", "properties": { "objectid": 344, "object_nam": "ЧДГ \"ЛИДИ\"", "object_nom": 0.0, "kod_rayon": "17", "adres": "кв. Бояна ул. \"Розариум\" №8", "finansiran": "3", "detaili": "http://89.252.196.217/Schools/schinfo?69238", "status": null, "type": null, "dg_sofia_2023_hyperlink": "https://www.dg-lidi.com/" }, "geometry": { "type": "Point", "coordinates": [ 23.279598404085455, 42.64257284232292 ] } },
{ "type": "Feature", "properties": { "objectid": 345, "object_nam": "ЧДГ \"Малки стъпки\"", "object_nom": 0.0, "kod_rayon": "17", "adres": "ж.к. Симеоново, ул. \"Спиридон Казанджиев\" №16", "finansiran": "3", "detaili": "http://89.252.196.217/Schools/schinfo?65590", "status": "!closed?", "type": null, "dg_sofia_2023_hyperlink": "https://littlesteps.bg/bg/" }, "geometry": { "type": "Point", "coordinates": [ 23.33282286372441, 42.625864164261692 ] } },
{ "type": "Feature", "properties": { "objectid": 346, "object_nam": "ЧДГ \"Меридиан 22\"", "object_nom": 0.0, "kod_rayon": "15", "adres": "ж.к. Младост 2, до бл.227", "finansiran": "3", "detaili": "http://89.252.196.217/Schools/schinfo?19098", "status": null, "type": null, "dg_sofia_2023_hyperlink": "https://www.meridian22.bg/" }, "geometry": { "type": "Point", "coordinates": [ 23.371590325918742, 42.644148167051071 ] } },
{ "type": "Feature", "properties": { "objectid": 347, "object_nam": "ЧЦДГ \"Детски оазис\"", "object_nom": 0.0, "kod_rayon": "15", "adres": "ж.к. Младост 1, на ул. „Димитър Доспевски” № 9 зад бл. 45", "finansiran": "3", "detaili": "http://89.252.196.217/Schools/schinfo?27982", "status": null, "type": null, "dg_sofia_2023_hyperlink": "https://kinderoase.eu/" }, "geometry": { "type": "Point", "coordinates": [ 23.376958190230663, 42.652111504042765 ] } },
{ "type": "Feature", "properties": { "objectid": 348, "object_nam": "ЧДГ \"Патета\"", "object_nom": 0.0, "kod_rayon": "17", "adres": "ж.к. Mанастирски ливади-запад, ул. \"Бяло поле\" №9Б", "finansiran": "3", "detaili": "http://89.252.196.217/Schools/schinfo?10862", "status": null, "type": null, "dg_sofia_2023_hyperlink": "https://pateta.bg/" }, "geometry": { "type": "Point", "coordinates": [ 23.283321242949381, 42.659399329524213 ] } },
{ "type": "Feature", "properties": { "objectid": 349, "object_nam": "ЧЦДГ \"Немо\"", "object_nom": 0.0, "kod_rayon": "17", "adres": "кв. Драгалевци, ул. “Маточина” №2а", "finansiran": "3", "detaili": "http://89.252.196.217/Schools/schinfo?59818", "status": null, "type": null, "dg_sofia_2023_hyperlink": "https://nemo-bg.com/" }, "geometry": { "type": "Point", "coordinates": [ 23.31103313153568, 42.628832140897636 ] } },
{ "type": "Feature", "properties": { "objectid": 350, "object_nam": "ЧЦДГ \"Германи\"", "object_nom": 0.0, "kod_rayon": "17", "adres": "в.з. Малинова долина, ул. \"16\" 6Б", "finansiran": "3", "detaili": "http://89.252.196.217/Schools/schinfo?26620", "status": null, "type": null, "dg_sofia_2023_hyperlink": "https://www.germani.bg/" }, "geometry": { "type": "Point", "coordinates": [ 23.364565028734418, 42.612115706124683 ] } },
{ "type": "Feature", "properties": { "objectid": 351, "object_nam": "ЧЦДГ \"Еко Дара\"", "object_nom": 0.0, "kod_rayon": "17", "adres": "в.з. Малинова долина, ул. \"Любаш\" №2", "finansiran": "3", "detaili": "http://89.252.196.217/Schools/schinfo?30376", "status": null, "type": null, "dg_sofia_2023_hyperlink": "http://www.ecodara.com/" }, "geometry": { "type": "Point", "coordinates": [ 23.36397425014831, 42.611101859682087 ] } },
{ "type": "Feature", "properties": { "objectid": 352, "object_nam": "ЧДГ \"Детски свят\"", "object_nom": 0.0, "kod_rayon": "17", "adres": "кв.Манастирски ливади, ул. \"Казбек\" 55", "finansiran": "3", "detaili": "http://89.252.196.217/Schools/schinfo?25806", "status": null, "type": null, "dg_sofia_2023_hyperlink": "https://detski-sviat.info/" }, "geometry": { "type": "Point", "coordinates": [ 23.281098622219204, 42.666171137362284 ] } },
{ "type": "Feature", "properties": { "objectid": 353, "object_nam": "ЧЦДГ \"Ежко Бежко\"", "object_nom": 0.0, "kod_rayon": "17", "adres": "ж.к. Драгалевци, ул. \"Проф. Александър Райчев\" №8", "finansiran": "3", "detaili": "http://89.252.196.217/Schools/schinfo?13074", "status": null, "type": null, "dg_sofia_2023_hyperlink": "https://www.facebook.com/CastnaDetskaGradinaIAslaEzkoBezko/" }, "geometry": { "type": "Point", "coordinates": [ 23.306908199999544, 42.638205376189276 ] } },
{ "type": "Feature", "properties": { "objectid": 354, "object_nam": "ЧДГ \"Лапину\"", "object_nom": 0.0, "kod_rayon": "17", "adres": "кв. Драгалевци, ул. \"Ваклинец\" №42", "finansiran": "3", "detaili": "http://89.252.196.217/Schools/schinfo?2640", "status": "!closed?", "type": null, "dg_sofia_2023_hyperlink": "https://www.facebook.com/lapinukindergarden/" }, "geometry": { "type": "Point", "coordinates": [ 23.317688638805762, 42.62230964306459 ] } },
{ "type": "Feature", "properties": { "objectid": 355, "object_nam": "ЧЦДГ \"Мила\"", "object_nom": 0.0, "kod_rayon": "17", "adres": "кв. \"Манастирски ливади - запад\", ул. \"Майстор Павел от Кримин\" №3", "finansiran": "3", "detaili": "http://89.252.196.217/Schools/schinfo?42351", "status": null, "type": null, "dg_sofia_2023_hyperlink": "https://www.facebook.com/profile.php?id=100059129542950&locale=bg_BG" }, "geometry": { "type": "Point", "coordinates": [ 23.273674443049039, 42.659904491874599 ] } },
{ "type": "Feature", "properties": { "objectid": 356, "object_nam": "ЧДГ \"Росица\"", "object_nom": 0.0, "kod_rayon": "17", "adres": "кв. Бояна, ул. “Букара” №15", "finansiran": "3", "detaili": "http://89.252.196.217/Schools/schinfo?11225", "status": null, "type": null, "dg_sofia_2023_hyperlink": "https://www.gradinarosica.com/bg/" }, "geometry": { "type": "Point", "coordinates": [ 23.249494937623176, 42.656667199332063 ] } },
{ "type": "Feature", "properties": { "objectid": 357, "object_nam": "ЧЦДГ \"Слънчево зайче\"", "object_nom": 0.0, "kod_rayon": "15", "adres": "ул. \"Генерал-майор Васил Делов\" №10", "finansiran": "3", "detaili": "http://89.252.196.217/Schools/schinfo?95855", "status": "!renamed?", "type": null, "dg_sofia_2023_hyperlink": "https://bgshkolo.com/enrollment-montesory/" }, "geometry": { "type": "Point", "coordinates": [ 23.367936895558437, 42.635737367301516 ] } },
{ "type": "Feature", "properties": { "objectid": 358, "object_nam": "ДГ №108 \"Детско царство\" - филиал", "object_nom": 108.0, "kod_rayon": "14", "adres": "ул. „5019-та“, 1592 ж.к. Дружба 1, София", "finansiran": "2", "detaili": "https://www.sofia.bg/documents/20182/887162/DG108-092017.pdf/88cf9607-ab64-4f30-a7c9-926f25d67a4d", "status": null, "type": null, "dg_sofia_2023_hyperlink": "https://dg-108.com/" }, "geometry": { "type": "Point", "coordinates": [ 23.396237226290282, 42.66458799857886 ] } },
{ "type": "Feature", "properties": { "objectid": 359, "object_nam": "ДГ №172 \"София\"", "object_nom": 172.0, "kod_rayon": "13", "adres": "ж.к. Надежда 1; ул. \"Кирил Дрангов\" № 14\r\n\"Надежда\"1; ул.\"Кирил Дрангов\"№ 14", "finansiran": "2", "detaili": "https://www.sofia.bg/documents/20182/887168/DG172-2017.pdf/bd75dbf5-ab70-482b-bb7b-d9e3ae2004b8", "status": null, "type": null, "dg_sofia_2023_hyperlink": "" }, "geometry": { "type": "Point", "coordinates": [ 23.295231212216883, 42.724506678104078 ] } },
{ "type": "Feature", "properties": { "objectid": 360, "object_nam": "ДГ №178 \"Сребърно копитце\" - сграда 2", "object_nom": 178.0, "kod_rayon": "15", "adres": "ж.к. Младост 3, ул. \"Свето Преображение\",  до бл. 375", "finansiran": "2", "detaili": "https://www.sofia.bg/documents/20182/887147/DG178-2017.pdf/62f41074-b78b-4af1-9973-c72458f163d9", "status": null, "type": null, "dg_sofia_2023_hyperlink": "http://odz178.deckagradina.info/" }, "geometry": { "type": "Point", "coordinates": [ 23.384773785372087, 42.641530399446921 ] } },
{ "type": "Feature", "properties": { "objectid": 361, "object_nam": "ДГ №185 \"ЗВЕЗДИЧКА\"- втора сграда", "object_nom": 185.0, "kod_rayon": "14", "adres": "с. Врана, бул \"Цариградско шосе\" №387", "finansiran": "2", "detaili": "https://www.sofia.bg/documents/20182/887162/DG185-092017.pdf/5ec1de93-5dd6-419d-96bc-74c73e84ce59", "status": null, "type": null, "dg_sofia_2023_hyperlink": "http://www.odz88.com/" }, "geometry": { "type": "Point", "coordinates": [ 23.42219897748538, 42.637044683972896 ] } },
{ "type": "Feature", "properties": { "objectid": 362, "object_nam": "ЧДГ \"Сияние\"", "object_nom": 0.0, "kod_rayon": "17", "adres": "кв. Бояна, ул \"Белите брези\" №1", "finansiran": "3", "detaili": "http://89.252.196.217/Schools/schinfo?8733", "status": null, "type": null, "dg_sofia_2023_hyperlink": "https://www.sianie-bg.com/" }, "geometry": { "type": "Point", "coordinates": [ 23.26738470459863, 42.648233960192385 ] } },
{ "type": "Feature", "properties": { "objectid": 363, "object_nam": "СДЯ №55", "object_nom": 55.0, "kod_rayon": "17", "adres": "ул.\"Белмекен\" №13", "finansiran": "2", "detaili": null, "status": null, "type": null, "dg_sofia_2023_hyperlink": "" }, "geometry": { "type": "Point", "coordinates": [ 23.269095036445549, 42.667649322268403 ] } },
{ "type": "Feature", "properties": { "objectid": 364, "object_nam": "СДЯ №69", "object_nom": 69.0, "kod_rayon": "16", "adres": "ул. \"Йордан Йосифов\" № 1", "finansiran": "2", "detaili": null, "status": null, "type": null, "dg_sofia_2023_hyperlink": "" }, "geometry": { "type": "Point", "coordinates": [ 23.345751191910907, 42.653290973742877 ] } },
{ "type": "Feature", "properties": { "objectid": 365, "object_nam": "ДГ №60 \"Бор\"", "object_nom": 60.0, "kod_rayon": "17", "adres": "ул.\"Княжевска\" №41", "finansiran": "4", "detaili": "https://www.sofia.bg/documents/20182/887189/DG60-2017.pdf/9465cca6-6426-4ea8-a707-951f0449e474", "status": null, "type": null, "dg_sofia_2023_hyperlink": "http://dg60bor.com/" }, "geometry": { "type": "Point", "coordinates": [ 23.243558446035255, 42.666097686985786 ] } },
{ "type": "Feature", "properties": { "objectid": 366, "object_nam": "ДГ №4 \"Слънчо\"", "object_nom": 4.0, "kod_rayon": "17", "adres": "с. Владая, ул.\"Ела\" №6", "finansiran": "2", "detaili": "https://www.sofia.bg/documents/20182/887189/DG4-2017.pdf/3c066ad0-a962-425a-a190-e1b37a0692f2", "status": null, "type": null, "dg_sofia_2023_hyperlink": "https://dg-4.com/" }, "geometry": { "type": "Point", "coordinates": [ 23.195558523958784, 42.626863675231306 ] } },
{ "type": "Feature", "properties": { "objectid": 367, "object_nam": "ДГ №37 \"Вълшебство\"", "object_nom": 37.0, "kod_rayon": "17", "adres": "ул.\"Белмекен\" №1", "finansiran": "2", "detaili": "https://www.sofia.bg/documents/20182/887189/DG37-2017.pdf/812b5530-db92-4e67-91ce-9fb93c528595", "status": null, "type": null, "dg_sofia_2023_hyperlink": "https://dg37sofia.com/" }, "geometry": { "type": "Point", "coordinates": [ 23.271294143004109, 42.669458221797932 ] } },
{ "type": "Feature", "properties": { "objectid": 368, "object_nam": "ЧЦДГ \"Камелини Монтесори\"", "object_nom": 0.0, "kod_rayon": "17", "adres": "кв. Княжево, ул. “Студен Кладенец” №8", "finansiran": "3", "detaili": "http://89.252.196.217/Schools/schinfo?97125", "status": null, "type": null, "dg_sofia_2023_hyperlink": "https://kamelini.com/" }, "geometry": { "type": "Point", "coordinates": [ 23.250667316726897, 42.659237688837628 ] } },
{ "type": "Feature", "properties": { "objectid": 369, "object_nam": "ЧДГ \"Звездичка\"", "object_nom": 0.0, "kod_rayon": "17", "adres": "кв. \"Павлово\", ул. \"Ветрушка\" №5А", "finansiran": "3", "detaili": "http://89.252.196.217/Schools/schinfo?73686", "status": null, "type": null, "dg_sofia_2023_hyperlink": "https://zvezdichka-sofia.com/" }, "geometry": { "type": "Point", "coordinates": [ 23.26406530646782, 42.665803937076198 ] } },
{ "type": "Feature", "properties": { "objectid": 370, "object_nam": "ЧДГ \"Дрита\"", "object_nom": 0.0, "kod_rayon": "17", "adres": "кв. Симеоново, ул.”Каменица” №13", "finansiran": "3", "detaili": "http://89.252.196.217/Schools/schinfo?29013", "status": null, "type": null, "dg_sofia_2023_hyperlink": "http://dritaschool.com/bg/" }, "geometry": { "type": "Point", "coordinates": [ 23.339871394348847, 42.616794270371038 ] } },
{ "type": "Feature", "properties": { "objectid": 371, "object_nam": "ЧДГ \"РАЙ\"", "object_nom": 0.0, "kod_rayon": "17", "adres": "кв. Малинова долина, ул. \"201\" №33", "finansiran": "3", "detaili": "http://89.252.196.217/Schools/schinfo?58573", "status": null, "type": null, "dg_sofia_2023_hyperlink": "https://gradina-rai.com/" }, "geometry": { "type": "Point", "coordinates": [ 23.358761950109994, 42.617507241426715 ] } },
{ "type": "Feature", "properties": { "objectid": 372, "object_nam": "ЧДГ \"Елхица\"", "object_nom": 0.0, "kod_rayon": "17", "adres": "кв. Симеоново, ул. \"Мишова орница\" №5", "finansiran": "3", "detaili": "http://89.252.196.217/Schools/schinfo?93331", "status": "!closed?", "type": null, "dg_sofia_2023_hyperlink": "https://shkola.bg/%D1%87%D0%B4%D0%B3-%D0%B5%D0%BB%D1%85%D0%B8%D1%86%D0%B0/" }, "geometry": { "type": "Point", "coordinates": [ 23.332497506386478, 42.613228953795407 ] } },
{ "type": "Feature", "properties": { "objectid": 373, "object_nam": "ДГ №116 \"Мусала\"", "object_nom": 116.0, "kod_rayon": "17", "adres": "ул. \"Мусала\" №7", "finansiran": "2", "detaili": "https://www.sofia.bg/documents/20182/887189/DG116-2017.pdf/80cb4f6b-4fc9-489d-9e72-5ac2dfd93b9e", "status": null, "type": null, "dg_sofia_2023_hyperlink": "http://116dg.com/" }, "geometry": { "type": "Point", "coordinates": [ 23.269521342031943, 42.667314037079514 ] } },
{ "type": "Feature", "properties": { "objectid": 374, "object_nam": "ДГ №115 \"Осми март\" -  сграда \"Осми март\"15", "object_nom": 115.0, "kod_rayon": "13", "adres": "ул.\"Осми март\" №15", "finansiran": "2", "detaili": "https://www.sofia.bg/documents/20182/887168/DG115-2017.pdf/9d3afe5c-bd2a-4598-87ea-b2691cdf3cf2", "status": null, "type": null, "dg_sofia_2023_hyperlink": "" }, "geometry": { "type": "Point", "coordinates": [ 23.304772404826526, 42.72900076675139 ] } },
{ "type": "Feature", "properties": { "objectid": 375, "object_nam": "ДГ №115 \"Осми март\" -  сграда \"Връбница\"", "object_nom": 115.0, "kod_rayon": "13", "adres": "ул. \"Горни Порой\" №2", "finansiran": "2", "detaili": "https://www.sofia.bg/documents/20182/887168/DG115-2017.pdf/9d3afe5c-bd2a-4598-87ea-b2691cdf3cf2", "status": null, "type": null, "dg_sofia_2023_hyperlink": "" }, "geometry": { "type": "Point", "coordinates": [ 23.299577090538925, 42.731464958939135 ] } },
{ "type": "Feature", "properties": { "objectid": 376, "object_nam": "ДГ №116 \"Мусала\" - филиал \"Пушкин\"", "object_nom": 116.0, "kod_rayon": "17", "adres": "кв. Павлово, бул.”Александър Пушкин” №2", "finansiran": "2", "detaili": "https://www.sofia.bg/documents/20182/887189/DG116-2017.pdf/80cb4f6b-4fc9-489d-9e72-5ac2dfd93b9e", "status": null, "type": null, "dg_sofia_2023_hyperlink": "http://116dg.com/" }, "geometry": { "type": "Point", "coordinates": [ 23.265682005097826, 42.666845725010347 ] } },
{ "type": "Feature", "properties": { "objectid": 377, "object_nam": "ДГ №116 \"Мусала\" - филиал", "object_nom": 116.0, "kod_rayon": "17", "adres": "ул. „Симеон Радев” №73а – местност „Гърдова глава\"", "finansiran": "2", "detaili": "https://www.sofia.bg/documents/20182/887189/DG116-2017.pdf/80cb4f6b-4fc9-489d-9e72-5ac2dfd93b9e", "status": null, "type": null, "dg_sofia_2023_hyperlink": "http://116dg.com/" }, "geometry": { "type": "Point", "coordinates": [ 23.267381995788227, 42.657679071372179 ] } },
{ "type": "Feature", "properties": { "objectid": 378, "object_nam": "ДГ №117 \"Надежда\"", "object_nom": 117.0, "kod_rayon": "15", "adres": "ж.к. Младост 1, ул. \"Димитър Моллов\" №9", "finansiran": "2", "detaili": "https://www.sofia.bg/documents/20182/887147/DG117-2017.pdf/12038fa8-8c40-4667-b234-6c5113c84843", "status": null, "type": null, "dg_sofia_2023_hyperlink": "http://www.kg117.net/" }, "geometry": { "type": "Point", "coordinates": [ 23.372424288329249, 42.66292262626726 ] } },
{ "type": "Feature", "properties": { "objectid": 379, "object_nam": "ДГ №137 \"Калина Малина\" - друга административна сграда", "object_nom": 137.0, "kod_rayon": "13", "adres": "ул. \"Александър Михов\" №25", "finansiran": "2", "detaili": "https://www.sofia.bg/documents/20182/887168/DG137-092017.pdf/1e96dc77-01a0-4d2a-a4ba-4c997af40566", "status": null, "type": null, "dg_sofia_2023_hyperlink": "" }, "geometry": { "type": "Point", "coordinates": [ 23.313350885715753, 42.727506811166116 ] } },
{ "type": "Feature", "properties": { "objectid": 380, "object_nam": "ДГ №170 \"Пчелица\"- филиал", "object_nom": 170.0, "kod_rayon": "13", "adres": "ул. \"Сава Филаретов\" №44", "finansiran": "2", "detaili": "https://www.sofia.bg/documents/20182/887168/DG170-2017.pdf/c2a48f9c-efc9-4d7e-9e8d-00b2968401a7", "status": null, "type": null, "dg_sofia_2023_hyperlink": "https://dgpchelica.com/" }, "geometry": { "type": "Point", "coordinates": [ 23.296427591952934, 42.727234832069591 ] } },
{ "type": "Feature", "properties": { "objectid": 381, "object_nam": "ДГ №6 \"ВЪЛШЕБЕН СВЯТ\" - филиал", "object_nom": 6.0, "kod_rayon": "13", "adres": "ж.к. Л.Толстой, бл.65-A-I-3", "finansiran": "2", "detaili": "https://www.sofia.bg/documents/20182/887168/DG6-2017.pdf/2ed1b2cd-713b-4074-b97d-ad65d2e66b5e", "status": null, "type": null, "dg_sofia_2023_hyperlink": "" }, "geometry": { "type": "Point", "coordinates": [ 23.308817160466845, 42.723918568799149 ] } },
{ "type": "Feature", "properties": { "objectid": 382, "object_nam": "Столичен център за работа с деца - филиал Надежда", "object_nom": 0.0, "kod_rayon": "13", "adres": "ж.к. Надежда 2, ул. \"Св.Никола Нови\" №22", "finansiran": "2", "detaili": "https://www.sofia.bg/en/kinder-garden-nadejda", "status": null, "type": null, "dg_sofia_2023_hyperlink": "" }, "geometry": { "type": "Point", "coordinates": [ 23.308110754204215, 42.732779187749287 ] } },
{ "type": "Feature", "properties": { "objectid": 383, "object_nam": "ДГ №90 \"Веса Паспалеева\"- филиал", "object_nom": 90.0, "kod_rayon": "13", "adres": "ул. \"Иван Момчилов\" №44", "finansiran": "2", "detaili": "https://www.sofia.bg/documents/20182/887168/DG90-2017.pdf/350787cf-0bbb-4318-b1f5-bb5d88fc77ff", "status": null, "type": null, "dg_sofia_2023_hyperlink": "http://90.dgradina.eu" }, "geometry": { "type": "Point", "coordinates": [ 23.302545662454666, 42.73518790823659 ] } },
{ "type": "Feature", "properties": { "objectid": 384, "object_nam": "ДГ №123 \"Шарл Перо\" - филиал", "object_nom": 123.0, "kod_rayon": "15", "adres": "кв. Горубляне, ул. \"Минзухар\" №5", "finansiran": "2", "detaili": null, "status": null, "type": null, "dg_sofia_2023_hyperlink": "http://www.odz88.com/" }, "geometry": { "type": "Point", "coordinates": [ 23.410813456132583, 42.634275665512163 ] } },
{ "type": "Feature", "properties": { "objectid": 385, "object_nam": "ДГ №116 \"Мусала\" - апартамент", "object_nom": 116.0, "kod_rayon": "17", "adres": "бул. „Братя Бъкстон”, бл.45", "finansiran": "2", "detaili": "https://www.sofia.bg/documents/20182/887189/DG116-2017.pdf/80cb4f6b-4fc9-489d-9e72-5ac2dfd93b9e", "status": null, "type": null, "dg_sofia_2023_hyperlink": "http://116dg.com/" }, "geometry": { "type": "Point", "coordinates": [ 23.27499020954351, 42.663978170324405 ] } },
{ "type": "Feature", "properties": { "objectid": 386, "object_nam": "ДГ №116 \"Мусала\" - апартамент", "object_nom": 116.0, "kod_rayon": "17", "adres": "ул. \"Вихрен\", бл.39а", "finansiran": "2", "detaili": "https://www.sofia.bg/documents/20182/887189/DG116-2017.pdf/80cb4f6b-4fc9-489d-9e72-5ac2dfd93b9e", "status": null, "type": null, "dg_sofia_2023_hyperlink": "http://116dg.com/" }, "geometry": { "type": "Point", "coordinates": [ 23.272361494065898, 42.665195457188887 ] } },
{ "type": "Feature", "properties": { "objectid": 387, "object_nam": "ДГ за деца с увреден слух \"Проф. д-р Дечо Денев\"", "object_nom": 0.0, "kod_rayon": "17", "adres": "Манастирски ливади, ул. \"Ген. Стефан Тошев\" №82", "finansiran": "2", "detaili": "http://89.252.196.217/Schools/schinfo?71297", "status": null, "type": null, "dg_sofia_2023_hyperlink": "http://116dg.com/" }, "geometry": { "type": "Point", "coordinates": [ 23.277895144824832, 42.664315922864148 ] } },
{ "type": "Feature", "properties": { "objectid": 388, "object_nam": "ЧДГ \"Светлина\"", "object_nom": 0.0, "kod_rayon": "17", "adres": "кв. Бояна ул. „Майска роза“ №4", "finansiran": "3", "detaili": "http://89.252.196.217/Schools/schinfo?38977", "status": null, "type": null, "dg_sofia_2023_hyperlink": "https://svetlina.net/detska-gradina/" }, "geometry": { "type": "Point", "coordinates": [ 23.264320446332693, 42.655098730499013 ] } },
{ "type": "Feature", "properties": { "objectid": 389, "object_nam": "ЧДГ \"Усмивка\"", "object_nom": 0.0, "kod_rayon": "17", "adres": "кв. Бояна, ул. \"Кумата\" №47", "finansiran": "3", "detaili": "http://89.252.196.217/Schools/schinfo?74673", "status": null, "type": null, "dg_sofia_2023_hyperlink": "https://usmivkabg.com/" }, "geometry": { "type": "Point", "coordinates": [ 23.277839002581239, 42.645289742599502 ] } },
{ "type": "Feature", "properties": { "objectid": 390, "object_nam": "ЧДГ \"Палави крачета\"", "object_nom": 0.0, "kod_rayon": "17", "adres": "ул. \"Брезите\" №16", "finansiran": "3", "detaili": null, "status": "!relocated?", "type": null, "dg_sofia_2023_hyperlink": "https://palavikracheta.com/" }, "geometry": { "type": "Point", "coordinates": [ 23.272952740687561, 42.645449393892008 ] } },
{ "type": "Feature", "properties": { "objectid": 391, "object_nam": "Център за настаняване от семеен тип за деца с увреждания", "object_nom": 0.0, "kod_rayon": "06", "adres": "ул. \"Царева Ливада\" №5", "finansiran": "2", "detaili": "https://www.sofia.bg/en/centers-for-family-type-accommodation", "status": null, "type": null, "dg_sofia_2023_hyperlink": "http://dg148-slance.com/" }, "geometry": { "type": "Point", "coordinates": [ 23.357507733969463, 42.699830758217608 ] } },
{ "type": "Feature", "properties": { "objectid": 392, "object_nam": "ДГ №141 \"Славейкова поляна\"", "object_nom": 141.0, "kod_rayon": "09", "adres": "ул. \"Света гора\" №32", "finansiran": "2", "detaili": "https://www.sofia.bg/documents/20182/887153/DG141-092017.pdf/af2385ba-cb72-4d39-8dd5-feaf3bd31df8", "status": null, "type": "1", "dg_sofia_2023_hyperlink": "https://dg141.com/" }, "geometry": { "type": "Point", "coordinates": [ 23.329159288739458, 42.676292007559354 ] } },
{ "type": "Feature", "properties": { "objectid": 393, "object_nam": "ДГ №149 \"Зорница\"", "object_nom": 149.0, "kod_rayon": "05", "adres": "ул. \"Железопътна\" №22", "finansiran": "2", "detaili": "https://www.sofia.bg/documents/20182/887141/DG149-092017.pdf/ef1bf741-9f44-4c93-b038-dd16d4ed298b", "status": null, "type": "1", "dg_sofia_2023_hyperlink": "http://www.149.cdg.bg/" }, "geometry": { "type": "Point", "coordinates": [ 23.344071453305812, 42.720887530824506 ] } },
{ "type": "Feature", "properties": { "objectid": 394, "object_nam": "ДГ №141 \"Славейкова поляна\" - филиал", "object_nom": 141.0, "kod_rayon": "09", "adres": "бул.\"Свети Наум\"  №22", "finansiran": "2", "detaili": "https://www.sofia.bg/documents/20182/887153/DG156-2017.pdf/3b02b1bb-16a7-43b1-a037-5990d0871d38", "status": null, "type": "1", "dg_sofia_2023_hyperlink": "https://dg141.com/" }, "geometry": { "type": "Point", "coordinates": [ 23.325741476926876, 42.677982066662544 ] } },
{ "type": "Feature", "properties": { "objectid": 395, "object_nam": "ДГ №104 \"Моят свят\" - филиал", "object_nom": 104.0, "kod_rayon": "04", "adres": "ул. \"Веслец\" №38", "finansiran": "2", "detaili": "https://www.sofia.bg/documents/20182/887135/DG150-2017.pdf/c270ce78-cc71-4100-8766-8db9b3895b5a", "status": null, "type": "1", "dg_sofia_2023_hyperlink": "https://cdg104.info/" }, "geometry": { "type": "Point", "coordinates": [ 23.325267423042369, 42.702088398768403 ] } },
{ "type": "Feature", "properties": { "objectid": 396, "object_nam": "ДГ №104 \"Моят свят\" - филиал", "object_nom": 104.0, "kod_rayon": "04", "adres": "ул. \"Веслец\" №31", "finansiran": "2", "detaili": "https://www.sofia.bg/documents/20182/887135/DG150-2017.pdf/c270ce78-cc71-4100-8766-8db9b3895b5a", "status": null, "type": "1", "dg_sofia_2023_hyperlink": "https://cdg104.info/" }, "geometry": { "type": "Point", "coordinates": [ 23.324898000625364, 42.702047956943559 ] } },
{ "type": "Feature", "properties": { "objectid": 397, "object_nam": "ДГ №149 \"Зорница\" - филиал", "object_nom": 149.0, "kod_rayon": "05", "adres": "ул. \"Училищна\" №10", "finansiran": "2", "detaili": "https://www.sofia.bg/documents/20182/887141/DG131-2017.pdf/1119678f-d4bd-495d-abb7-21cef672be57", "status": null, "type": "3", "dg_sofia_2023_hyperlink": "http://www.149.cdg.bg/" }, "geometry": { "type": "Point", "coordinates": [ 23.347209655193975, 42.718536157929741 ] } }
]
}
