NAME,NAME_EN,AMENITY,SHOP,OSM_TYPE,OSM_ID,longitude,latitude
Еделвайс,,restaurant,,node,166591242,23.3928021,42.667372
Милениум,,restaurant,,node,166591355,23.3940037,42.6687226
Приз,Priz,restaurant,,node,168015445,23.3902411,42.6670426
KFC,,fast_food,,node,290726492,23.2599343,42.7145487
Спорко,Sporko,pub,,node,291783429,23.3560243,42.682673
Hom's,,restaurant,,node,306128086,23.3363077,42.6887088
Скадарлиjа,,restaurant,,node,307801276,23.2610739,42.7168533
Островчето,,restaurant,,node,332095079,23.3043402,42.6941561
Златният грош,Golden Coin,restaurant,,node,348207475,23.3401509,42.6451477
Люси 98,,cafe,,node,348207483,23.3599912,42.6525295
Йоли,,restaurant,,node,349283081,23.3623046,42.653427
Family House,,restaurant,,node,351119970,23.2516245,42.7204877
McDonald's,,fast_food,,node,355528248,23.2788639,42.7169288
Ариявич,Ariavich,restaurant,,node,355528758,23.2699863,42.7134717
Momento,,fast_food,,node,364052271,23.3066979,42.6860292
Happy Bar & Grill,Happy Bar & Grill,restaurant,,node,365389384,23.3079425,42.6885709
Момина скала,Momina skala,restaurant,,node,454587175,23.249418,42.6235576
"Кафе-сладкарница ""Момина скала""",Momina Skala,cafe,,node,454587178,23.2495312,42.6236063
OMV - Viva,,fast_food,,node,461624140,23.3416895,42.7077747
Ветрило,,restaurant,,node,462187760,23.299416,42.6702317
Мимас,Mimas,fast_food,,node,487326341,23.3298627,42.6875313
boho,,restaurant,,node,613495269,23.321061,42.6917339
Dark Sister,Dark Sister,restaurant,,node,633181480,23.3215888,42.68959
,,cafe,,node,639999976,23.3553168,42.6572821
,,pub,,node,677550226,23.3407262,42.6535457
,,restaurant,,node,679960873,23.4070758,42.6293432
Скарабар,,restaurant,,node,686682584,23.3461401,42.6978938
Сите Българи Заедно,,restaurant,,node,688797653,23.3097416,42.7111522
Пицария Андра,,restaurant,,node,688798599,23.3100178,42.7112625
Engineer's kitchen,,cafe,,node,704602140,23.354522,42.6568944
Coffee with soul,,cafe,,node,707684276,23.3535985,42.6575589
Оазис,,bar,,node,731526177,23.3437903,42.7397881
Кестените,,restaurant,,node,731533615,23.3433988,42.7383934
Снек-бар,,restaurant,,node,731533620,23.3441434,42.739332
Gio,,cafe,,node,733021182,23.3185554,42.6924469
Dana near & far,,restaurant,,node,766856073,23.3289658,42.671288
РицарЯ,,restaurant,,node,766856075,23.328777,42.6704905
ELIT,,restaurant,,node,791641321,23.2881904,42.7013714
Тимо парк,,restaurant,,node,791641334,23.2941599,42.7054669
,,fast_food,,node,798088982,23.3493834,42.6559365
Спирка за Гладни,,fast_food,,node,802726063,23.3493829,42.6558713
Баба Яга,,fast_food,kiosk,node,805063280,23.3412153,42.6481215
Sweet House,,cafe,,node,819697685,23.3797647,42.6414703
Апартамента,The Apartment,bar,,node,829063739,23.3243053,42.6895533
Уго,,restaurant,,node,829063774,23.3243994,42.6896773
Soda,,cafe,,node,830139861,23.3198731,42.6833681
Лагуна,,restaurant,,node,833828356,23.3000188,42.7336823
Amaro,,cafe,,node,833920564,23.2994953,42.685083
Рош Сладко и солено,,restaurant,,node,833920574,23.2974783,42.6849943
Daisy,,food_court,,node,833931377,23.296634,42.6854607
Северняци,,restaurant,,node,835216306,23.2944184,42.7396166
Хай Уай Тиан,,restaurant,,node,835282577,23.3052812,42.7246728
Релакс,,cafe,,node,835282633,23.3030956,42.7257079
Патладжан,,cafe,,node,835282638,23.3032436,42.7256118
Двете фукли,,cafe,pastry,node,835282676,23.2941473,42.737724
"212",,cafe,,node,835282686,23.2953568,42.737183
,,cafe,,node,851323769,23.3532952,42.6918281
,,restaurant,,node,851323772,23.3536185,42.6918462
,,bar,,node,851323777,23.3539068,42.6919815
,,fast_food,,node,851323791,23.3533059,42.6919913
Al Dente,,restaurant,,node,885911176,23.29406,42.6815592
Baron Craft Beer Bar,,restaurant,,node,885911179,23.3280316,42.698391
Erdinche,,restaurant,,node,905368641,23.3444081,42.6695805
Софийска баница,,restaurant,,node,964765600,23.1450342,42.7103977
ханче Брезите,,restaurant,,node,976488023,23.3645657,42.5250704
Къщата на Ян,,restaurant,,node,1037928662,23.3579593,42.6507563
Воденицата,Vodenitzata,restaurant,,node,1065120608,23.3035155,42.6214674
Eddy's,,cafe,,node,1225900166,23.3703185,42.66651
Bar 19,,cafe,,node,1249699878,23.3104675,42.6975117
,,cafe,,node,1271117913,23.3675965,42.6797961
My Choice,,restaurant,,node,1271118077,23.3674743,42.6796305
Пиано Бар,,bar,,node,1286535637,23.3600054,42.6713284
Чехов 51,,restaurant,,node,1286821713,23.3606459,42.6693948
,,fast_food,,node,1286822616,23.3622446,42.6697696
Куатро Стаджони,Quattro Stagioni,restaurant,,node,1286945930,23.351616,42.671867
Кафе Флай,,restaurant,,node,1308875380,23.4029104,42.6668509
Ресторант Лебед,,restaurant,,node,1357852021,23.4156628,42.5951832
Ресторант Вила Борсалино,Restaurant Villa Borsalino,restaurant,,node,1358298484,23.4195271,42.5877011
Културен дом,,restaurant,,node,1373939547,23.4000736,42.6076269
Spaghetti Kitchen,,restaurant,,node,1386063896,23.3297036,42.6935899
КПГ,,pub,,node,1386208183,23.3297531,42.6940652
Кокалянско ханче,,restaurant,,node,1387218200,23.4239932,42.5826039
ЮСТИ,,cafe,,node,1413166968,23.2595962,42.6628511
Каминката,,restaurant,,node,1491390380,23.2516622,42.6687073
Оазис,,restaurant,,node,1508345605,23.3748174,42.7122931
Вики,,restaurant,,node,1509496706,23.3800225,42.7110281
McDonald's,,fast_food,,node,1595373035,23.2904394,42.650238
Umbrella Bar,,cafe,,node,1654894991,23.3468469,42.6517936
Bonbon,,cafe,,node,1699465201,23.3025824,42.6715231
Sol's place,,cafe,,node,1699498049,23.3002089,42.6777223
Регал,,restaurant,,node,1699498099,23.3027366,42.6737736
Мекица и кафе,,restaurant,,node,1699498101,23.3014303,42.6767687
Марая 21,,restaurant,,node,1699498102,23.3016076,42.6769779
Miss Sweet Point,,fast_food,,node,1699498117,23.3006334,42.6782799
Sasaguri,,restaurant,,node,1699545191,23.3035527,42.6746568
Addict,,cafe,,node,1706033118,23.3869403,42.7134577
,,fast_food,,node,1708813246,23.3414289,42.8006383
Пицария Кумарица,,restaurant,,node,1708814183,23.3411486,42.8001372
Свети Дух,,restaurant,,node,1708814410,23.3413192,42.8010457
,,cafe,,node,1708814531,23.340983,42.800469
,,cafe,,node,1708820367,23.3537333,42.8207843
The Jungle,,restaurant,,node,1729012422,23.3034418,42.7343234
Елей,,cafe,,node,1745952618,23.3113229,42.6910501
Пица Италия,,restaurant,,node,1745952633,23.3116791,42.6915322
Starbucks,,cafe,,node,1756103897,23.3313399,42.6898714
Дивака,Divaka,restaurant,,node,1761486865,23.3211447,42.6930679
Franco's pizza,,restaurant,,node,1780967291,23.3370891,42.6912812
Coffee Break,,cafe,,node,1839699597,23.328809,42.696383
Happy Bar & Grill,Happy Bar & Grill,restaurant,,node,1854248338,23.3206155,42.6965736
RE Club,,cafe,,node,1854248352,23.3303604,42.696832
Златните мостове,Golden Bridges,restaurant,,node,1875929108,23.2391396,42.6102936
Essentiel,,restaurant,,node,1888443489,23.3361659,42.6919434
Aladin Foods,,fast_food,,node,1888449789,23.249753,42.7163426
Yalta Club,,bar,,node,1893263782,23.3336374,42.6928125
,,restaurant,,node,1929699681,23.463714,42.6633251
4ourbar,,restaurant,,node,1972946601,23.3691278,42.6211464
Коловоз 41,,pub,,node,2009733498,23.35192,42.6951706
McDonald's,,fast_food,,node,2093880915,23.3343332,42.6929085
KFC,,fast_food,,node,2093880916,23.318074,42.6974165
McDonald's,,fast_food,,node,2093888650,23.3210026,42.694786
KFC,,fast_food,,node,2093888651,23.322416,42.6940296
Restaurant 507,,restaurant,,node,2099470956,23.3278448,42.6201159
Umamido,,restaurant,,node,2126133009,23.3248762,42.6926459
Veda House,,cafe,,node,2132609030,23.3150892,42.6922471
Еленска механа,,restaurant,,node,2136603950,23.3326436,42.6492106
Кара Иван,,restaurant,,node,2136761965,23.3170494,42.6940184
Green Deli Cafe,,cafe,,node,2183556550,23.3528551,42.6702445
,,cafe,,node,2187684660,23.2909661,42.7071382
,,restaurant,,node,2188486269,23.2908974,42.7061393
,,fast_food,,node,2188508392,23.2936815,42.705876
Fiore 21,,restaurant,,node,2188508440,23.293825,42.70574
Дюнер Рафи,,fast_food,,node,2188508459,23.2937673,42.7058277
Чайка,,restaurant,,node,2188508511,23.2936439,42.7049964
Confetti,,restaurant,,node,2196164951,23.3221121,42.6942233
Тон Шин Юан,,restaurant,,node,2210481935,23.2920749,42.6943589
,,cafe,,node,2217959498,23.2880278,42.7164647
Yugo,,cafe,,node,2235021867,23.3295873,42.698403
Рибс енд Стикс,,restaurant,,node,2235021892,23.3563181,42.6847682
Totem,,restaurant,,node,2286581421,23.364433,42.6689551
GyroLand,,fast_food,,node,2302289458,23.3428677,42.6533075
Храна за офиса и дома,,fast_food,,node,2306189839,23.3113867,42.7117879
кафе клуб,,cafe,,node,2306231309,23.2869645,42.6999142
Лазарин,,cafe,,node,2306231317,23.2868169,42.6998275
Пицария Кери,,restaurant,,node,2308763568,23.2486651,42.7128131
Nourish Well,,fast_food,,node,2324139313,23.3847678,42.6475715
Mr. Pizza,,restaurant,,node,2325107691,23.3196827,42.6657973
Пицария Адоро,Adoro Pizza,restaurant,,node,2362566023,23.2931405,42.6771665
Saloon,,restaurant,,node,2367192925,23.2008345,42.7229476
Ecstacy,,cafe,,node,2375386094,23.307152,42.69171
,,fast_food,,node,2375387687,23.30977,42.692877
Мън Фу Юен,Meng Fu Yuan,restaurant,,node,2375390456,23.2951018,42.6705255
Пей сърце,,restaurant,,node,2378134892,23.3063954,42.6860804
,,fast_food,,node,2378141388,23.3023299,42.6844701
Шънг Лунг,,restaurant,,node,2380000408,23.3050707,42.6969582
Carre,,restaurant,,node,2380870010,23.348855,42.6630089
McDonald's,,fast_food,,node,2385940961,23.3793732,42.6617115
Rosso Fiore,,restaurant,,node,2413627163,23.2919644,42.6740101
Petru's,,restaurant,,node,2417955440,23.3291117,42.6777913
,,cafe,,node,2417963767,23.3455913,42.6624482
Стария чинар,,restaurant,,node,2424462366,23.3366681,42.6991505
Happy Bar & Grill,,restaurant,,node,2452545460,23.2815474,42.6668977
,,cafe,,node,2460528163,23.2702745,42.65462
При Доктора,,fast_food,,node,2471907920,23.3379605,42.7004057
Club 303,,bar,,node,2498853744,23.2395698,42.6869936
,,cafe,,node,2498881392,23.2396034,42.6857278
Спортела,,restaurant,,node,2498912423,23.2481154,42.689738
Фантазия,,restaurant,,node,2498920432,23.2388436,42.6868324
100 грама сладки,,cafe,,node,2530751004,23.3585528,42.6929539
Старата къща,,restaurant,,node,2533674608,23.3571614,42.6935293
,,fast_food,,node,2537905387,23.3567193,42.6951725
Quickly cafe,,cafe,,node,2539606805,23.3564829,42.6956759
,,restaurant,,node,2539607185,23.3565395,42.6955323
Дон Вито,,restaurant,,node,2558459879,23.2826317,42.6930733
Папийон,,fast_food,,node,2560752165,23.3603445,42.6925037
Аристо,,restaurant,,node,2562843612,23.3591681,42.6910293
,,cafe,,node,2562855908,23.3597126,42.6908697
,,fast_food,,node,2562898041,23.3590721,42.6908375
,,cafe,,node,2564486065,23.3583433,42.6883593
,,restaurant,,node,2566468583,23.3609904,42.6902527
При Гюро,,cafe,,node,2567742294,23.360749,42.6888365
,,restaurant,,node,2575868082,23.3639628,42.6905217
Механа При Ловците,,restaurant,,node,2575873006,23.3643893,42.6900898
Кафене Джой,,cafe,,node,2575894403,23.3646441,42.6899677
Inbet,,cafe,,node,2575908902,23.3649498,42.6889424
Green Spot caffe,,fast_food,,node,2578310129,23.3621924,42.6861123
О!Шипка,,restaurant,,node,2586978570,23.327547,42.6990584
При шопите,,restaurant,,node,2588726867,23.3256489,42.6989035
БДС,,restaurant,,node,2590612476,23.3263426,42.6925447
Raffy,,restaurant,,node,2590712888,23.3201019,42.6931943
Wake & Bake Café & Eatery,,fast_food,,node,2610748190,23.3112185,42.6877662
Villa Victoria Ловен парк,Villa Victoria Loven Park,restaurant,,node,2617238760,23.3401402,42.6625452
Джорджо,,restaurant,,node,2619682918,23.3681934,42.6434295
Momo,,cafe,,node,2620866380,23.3203458,42.6851953
Мамин Кольо,,restaurant,,node,2624509550,23.3156244,42.6967461
Абди Сити,,cafe,,node,2626019498,23.423489,42.664393
Гофрети,,restaurant,,node,2637252993,23.2435578,42.720312
Vogue bar and dinner,,restaurant,,node,2637275057,23.2640562,42.7143067
Don Vito,,restaurant,,node,2640131173,23.3810913,42.6553075
,,restaurant,,node,2640142513,23.3730147,42.6609865
Pizza Calabria,,restaurant,,node,2641611722,23.3009567,42.6956231
Beso Bar & Dinner,,restaurant,,node,2642690025,23.2795162,42.6680573
Класико,Classico,restaurant,,node,2644451253,23.3416997,42.6442626
Hesburger,,fast_food,,node,2644477357,23.3441706,42.653539
Domino's,,fast_food,,node,2651679055,23.2489711,42.7130185
Happy Bar & Grill,,restaurant,,node,2661398657,23.3263118,42.6920116
Yops,,fast_food,,node,2686961069,23.3139174,42.6571602
Mezeto,,pub,,node,2691118636,23.3132373,42.6933938
Spaghetti Kitchen,,restaurant,,node,2691126894,23.3206111,42.6960912
Александрия,,restaurant,,node,2692375469,23.4022902,42.6856331
Ventana,,restaurant,,node,2695154298,23.3675498,42.6662715
My Choice,,restaurant,,node,2697765505,23.337694,42.6149969
При молива,,restaurant,,node,2701411855,23.3654071,42.6630126
Costa,,cafe,,node,2702467224,23.4653209,42.6303821
The GIN House,,restaurant,,node,2704763676,23.3314341,42.6915582
"Ханче ""Шумако""",,restaurant,,node,2706960724,23.3510173,42.6019392
Лазиза Дюнер,Laziza Döner,fast_food,,node,2724962008,23.3036051,42.6696315
Go fresh,,fast_food,,node,2806940673,23.3125856,42.6982562
Meat the Greeks,,restaurant,,node,2868691486,23.3215437,42.6942622
Ствфанович,,restaurant,,node,2876580712,23.3189448,42.6685027
Stani's place,,restaurant,,node,2894923680,23.4156176,42.6634639
Art Club,,bar,,node,2902654250,23.3393279,42.6902288
Царевецъ,,restaurant,,node,2902729075,23.3421544,42.6896045
Pizza Don Vito,Pizza Don Vito,restaurant,,node,2902881665,23.3428093,42.6894615
,Soup House,cafe,,node,2910142437,23.3161787,42.6923958
Париж,,cafe,,node,2910162102,23.3157054,42.6940591
Coyote,,cafe,,node,2910167009,23.3165216,42.6934182
"Книжарница-кафе ""Защо не?""",,cafe,books,node,2910991034,23.3169428,42.693106
Бумеранг,,cafe,,node,2911969668,23.3169715,42.6902452
Wonderland,,bar,,node,2912042839,23.3177437,42.6909707
Papous Tsipouradiko,,bar,,node,2912075670,23.318503,42.6916326
Seven,,bar,,node,2912508768,23.3176287,42.6923153
J.J. Murphy’s,,pub,,node,2912518609,23.3185554,42.6934721
Пасторант,,restaurant,,node,2912523701,23.318984,42.6933313
Baskerville,,bar,,node,2912541949,23.3186521,42.6940747
The Sushi Bar,,restaurant,,node,2912565486,23.3188342,42.6940429
Coda,,bar,,node,2912710603,23.3190705,42.6946385
"Бирария ""1516""",,pub,,node,2912723284,23.3194176,42.6947607
Coffee Fellows,,cafe,,node,2912778563,23.3191052,42.6899954
Vitosha Street,,cafe,,node,2912783201,23.320409,42.6942146
Sofia bar & dinner,,bar,,node,2912788061,23.3208347,42.6942108
Wok to Walk,,fast_food,,node,2912788062,23.3204831,42.6944307
Сладоледи Afreddo,,ice_cream,,node,2912844104,23.3202918,42.6937618
Memento,,cafe,,node,2913294862,23.3197474,42.6920809
Lavele Garden,,restaurant,,node,2913324119,23.3196195,42.6918985
Pizza Roma,,restaurant,,node,2914115724,23.3188618,42.6913601
Streetbar & Co.,,bar,,node,2914145486,23.3194071,42.6909915
Добро,Dobro,restaurant,,node,2914151571,23.3185734,42.6910803
Senior Burrito,,fast_food,,node,2914215215,23.3192407,42.6904707
Gelateria Italiana,,ice_cream,,node,2914448605,23.3189599,42.6895864
Garden House,,restaurant,,node,2915068949,23.3194856,42.689105
Franco's,,restaurant,,node,2915077197,23.3196512,42.6897296
Ale House,,pub,,node,2916021369,23.3204954,42.6900767
Osteria Tartufo,,restaurant,,node,2916103482,23.3205483,42.6911333
Caligo,,bar,,node,2916105578,23.3205792,42.6913226
Green Bar,,bar,,node,2918345864,23.3198726,42.6909679
Уго,Ugo,restaurant,,node,2918379080,23.3201603,42.6916633
Constantinoff,,bar,,node,2918444635,23.320481,42.6930493
Хаджидрагановите изби,Hadjidraganov's Cellars,restaurant,,node,2918462703,23.3210994,42.6929184
Cactus,,restaurant,,node,2918463729,23.3210641,42.6927501
bar.bites,,restaurant,,node,2919472049,23.3220444,42.6920504
Raffy,,restaurant,,node,2919492355,23.3224286,42.6920426
Bistro Pesto,,restaurant,,node,2919492356,23.3220553,42.691851
Daro,,cafe,,node,2919505570,23.3220191,42.691507
McDonald's,,fast_food,,node,2919517679,23.3239967,42.6919161
Уго,,restaurant,,node,2919529237,23.3236513,42.6914593
The Cocktail Bar,,bar,,node,2920068096,23.3223424,42.6922439
Corgi's Cafe-Food-Bar,,cafe,,node,2920169479,23.3214609,42.6939548
Martines,,cafe,,node,2920170500,23.3218497,42.6944284
Momo,,fast_food,,node,2920189641,23.3223854,42.6938817
Rock 'n Rolla,,bar,,node,2921147815,23.3225461,42.6944292
Лампата,,restaurant,,node,2921150161,23.321546,42.690165
Fantastic Food,,fast_food,,node,2923434101,23.3234779,42.7043345
Ikram,,restaurant,,node,2923450401,23.3222798,42.7004236
Мамин Кольо,,restaurant,,node,2924272801,23.2958544,42.6840051
Kuzina,,restaurant,,node,2930764201,23.3215198,42.6893374
Cafe 44,,restaurant,,node,2930775895,23.3209289,42.6899607
Teos bar,,cafe,,node,2932603242,23.3219092,42.6896083
Annette,Annette Maroccan Restaurant,restaurant,,node,2932624982,23.3220433,42.6903517
Izbata 2,,restaurant,,node,2934026456,23.3232546,42.6911278
Дивака,,restaurant,,node,2934032371,23.3224714,42.6911674
Niko'las,,restaurant,,node,2934789714,23.3226964,42.692004
Дупката,,bar,,node,2934794198,23.3235687,42.6925613
Виктория,Victoria,restaurant,,node,2936557998,23.3300885,42.6951341
Kanaal,,bar,,node,2936560152,23.347275,42.6959028
120ска,120ska,bar,,node,2979066403,23.3725373,42.647392
,,fast_food,,node,2987238430,23.3415633,42.6604935
Roderic,,bar,,node,2992234406,23.3286866,42.6902086
Манастирска Магерница,Manastirska Magernitsa,restaurant,,node,3007629877,23.3246,42.6893428
Starbucks,,cafe,,node,3011611339,23.3215039,42.6861238
При Орлите,,restaurant,,node,3016618977,23.3252195,42.6937277
Forest Cafe,,cafe,,node,3016622518,23.3291368,42.6695349
Lege,,bar,,node,3019206155,23.3235027,42.6954437
Grand Café,,cafe,,node,3019206157,23.3247834,42.6943152
Чекпойнт Чарли,Checkpoint Charly,restaurant,,node,3019210968,23.3277671,42.6928486
Жул Верн,,bar,,node,3019220124,23.3284539,42.6938046
Бистро Дървеното,,restaurant,,node,3020078738,23.3602422,42.7028362
The Irish Harp,,pub,,node,3021098136,23.3198442,42.696494
Халбите,,pub,,node,3021273930,23.3168245,42.6955805
Green Deli Cafe,,cafe,,node,3022268400,23.3177095,42.6971596
Гурманова тайна,,restaurant,,node,3022275278,23.3179068,42.6971242
Subway,,fast_food,,node,3022275279,23.3180382,42.697075
Mr. Gyros,,fast_food,,node,3022368766,23.3176311,42.696964
Versus,,bar,,node,3022368769,23.3178366,42.696899
Morgan's Bar,,bar,,node,3022431898,23.3170771,42.6972122
The Black Lodge,,bar,,node,3022436361,23.3173392,42.6976107
Авразия,,restaurant,,node,3025793568,23.3153104,42.6941084
Бешамел,,restaurant,,node,3027146720,23.3142725,42.6915298
India House,,restaurant,,node,3028739197,23.3146297,42.6903892
Прага 18,Praga 18,bar,,node,3030669548,23.3120216,42.6886491
Sushi Express,,restaurant,,node,3030673605,23.3121075,42.6883448
Khaola Sara foodз,,restaurant,,node,3032594119,23.3117772,42.6869655
3 oz. bar,,bar,,node,3035725679,23.3220992,42.6862595
Vita rama,,restaurant,,node,3035725681,23.3216539,42.6853182
Manzo,,restaurant,,node,3035730812,23.3230491,42.6858879
By the Way,,restaurant,,node,3035730813,23.322652,42.6864966
Пицария Бурано,Pizza Burano,restaurant,,node,3035743282,23.3229426,42.6844883
Pizza@home,,restaurant,,node,3035743283,23.3233,42.6847058
Motto,,restaurant,,node,3038829154,23.3301366,42.6936705
Кафе-галерия Synthesis,,cafe,,node,3040119376,23.3294992,42.6888657
Mr. Pizza,,restaurant,,node,3040125597,23.3292608,42.6886455
Бистро Любимото,Bistro Lyubimoto,restaurant,,node,3040127761,23.329245,42.6894355
Мамма Миа,,restaurant,,node,3040132420,23.3280345,42.6894897
Namos,,restaurant,,node,3040134318,23.3281724,42.6902241
Minibar,,bar,,node,3040139081,23.3299491,42.6906524
Yum,,restaurant,,node,3040141858,23.3291533,42.6909107
Thin Red Line,,bar,,node,3046464566,23.3052025,42.6970146
Burrata Italiana,,restaurant,,node,3062912693,23.3188182,42.6717942
Гуркха,Gurkha,restaurant,,node,3063061179,23.3152369,42.6732007
Emesa,,restaurant,,node,3063077347,23.3184283,42.6752395
Немска бирария Фенерите,The Lanterns German Alehouse,restaurant,,node,3063160276,23.3110138,42.6731868
,,restaurant,,node,3063298405,23.3179591,42.6719542
Ili Beirut,,restaurant,,node,3064049871,23.330787,42.6706631
Straight Club,,bar,,node,3065074357,23.3358095,42.6928578
Домашна Кухня Черни Връх,,restaurant,,node,3068316307,23.3202192,42.6706493
Green Deli Cafe,,cafe,,node,3068334848,23.3202692,42.6707386
Chef's,,restaurant,,node,3068344426,23.3180086,42.6702765
Бирария Стамболовъ,,restaurant,,node,3069041305,23.3232033,42.6784976
Мама Миа,,restaurant,,node,3069073189,23.3239004,42.6820251
Arcadia,,restaurant,,node,3069384526,23.3245652,42.6796998
The Old Dutchman,,pub,,node,3070859041,23.328806,42.6796387
Forno Cipollini,,restaurant,,node,3070860979,23.3315653,42.6804868
Орлово гнездо,,restaurant,,node,3070891292,23.3340178,42.6810585
Ротонда,Rotonda,cafe,,node,3072121799,23.3227547,42.6966678
Capo,,restaurant,,node,3072123896,23.3227299,42.6966127
Art Club Museum,,restaurant,,node,3072133700,23.3242413,42.6963367
,,restaurant,,node,3072143589,23.3222493,42.6970983
Franco di Roma,,restaurant,,node,3073584933,23.2921633,42.6738813
Piu Dolce,,cafe,,node,3076004326,23.3233207,42.69236
Golden Nero,,restaurant,,node,3079380245,23.3098242,42.67772
Отечество,,restaurant,,node,3079380390,23.3103212,42.6788895
The gentlemen,,restaurant,,node,3079388107,23.3103723,42.6790731
Donas,,fast_food,,node,3079881762,23.3423637,42.6529971
Chillout Cafe,,restaurant,,node,3080414470,23.3172487,42.6845913
Macondo,,bar,,node,3082248960,23.3252196,42.6988325
Пиано бар Чикаго,Piano Bar Chicago,bar,,node,3082324077,23.3271123,42.6982197
Orsetti Pasticceria,,restaurant,,node,3083389506,23.32856,42.6982807
SBI,,restaurant,,node,3083397700,23.328144,42.6995895
Бюфетъ,Buffet,restaurant,,node,3083491439,23.3279954,42.7003951
The Muse,,bar,,node,3083498413,23.3266522,42.7001568
Skapto,Skapto,fast_food,,node,3083498484,23.3264863,42.699798
Barista Coffee and more,,cafe,,node,3083632413,23.3266191,42.7004951
Камелот,,restaurant,,node,3087327027,23.5495607,42.4718605
Магданоз,,bar,,node,3097124222,23.3107291,42.6948636
Шугър,Sugar,bar,,node,3098100743,23.3192556,42.6985087
Largo Di Serdika,,bar,,node,3098732423,23.3225686,42.6980859
"Шаварма ""Алгафари""",Shawarma Algafari,fast_food,,node,3099463864,23.3237715,42.7038768
Costa,,cafe,,node,3104193435,23.336756,42.6925761
Клуб на архитекта,Club of the Architects,restaurant,,node,3104193436,23.3373536,42.6932825
Cafe de luxe,,cafe,,node,3110296241,23.3612187,42.6800705
Green Deli Cafe,,cafe,,node,3111781442,23.3442958,42.6875965
Виктория,Victoria,restaurant,,node,3111809958,23.3456833,42.6880756
При Майстор Ибо,Pri Maistor Ibo,restaurant,,node,3119999360,23.2878951,42.6733263
Nature bar& food,,restaurant,,node,3120014629,23.2841455,42.6690315
Банкович,,restaurant,,node,3120016035,23.2847481,42.6682745
Бандера,,cafe,,node,3120016929,23.284762,42.668687
Papa John's,,fast_food,,node,3120028431,23.2867503,42.6652701
Diana,,ice_cream,,node,3130698330,23.2875878,42.6708361
,,fast_food,,node,3130699629,23.2874917,42.6707429
Класик,,cafe,,node,3130704229,23.2895035,42.6687934
Mr. Pizza,,restaurant,,node,3130710430,23.2899534,42.6667657
Таратор,,restaurant,,node,3160288418,23.3169625,42.7040572
L'Étranger,,restaurant,,node,3167584812,23.3239895,42.7011238
Viva Cafe,,cafe,,node,3167845086,23.3107837,42.7034089
Coffee & Croissant to Go,,cafe,,node,3167851713,23.3102099,42.700927
Royal Thai,,restaurant,,node,3171724665,23.3304271,42.6921553
KFC,,fast_food,,node,3179877677,23.308836,42.698069
Happy Bar & Grill,Happy Bar & Grill,restaurant,,node,3179877684,23.3079793,42.6983125
Хъшове,Hashove,restaurant,,node,3182025199,23.2890665,42.7003551
Mon ami,,restaurant,,node,3183667163,23.2961826,42.6803012
Дегея,Degeq,restaurant,,node,3183687813,23.2909475,42.6815
Antique,,restaurant,,node,3183687814,23.29334,42.6819593
О!Шипка,,restaurant,,node,3191317922,23.2768112,42.6708658
Bacon,,restaurant,,node,3193735085,23.2954537,42.669877
Spaghetti Company,,restaurant,,node,3194948488,23.289305,42.6640943
Nuevo,,restaurant,,node,3196340890,23.3102237,42.6807466
Лъчони,,restaurant,,node,3218262211,23.3513868,42.7081376
Viva,,cafe,,node,3231624293,23.2908157,42.6676989
Делиция,Delicia,cafe,,node,3254955861,23.3671675,42.6426847
Верона,,restaurant,,node,3267863836,23.3033381,42.7294069
Червен Изток,,restaurant,,node,3292300863,23.2897835,42.6711595
Витоша,,restaurant,,node,3297207114,23.365703,42.5338605
Бар Пойнт,Bar Point,bar,,node,3317525470,23.3034117,42.7259195
Aladin Foods,,fast_food,,node,3317525471,23.3035693,42.7257506
,,fast_food,,node,3317525472,23.3035374,42.7257848
Happy Bar & Grill,Happy Bar & Grill,restaurant,,node,3355481518,23.379277,42.6482292
E-Motion,,bar,,node,3366735385,23.3759251,42.6554071
,,fast_food,,node,3380818507,23.3114568,42.6984163
ATA,,restaurant,,node,3406043749,23.3543086,42.6672093
Bar & Dinner 88,,restaurant,,node,3468532186,23.320311,42.693813
Castello,,cafe,,node,3475113394,23.2952558,42.6758567
Старата госпожа,,restaurant,,node,3477199493,23.342324,42.6945412
,,cafe,,node,3491709493,23.2954204,42.6870941
Червеното,,cafe,,node,3491729793,23.2917351,42.6851278
,,fast_food,,node,3491730865,23.2920795,42.6854566
Comedy Club,,bar,,node,3504370477,23.3264615,42.6974939
Gravity,,bar,,node,3504370478,23.3261987,42.6975117
After Five,,bar,,node,3504377639,23.3267056,42.6974505
Бирария Дондуковъ,,pub,,node,3504388546,23.3276409,42.6976673
Go Grill горнооряховска скара,,fast_food,,node,3504395376,23.327311,42.6981088
Фабрика Дъга,Rainbow factory,cafe,,node,3506792233,23.3259351,42.698897
Костис,Kostis,cafe,,node,3511830144,23.3282486,42.6982261
Ninja Bowl,,fast_food,,node,3511834081,23.3298021,42.6977169
Тортила флет,,cafe,,node,3511914057,23.3330781,42.6977588
Август,August,cafe,,node,3511915295,23.3322236,42.6979126
Taj Mahal,,restaurant,,node,3511915296,23.3320922,42.6980939
Дюнери,,fast_food,,node,3511918146,23.3323865,42.6981557
,,restaurant,,node,3511927305,23.3284819,42.6970473
Tobacco Garden,,cafe,,node,3514046460,23.327063,42.6964786
Unica,,restaurant,,node,3514096211,23.3288098,42.6952452
Дървеното,,restaurant,,node,3516114054,23.3386416,42.6973891
KFC,,fast_food,,node,3522548197,23.3198913,42.6784387
thang long,,restaurant,,node,3522548198,23.32013,42.6785453
Росини,,cafe,,node,3522591293,23.3476259,42.6959508
Мадрид,,bar,,node,3522593744,23.3479482,42.6959787
Чорбаджийница Байонет,,restaurant,,node,3522631031,23.3487768,42.6959941
Дюнер Мадрид,,fast_food,,node,3522648581,23.3490536,42.6962075
Foodpoint,,fast_food,,node,3522660791,23.3496117,42.6965432
,,fast_food,,node,3522700396,23.3539578,42.6972826
Гостилницата,,restaurant,,node,3522705105,23.3536683,42.6972243
И. Нел,,cafe,,node,3522708922,23.3532657,42.696774
Дъбчето,,cafe,,node,3522713107,23.3528527,42.697037
Pavilion 24,,fast_food,,node,3522713225,23.3526876,42.6967055
Мистър панда,,restaurant,,node,3522720838,23.3475794,42.6958027
Щастливеца,Shtastlivetsa,restaurant,,node,3522739677,23.3205572,42.6933136
Costa,,cafe,,node,3522742539,23.3242871,42.6951622
Hesburger,,fast_food,,node,3523716417,23.3210486,42.694978
Бързото кебапче,,fast_food,,node,3524236655,23.3216734,42.6946266
Hacienda Canteen,,restaurant,,node,3524265293,23.3212295,42.6933438
Mona Lisa,,ice_cream,,node,3524287356,23.3204049,42.6927715
Sofia Club,,bar,,node,3527006445,23.3250699,42.694035
Yam Yam,,fast_food,,node,3527019769,23.3252893,42.6924562
Синият лъв,,restaurant,,node,3531592234,23.3265436,42.6935827
Ciccione,,restaurant,,node,3531604212,23.3261118,42.6931038
Гозби,,fast_food,,node,3531604213,23.3259535,42.6931905
Биад,,bar,,node,3531631144,23.3263237,42.6927133
Карусел,,bar,,node,3531648020,23.3262459,42.6924807
,,fast_food,,node,3531653198,23.3254037,42.6926286
Макси,,fast_food,,node,3531727449,23.3286414,42.6944522
Doris,,cafe,,node,3531742163,23.3292455,42.6934887
Градски легенди,,restaurant,,node,3531751001,23.3295883,42.6938578
Caldo,,bar,,node,3532688080,23.3286719,42.6940182
Silicone,,restaurant,,node,3532693237,23.3286014,42.6939491
Confetti,,cafe,,node,3539974919,23.3193183,42.6907429
Twist & Go,,fast_food,,node,3539976605,23.319282,42.6906156
Bamboo Flavor Factory,,fast_food,,node,3540098013,23.3251018,42.6916122
БитБургер Клуб,BitBurger Club Beer Garden & Restaurant,bar,,node,3540737618,23.32549,42.6922478
Club Long John,,cafe,,node,3540752433,23.3257928,42.690107
Хамбара,,bar,,node,3540763511,23.3255166,42.6901512
Мон Парнас,,restaurant,,node,3540768694,23.325941,42.6899344
Gyroland,,restaurant,,node,3540768727,23.3261722,42.6903038
Phine,,bar,,node,3540782520,23.3257207,42.6897973
Bar 75,,bar,,node,3542450528,23.3315543,42.6905581
Pop Up Chicken,,fast_food,,node,3542511229,23.3292372,42.6909867
Skinny,,bar,,node,3542522192,23.3274356,42.6924291
Старецът и морето,,restaurant,,node,3545399635,23.3375838,42.6898055
Costa,,cafe,,node,3545560018,23.3190378,42.6897742
Paradiso,,restaurant,,node,3552031812,23.3173743,42.6861716
Атене,,cafe,,node,3552047119,23.317314,42.6860433
Палачинките,,fast_food,,node,3552051018,23.3177288,42.6862898
Aladin Foods,,fast_food,,node,3557008083,23.2934983,42.7355521
Бистро Търтей,,restaurant,,node,3578816249,23.3242901,42.6853912
,,fast_food,,node,3583434118,23.286025,42.6781081
Манджа станция,,fast_food,,node,3590712748,23.3225532,42.6887884
При Илко,,restaurant,,node,3590723686,23.3532544,42.6843347
Бърза закуска Ситняково,,fast_food,,node,3590734801,23.3534073,42.684863
Пица Попай,,fast_food,,node,3590734804,23.3533624,42.6847426
Виктория,Victoria,restaurant,,node,3590796068,23.355037,42.6820491
Син гуейбин лоу,,restaurant,,node,3590796070,23.3549684,42.6825779
Pizza Max,,fast_food,,node,3592488625,23.3031506,42.7332387
Цорко,,fast_food,,node,3592492415,23.2958895,42.7329811
Джорджо Джани,,cafe,,node,3593868716,23.3556782,42.6826238
Блян,,cafe,,node,3593915768,23.3584474,42.6834597
В двора,,restaurant,,node,3593962563,23.3603385,42.6825785
Пицария Джиков,Pizza Djikov,restaurant,,node,3593963604,23.3605491,42.6836471
Нещо Бар и 20,,bar,,node,3610551803,23.3487141,42.6941642
Иначе,,restaurant,,node,3620740515,23.3643025,42.6823477
Matinee,,cafe,,node,3620742341,23.3621406,42.6810503
Трафа,,restaurant,,node,3620742342,23.3635407,42.6807525
Мечките,,restaurant,,node,3620747102,23.3632806,42.6800203
Family mood,,restaurant,,node,3620807399,23.3734474,42.6804955
Балев Органик Кафе,Balev Organic Cafe,cafe,,node,3624029856,23.308358,42.675047
Little Sofia,,restaurant,,node,3624041909,23.3083064,42.674766
,,restaurant,,node,3631997757,23.4388675,42.640231
Tea & Eat,,restaurant,,node,3633883227,23.3550341,42.6740608
Старата къща,The Old House,restaurant,,node,3634308281,23.3585006,42.6731962
Джамбо,,restaurant,,node,3634309368,23.3590343,42.672427
,,fast_food,,node,3635403731,23.3685039,42.6776935
,,cafe,,node,3635428725,23.3640004,42.6768218
Тава,,restaurant,,node,3635598094,23.3591142,42.6761704
Ловците,,restaurant,,node,3635598095,23.3598815,42.6762515
Механа Нашенци,,restaurant,,node,3635627259,23.3547203,42.6780345
,,fast_food,,node,3635922951,23.3086409,42.6726468
Siesta,,restaurant,,node,3635952431,23.3065063,42.6664484
Ahora,,restaurant,,node,3635956647,23.3158961,42.664253
Кафе Портокал,,cafe,,node,3639224346,23.3144888,42.710339
При Кораба,,cafe,,node,3646716190,23.3414591,42.6605323
Кьошето,,restaurant,,node,3646726424,23.3361084,42.6596733
Adagio,,cafe,,node,3647454483,23.345984,42.6688593
Monroe,,cafe,,node,3649758474,23.3233786,42.6851368
My crepes,,fast_food,,node,3649759526,23.3229482,42.6867174
Pizzarco,,fast_food,,node,3649759527,23.3229878,42.6869576
Le soleil,,cafe,,node,3649759529,23.3233561,42.6845855
Цър-Пър,,fast_food,,node,3649767003,23.3258639,42.6825161
Corner Club,,bar,,node,3649767214,23.3268778,42.683784
Haiku Sushi,,restaurant,,node,3651381898,23.3260658,42.6723937
Bigla Bar,,bar,,node,3651398046,23.3272719,42.6711722
Culture Beat,,bar,,node,3653902200,23.3194949,42.6844351
Costa,,cafe,,node,3656047825,23.4156579,42.6886915
,,restaurant,,node,3656115427,23.4293965,42.7094652
Клуб на финансиста,,cafe,,node,3656483688,23.327925,42.6943426
Cafe House,,cafe,,node,3656485981,23.3284547,42.6945141
Le Muse,,restaurant,,node,3656516305,23.3212451,42.6912563
Vitamin C,,cafe,,node,3656604997,23.3252134,42.6910794
Grafa,,restaurant,,node,3656626432,23.3252952,42.690894
Мамините гозби,,fast_food,,node,3657737522,23.3253739,42.690935
Мекица и кафе,,cafe,,node,3657752176,23.3254787,42.6908516
Залива,Garden Bistro Zaliva,restaurant,,node,3657805257,23.329547,42.6880072
,,fast_food,,node,3657901480,23.3297364,42.6885816
Зиенбинг къуъдзъ,,fast_food,,node,3657901481,23.3296593,42.688518
Мимас,Mimas,fast_food,,node,3657927687,23.3292361,42.6881538
Sushi King,,restaurant,,node,3657953282,23.3300881,42.6893031
Gyros Planet,,fast_food,,node,3657974839,23.3305297,42.6896911
Spaghetti Company,,restaurant,,node,3663833601,23.3113787,42.6802264
Green Sport,,cafe,,node,3672217864,23.3808642,42.6770124
Betys,,cafe,,node,3675839425,23.2935125,42.6787063
Сръбска скара,,fast_food,,node,3681459067,23.3657341,42.6827021
Pavilion 24,,cafe,,node,3681494952,23.3632018,42.6831658
Grill house,,fast_food,,node,3681502202,23.3555594,42.6934993
,,restaurant,,node,3681519999,23.4173076,42.7080239
Сръбска скара,,restaurant,,node,3681520000,23.436582,42.7083629
Слатина,,restaurant,,node,3683034408,23.3740454,42.6809804
При Перо,,restaurant,,node,3683035746,23.3665022,42.6778358
Вилици и Лъжици,,restaurant,,node,3683061270,23.3996636,42.6779205
,,fast_food,,node,3686160424,23.2412378,42.6586819
Софийска баница,,fast_food,,node,3686236281,23.2720568,42.67115
,,fast_food,,node,3688550886,23.364204,42.672044
Fresh foods,,fast_food,,node,3688611379,23.366117,42.6787923
Villa Park,,restaurant,,node,3688625092,23.3140794,42.6753095
Paesano,,restaurant,,node,3688632288,23.3137432,42.674575
Fish & Grill,,restaurant,,node,3688634502,23.3126605,42.6745227
Arnold fit Food,,restaurant,,node,3688635164,23.3133324,42.6742733
Floret,,restaurant,,node,3688638183,23.3319853,42.6932602
Козела,,restaurant,,node,3703592594,23.288111,42.6767099
Двата Лъва,,restaurant,,node,3703607319,23.289649,42.6751433
Механа Пломари,,restaurant,,node,3703647077,23.4021637,42.6676862
Lucafe,,cafe,,node,3715173532,23.2844692,42.6642431
Пица Лъчони,Pizza Lachoni,restaurant,,node,3729925118,23.4023908,42.647731
Да поседнем,,restaurant,,node,3764303550,23.2637243,42.648402
Сандвичарница,,fast_food,,node,3764954875,23.3102836,42.6928744
Кафе-аператив Айвъри,Cafe Ayvari,cafe,,node,3774198500,23.3051727,42.7142956
Имунитет,,restaurant,,node,3782049928,23.2943116,42.7094186
The family,,cafe,,node,3783849327,23.323583,42.6902374
Monterey,Monterey,restaurant,,node,3796566194,23.3517687,42.6720317
Пиле на грил,,fast_food,,node,3809767249,23.3007927,42.7027129
Restaurant with beer garden,,restaurant,,node,3830892769,23.5204207,42.7091878
Motor City,,bar,,node,3832491611,23.3182344,42.6943858
Пиано бар Poison,,bar,,node,3840553985,23.3311035,42.6935919
Savage Garden,,restaurant,,node,3856618057,23.291788,42.670225
Simit Evi,,cafe,,node,3857004160,23.2885037,42.6754295
Domino's,,fast_food,,node,3857007758,23.285638,42.672881
Борето,,restaurant,,node,3857020957,23.2882668,42.6753352
Social Cafe,,restaurant,,node,3869053731,23.3201667,42.693429
Raketa,,restaurant,,node,3869638878,23.3420071,42.6982758
Бистро Релакс,,restaurant,,node,3869867291,23.3183103,42.6953345
Adams,,bar,,node,3881522590,23.3339503,42.7038693
,,fast_food,,node,3883570160,23.2922843,42.6767638
Ресторант Деметра Обеля,,restaurant,,node,3887349623,23.2618996,42.7382907
Тинята,,cafe,,node,3887967393,23.3949926,42.6705561
Piano Bar Braga,,bar,,node,3901978504,23.3173566,42.6874597
,,fast_food,,node,3976109066,23.3401364,42.6450261
RepEat,,fast_food,,node,3976109067,23.3398472,42.6421607
Пала Бургер,Palla Burger,fast_food,,node,3984966037,23.3414692,42.6446321
Magellan,,pub,,node,3991144054,23.3307116,42.699446
Lucky Kitchen,,restaurant,,node,3997125019,23.3941426,42.6792494
,,restaurant,,node,4002276843,23.1978899,42.6276782
Crafter,,pub,,node,4007509918,23.3215751,42.6943459
Кафе-сладкарница Дворецът,,cafe,,node,4011767247,23.3763389,42.6524005
"Сладкарница ""Мараскини""",,cafe,,node,4053669217,23.3678704,42.6465266
Tahini kitchen,,restaurant,,node,4054354543,23.3441681,42.6936666
One Way,,restaurant,,node,4075755945,23.3258213,42.6937861
Laplaza,,restaurant,,node,4081106641,23.3612916,42.7072736
Фаворит,,restaurant,,node,4084917418,23.3218157,42.7067936
,,restaurant,,node,4133650092,23.2861008,42.6820186
Pavilion 24,,cafe,,node,4133659392,23.2846643,42.6806974
Фантазия,,fast_food,,node,4133663689,23.2855744,42.6784279
Сараево,,restaurant,,node,4133663690,23.2857022,42.6812901
,,cafe,,node,4133663790,23.2830385,42.6806546
Романтика,,cafe,pastry,node,4133663892,23.2847408,42.6757016
Мама Мия,Mamma Mia,restaurant,,node,4141418189,23.360655,42.6805425
Sisi Fish,,fast_food,,node,4148986728,23.2989764,42.7057993
Phoenix,N&K Bakery,fast_food,,node,4151193333,23.304877,42.7142426
Кухнята на мама,,fast_food,,node,4152281692,23.2854049,42.6768819
Cairo,,restaurant,,node,4152281695,23.2869702,42.6769685
Hasienda,,restaurant,,node,4152317795,23.2873756,42.6806062
Mon Macaron,,cafe,,node,4152341593,23.2864208,42.6808234
Dejavu Bar,,bar,,node,4152341689,23.2845413,42.6806894
Il Forno,,restaurant,,node,4152341693,23.2853098,42.6730922
Нели,,cafe,,node,4152341694,23.2824869,42.6769756
Go Grill,,fast_food,,node,4161457893,23.3956074,42.6682549
Supa Star,,restaurant,,node,4162679589,23.3311016,42.6926533
Софийска баница,,restaurant,,node,4170065489,23.3220075,42.6914361
Витамин Б,Vitamin B,bar,,node,4171971689,23.3356214,42.6978713
Есте,,restaurant,,node,4176129414,23.35315,42.6703252
MetCake,,cafe,,node,4186858396,23.3215458,42.671324
Local,,bar,,node,4198049600,23.3248697,42.6877404
Крайпътна къща Старт,,cafe,,node,4208030689,23.3029848,42.7134248
Анкора,,restaurant,,node,4212058589,23.287044,42.7091214
Ам Гъл,,restaurant,,node,4219859090,23.3401551,42.6961577
Пица Лъчони,,restaurant,,node,4225059294,23.3692446,42.6375796
Пици Фрици,,restaurant,,node,4225206898,23.3803666,42.6487459
Domino's,Domino's,fast_food,,node,4225313189,23.3170972,42.6972721
Сръбска скара,,restaurant,,node,4230972513,23.2545095,42.6893774
Дюнер бургер,,fast_food,,node,4230972535,23.2549589,42.6878513
Палачинките,,fast_food,,node,4230981655,23.2549709,42.687803
Skapto,Skapto,fast_food,,node,4232118636,23.3297647,42.6914587
Modera Mood Bar,,cafe,,node,4235120898,23.3451413,42.6538512
Gelateria Naturale,,ice_cream,,node,4236514247,23.330779,42.6924277
Космос,,restaurant,,node,4239020790,23.3190422,42.6947558
Пица Пронто,Pizza Pronto,restaurant,,node,4244113499,23.3494342,42.64509
,,fast_food,,node,4266619323,23.3598034,42.676341
Дюнерите до Плиска,,fast_food,,node,4266619327,23.359778,42.6762932
Марти,,restaurant,,node,4278164024,23.264991,42.6619357
CoKitchen,CoKitchen,restaurant,,node,4282186721,23.3309061,42.6931951
,,cafe,,node,4290924691,23.379924,42.6659345
Delight,,restaurant,,node,4308089683,23.3737813,42.6418635
,,cafe,,node,4310427789,23.2903793,42.7345899
Soul Kitchen,,restaurant,,node,4315554111,23.3273666,42.6843333
Made in Blue,,restaurant,,node,4315566137,23.3292463,42.6900638
Стара София Дамарче,,restaurant,,node,4315581892,23.3269986,42.698419
Фантазия,,restaurant,,node,4317522637,23.2993563,42.6669008
Bianco Carrello,,restaurant,,node,4318174587,23.3033731,42.6648945
,,cafe,,node,4318187313,23.3369226,42.6947453
"Сладкарница ""Роза""",,cafe,,node,4326325012,23.2840341,42.6957387
Domino's,,fast_food,,node,4330831632,23.2650477,42.66161
Ritz,,cafe,,node,4331338232,23.3305759,42.6944676
Тюркоаз,Turquoise,restaurant,,node,4332035118,23.2724959,42.6591063
При Гаваза,,restaurant,,node,4332287265,23.3677798,42.6458048
Витоша,,cafe,,node,4332818045,23.2659012,42.6662142
Алф,,fast_food,,node,4335059256,23.3679265,42.6466438
Sweet Bar & Grill Фестивална,,restaurant,,node,4336682703,23.3655975,42.6845704
Fresh Up,,fast_food,,node,4336755589,23.3244134,42.6952793
Ресторант Сердика,Serdika,restaurant,,node,4343740634,23.3207767,42.6990723
Vetrilo,,restaurant,,node,4344969247,23.3745281,42.6572176
Площадчето,,restaurant,,node,4349079991,23.3204089,42.6770144
Casa de Cuba,,bar,,node,4349102989,23.3207658,42.6773009
,,cafe,,node,4349411443,23.2932505,42.6976067
,,cafe,,node,4349411444,23.2929834,42.6954877
Боримечката,,cafe,,node,4349411445,23.2948833,42.6971294
The Wrong Bar,,bar,,node,4357102893,23.3399958,42.6921694
Интернет клуб,,cafe,,node,4357959496,23.3062541,42.7291618
Piccola Italia,,restaurant,,node,4363555589,23.3377182,42.6964599
максима стил,,cafe,,node,4365794999,23.3547983,42.6733824
Ла Катедрале,La Cattedrale,restaurant,,node,4369652390,23.3338638,42.6954938
Мамбо,,fast_food,,node,4373670260,23.3125067,42.6936473
"Кафе-аператив ""Симпатико""","""Simpatico"" café",cafe,,node,4379110324,23.2985222,42.7145758
Aladin Foods,,fast_food,,node,4381395821,23.3738641,42.6528741
Скарата.бг,,fast_food,,node,4381403029,23.3733189,42.6522102
,Checkpoint Charlie,pub,,node,4384426189,23.3040208,42.6881272
,,fast_food,,node,4384565889,23.3438227,42.6506586
American Saloon,,bar,,node,4384566290,23.3390224,42.6515199
Warsteiner Pub,,pub,,node,4389544490,23.3235694,42.6901376
Авангард клуб,,cafe,,node,4389645190,23.3162853,42.6901581
Пицата на Скобелев,,fast_food,,node,4389674489,23.3127316,42.6906799
Mr. Cook,,restaurant,,node,4393664589,23.3184645,42.690901
The New Fox & Hound,,pub,,node,4394967313,23.3214789,42.6890614
"Бистро ""Галерията""",,restaurant,,node,4396174093,23.3507373,42.70331
Fastburger,,fast_food,,node,4401168891,23.3068073,42.6896733
Червено слънце,Red Sun,restaurant,,node,4403315186,23.2983021,42.7055722
Joy Station,,bar,,node,4403414893,23.3470069,42.6543999
Бирария 5те кьошета,5 Corners Alehouse,pub,,node,4404332993,23.3147556,42.6886174
,,restaurant,,node,4407559090,23.2845812,42.7011416
Пауновата къща,Paunovata Kyshta,restaurant,,node,4413054090,23.5012622,42.53588
Охо,Oho,restaurant,,node,4431148689,23.3845763,42.6264455
Лейди Мариана,Lady Mariana,restaurant,,node,4437320789,23.3757402,42.6598642
,,fast_food,,node,4438711890,23.3760883,42.662159
Ravello Caffè Pasticceria,,cafe,,node,4438744189,23.3763407,42.657731
Механа Младостъ,Mladosta,restaurant,,node,4438744389,23.3754923,42.6617117
Експо кристал,Expo kristal,restaurant,,node,4440466489,23.3949103,42.6493695
Liguria,,restaurant,,node,4453523744,23.3765545,42.6610787
Гостилница „Сервиза“,,restaurant,,node,4456392675,23.2883449,42.7143828
Шкембеджийница,,restaurant,,node,4456409595,23.3023272,42.7077708
Хаджи Митко,,restaurant,,node,4457791389,23.3518663,42.7071206
Kaffeine,Kaffeine,cafe,,node,4462402895,23.3379651,42.6424532
Relax,,cafe,,node,4463205000,23.376899,42.7156763
BMS Българска кухня,,fast_food,,node,4464944080,23.3144007,42.6575881
Burger King,,fast_food,,node,4464944081,23.3140962,42.657235
Burrata Italiana,,restaurant,,node,4464944084,23.3133842,42.6572683
Happy Bar & Grill,,restaurant,,node,4464944085,23.3146831,42.6576015
KFC,,fast_food,,node,4464944087,23.3145054,42.6576392
McDonald's,,fast_food,,node,4464944088,23.3140832,42.6571459
KETE,,fast_food,,node,4464944192,23.3141365,42.6573498
Senior Burrito,,fast_food,,node,4464944193,23.3141574,42.6573957
American cheese steak,,fast_food,,node,4464944196,23.3142255,42.6574642
Ola Taste of Med,,fast_food,,node,4464944197,23.3142704,42.6574923
Turkish House Adana,,fast_food,,node,4464944198,23.3141102,42.6572991
skarra,,fast_food,,node,4464944219,23.3143424,42.6575494
Жули,,restaurant,,node,4467992389,23.3035868,42.7042127
Бирария Бавария,Pub Bavaria,pub,,node,4472358396,23.2818715,42.7092116
Мистър Ули,Mr. Uli,restaurant,,node,4473459842,23.3326613,42.7010936
Чудно,,restaurant,,node,4475252392,23.2473652,42.7162716
,,cafe,,node,4475340191,23.2487357,42.7167883
Баш бар,Bash Bar,bar,,node,4479756885,23.3446475,42.6890454
Клуб Алкохол,,bar,,node,4485495691,23.3240455,42.6916551
Дюнер Лилан,,fast_food,,node,4485754999,23.3416895,42.6897793
Solo for friends,,restaurant,,node,4485755006,23.3431165,42.6926763
Burrata,,restaurant,,node,4485755018,23.340503,42.692962
Crystal Palace,,restaurant,,node,4485755029,23.3375756,42.6937654
Costa,,cafe,,node,4485755040,23.3195748,42.6851684
,,fast_food,,node,4485755047,23.3419019,42.6897238
Амбианс,Ambians,restaurant,,node,4485755055,23.3407595,42.6900153
Бирен бар Тони,Beer Bar Toni,bar,,node,4485755069,23.3388322,42.6935349
Мая,,cafe,,node,4485755398,23.338881,42.6935253
Стил,,bar,,node,4485755399,23.3435289,42.6891904
Bar de rouge,,bar,,node,4485755400,23.3364868,42.6940173
Грозд,,restaurant,,node,4485755402,23.3363082,42.6918489
Bar Me,,bar,,node,4485755409,23.3297073,42.6954112
Jimmy's,,ice_cream,,node,4485755416,23.3380284,42.6937018
Tokyo,,bar,,node,4485755420,23.3400411,42.690505
Tartufo,,restaurant,,node,4485755422,23.3403452,42.6934625
Rusty Grill,,fast_food,,node,4485755426,23.3367976,42.6939548
Egur Egur,,restaurant,,node,4485755436,23.3296164,42.6962753
,,restaurant,,node,4486117140,23.3424029,42.6895895
Art restaurant Dali,,restaurant,,node,4486788827,23.3457392,42.6879905
При Мая,,cafe,,node,4486788858,23.3496645,42.6936525
Българска баница,,fast_food,,node,4486788869,23.3517374,42.6935985
Компанията,,cafe,,node,4486788879,23.3526097,42.6934789
,,fast_food,,node,4486788882,23.3466276,42.6880095
Basement,,bar,,node,4486789500,23.3485072,42.686452
Кралско пиле,,fast_food,,node,4486789554,23.3488337,42.6937472
Fresh & go,,fast_food,,node,4486789557,23.3514149,42.6937924
Street Bar,,bar,,node,4493725490,23.3289117,42.7027957
Оскар,,fast_food,,node,4497528403,23.3167997,42.694961
Пърленка,,fast_food,,node,4497528412,23.3168747,42.6949665
Трикракото пиле,,restaurant,,node,4497528429,23.3173462,42.6945225
Мали Београд,,restaurant,,node,4501418203,23.319388,42.6946714
Кратуните,,restaurant,,node,4501446144,23.3198468,42.6946024
,,cafe,,node,4501878608,23.3490634,42.7047213
Ха наздраве!,,restaurant,,node,4501878609,23.3485378,42.7058704
при Хаджията,,restaurant,,node,4501878610,23.3482057,42.7066785
Gyroland,,fast_food,,node,4503127370,23.3208914,42.6944043
Али Баба,,fast_food,,node,4503154526,23.3216352,42.6947039
"Русский клуб ""Большой""",,restaurant,,node,4503231174,23.3224547,42.6940922
Tap Local,,pub,,node,4503273617,23.328277,42.6949301
Satsanga,,restaurant,,node,4503273625,23.328354,42.6950233
Quche,,pub,,node,4503732691,23.342097,42.6947754
Audrey,,restaurant,,node,4505199134,23.3303067,42.6950338
Boom! Burgers,,restaurant,,node,4505199135,23.3308253,42.6944227
Angus Revolution,,restaurant,,node,4505199145,23.3296533,42.6940745
Chefs,,restaurant,,node,4505211884,23.3314359,42.6941866
Grape Central,,bar,,node,4505226007,23.3166894,42.6938251
65 Светулки,,bar,,node,4505226028,23.3153728,42.6933399
Rawwbite,,cafe,,node,4507262297,23.3180228,42.6935744
Barkley,,bar,,node,4507330434,23.3180903,42.693762
Leo Crepes,,fast_food,,node,4507330457,23.3180782,42.6936074
Мома,,restaurant,,node,4507347216,23.3188788,42.6930222
Prado,,ice_cream,,node,4509356526,23.3202619,42.693669
Щастливеца,,restaurant,,node,4509356533,23.3205309,42.6932283
Kotva,,restaurant,,node,4509356546,23.3200047,42.6940606
French Tacos Factory,,fast_food,,node,4509422543,23.3198374,42.6928386
Djanam,,restaurant,,node,4509422558,23.3200298,42.6929639
Secret Room,,bar,,node,4511203071,23.3212068,42.6932694
Red Bell,,cafe,,node,4511203085,23.3211181,42.6936866
Домашни ястия,,restaurant,,node,4511203308,23.3212776,42.693679
Комеди клуб,,bar,,node,4511277565,23.3229874,42.6933215
Filiyka,,fast_food,,node,4511277572,23.323162,42.6931359
Q-Ftetaria,,restaurant,,node,4511278793,23.3226004,42.6932626
I love falafel,,fast_food,,node,4511278796,23.3224113,42.6939715
,,cafe,,node,4511278843,23.3226178,42.6933592
Софийска баница,Sofiyska Banitsa,fast_food,,node,4511286829,23.3231243,42.6937528
Djani's Pizza,,fast_food,,node,4511291631,23.3229717,42.6939766
Хаджидрагановите къщи,Hadjidraganov's Houses,restaurant,,node,4511573391,23.3226108,42.7065851
Legendary Barbecue,Legendary Barbecue,fast_food,,node,4511604389,23.3455095,42.6522598
Хранилка,,restaurant,,node,4512833486,23.3255523,42.6930299
Свети Никола,,restaurant,,node,4512834989,23.2597834,42.7193315
,Tanina,bar,,node,4512834990,23.2932756,42.7265168
Табуле,,restaurant,,node,4512834991,23.2480725,42.7147008
Под ореха,,restaurant,,node,4512834993,23.295715,42.7387665
Чорбаджи марко,,restaurant,,node,4512834994,23.2704484,42.7196377
Парадайз,,restaurant,,node,4512835089,23.2445128,42.7128039
Memento,,cafe,,node,4514452183,23.3265323,42.6929606
Moni's,,cafe,,node,4514452185,23.3287331,42.6933707
Manco,,bar,,node,4514492421,23.3277729,42.6931366
Гара за гладни,,restaurant,,node,4514492469,23.3285343,42.6930809
Сандвичарника,,restaurant,,node,4514492472,23.3279204,42.6927591
Български Ритми,,restaurant,,node,4516040893,23.3292752,42.6935392
Andre,,restaurant,,node,4516112442,23.3310093,42.6936273
Кино,,bar,,node,4516112445,23.3315276,42.6933824
Vitamin C,,fast_food,,node,4516159962,23.3316352,42.6932891
Старата пекарна,,fast_food,,node,4516159969,23.3310625,42.6933128
при Кмета,,restaurant,,node,4516545461,23.3456568,42.7018059
La Capannina,,restaurant,,node,4518038462,23.331735,42.6934798
Illuzion,,bar,,node,4518038465,23.3316173,42.6937061
Unovo,,fast_food,,node,4518038479,23.3317893,42.6933214
При шопите,,restaurant,,node,4519570983,23.3523501,42.6588642
Vitamin C,,cafe,,node,4519741371,23.3199118,42.6926077
Freddo,,ice_cream,,node,4519756674,23.3198561,42.6924292
Gyropita,,restaurant,,node,4519756682,23.3200961,42.6917914
The butcher,,restaurant,,node,4519756688,23.3194747,42.6915032
,,cafe,,node,4519762591,23.3202933,42.6925349
,,fast_food,,node,4521168194,23.2568683,42.6697583
,,cafe,,node,4522165683,23.3216368,42.6918939
Coffee Bar,,bar,,node,4522165894,23.3212663,42.6924789
Mezza Grill,,restaurant,,node,4524000090,23.3222224,42.6914035
Briciole Pizza Pasta & Vino,,restaurant,,node,4524000105,23.3224206,42.6919456
Бар Дак -2,Bar Dak -2,bar,,node,4525894944,23.3236458,42.6926091
24 Grill,,fast_food,,node,4525895328,23.3243416,42.6922398
The CityBurger,,fast_food,,node,4525895331,23.3242091,42.6926354
Jordans,,restaurant,,node,4526950456,23.4012315,42.6154827
Камерина,,bar,,node,4527069139,23.3247709,42.6921564
Rotana,,fast_food,,node,4527155741,23.325166,42.6916554
Starbucks,,cafe,,node,4527155742,23.3250013,42.6915675
Hesburger,,fast_food,,node,4527155763,23.3248305,42.6917274
Atelier Del Gelato,,ice_cream,,node,4527155766,23.3255602,42.6916698
,,bar,,node,4527155772,23.3258076,42.6920724
GO Grill,,fast_food,,node,4527155777,23.3252224,42.691694
Il teatro,,restaurant,,node,4529204676,23.3264458,42.6915416
Happy Сатира comedy bar,,bar,,node,4529204681,23.3265562,42.691474
Fancy Bubbles,,ice_cream,,node,4529298943,23.3302316,42.6918659
Oscar Club,,bar,,node,4529298952,23.3299332,42.692682
Mono Loco,,pub,,node,4529298954,23.3301351,42.6917742
Маями,,fast_food,,node,4529298970,23.3306117,42.6919795
Избата,Izbata,restaurant,,node,4529298978,23.3297535,42.6925312
Chicken Shack,,fast_food,,node,4530615695,23.3106222,42.6873559
Mizu,,restaurant,,node,4530877028,23.3316956,42.6917541
Padrini,,fast_food,,node,4530877031,23.3315318,42.6927652
Coffee & Co.,,cafe,,node,4530915649,23.3333299,42.6924182
Fresh & salads,,fast_food,,node,4532877552,23.3144567,42.6904409
Пица Кали,,restaurant,,node,4532877646,23.3145869,42.6906053
Mr. Cook,,restaurant,,node,4534901788,23.3180543,42.6903681
Palomino,,restaurant,,node,4534902389,23.3184137,42.6906653
Ice cream rolls,,ice_cream,,node,4534902404,23.3192904,42.6906451
La piazzetta,,restaurant,,node,4534924902,23.3195727,42.6914884
CofeeLab,,cafe,,node,4535001579,23.3198701,42.6911259
Between,,fast_food,,node,4535001580,23.3204584,42.6906354
The Flying Dog,,bar,,node,4535001581,23.3200071,42.6909272
Aloha green bar,,fast_food,,node,4535001790,23.3200688,42.6909223
Под върбите,,restaurant,,node,4535240390,23.2691825,42.6746822
La Caffeina,,bar,,node,4536676553,23.3221769,42.6908207
Beyond brkfst,,restaurant,,node,4536676557,23.3211683,42.6905584
Бай Дъ Пешо,,bar,,node,4536676578,23.3213986,42.6905248
Нещо вкусно,,cafe,,node,4536676579,23.3222538,42.6904695
Caffee Cioccolato,,cafe,,node,4540364820,23.3242033,42.6909315
Мистър печен,,fast_food,,node,4540364851,23.3236031,42.6905826
Гастробар 6,,restaurant,,node,4540364852,23.3242442,42.6908371
Gym I junk,,fast_food,,node,4540364854,23.3238538,42.690719
,,fast_food,,node,4540424414,23.3245384,42.6910272
+ това,,cafe,,node,4541407096,23.3439165,42.6952886
BSD,BSD,pub,,node,4541407198,23.3463173,42.6953547
King Kong,,fast_food,,node,4542072147,23.3259605,42.6907832
Fresh & Carry,,fast_food,,node,4543868792,23.3292385,42.6907244
Coffeebaя,,cafe,,node,4543868793,23.3291953,42.6909487
La bottega Due piani,,restaurant,,node,4543868811,23.3290914,42.6908546
Hey,,cafe,,node,4543868832,23.3290259,42.6905284
Simple,,restaurant,,node,4543868853,23.3293072,42.6910359
Sabores de Saudade,,restaurant,,node,4543907638,23.3301383,42.6905401
Bilkova,,bar,,node,4543920006,23.3297262,42.6913597
Гозба,,fast_food,,node,4543920014,23.3300695,42.6914345
Godzila,,restaurant,,node,4545520823,23.3309838,42.6903574
Chiki Riki,,pub,,node,4545650855,23.3182386,42.6900929
Lavino,,bar,,node,4545650857,23.318306,42.6902975
So Fresh so good,,fast_food,,node,4545663111,23.3189514,42.6895582
Скара Банишора,,fast_food,,node,4546479596,23.3002293,42.7123183
Джийвс,,pub,,node,4548536215,23.3217411,42.690128
Бетих,,fast_food,,node,4548536252,23.321647,42.6896801
Green Deli Café,,cafe,,node,4548587191,23.3235062,42.6897683
Халбите - Mалките пет,Halbite - Malkite Pet,pub,,node,4548587192,23.3247077,42.6894894
Още вино,,bar,,node,4549933229,23.3248072,42.6896693
Piano Bar Camino,,bar,,node,4549933247,23.3246127,42.6896589
Дитер,,restaurant,,node,4549933268,23.3243234,42.6892711
Дивака,Divaka,restaurant,,node,4549984425,23.3253657,42.6892888
Lime,,bar,,node,4551477885,23.3265542,42.6899066
Pizza del Sole,,fast_food,,node,4551478517,23.3267308,42.6898522
,,fast_food,,node,4551478518,23.3266992,42.6898827
Вандевил,,restaurant,,node,4552435398,23.2822903,42.6973546
Columbus,,cafe,,node,4554613062,23.3278766,42.6895893
Конфитюр,Confiture,fast_food,,node,4554613063,23.3277972,42.689525
Contrast,,bar,,node,4554613064,23.3280043,42.68961
Amore Gelati,,ice_cream,,node,4554613079,23.3277248,42.6894693
Пицария Парма,,restaurant,,node,4554652927,23.3292214,42.6890866
Viva Cafe,,cafe,,node,4557086892,23.271892,42.7107571
Daily drip,,cafe,,node,4557792832,23.3249826,42.688269
,,fast_food,,node,4557792835,23.3244169,42.6883228
Cohones,,bar,,node,4557813533,23.3262504,42.6885819
The SANDO Shop,,fast_food,,node,4557856955,23.326805,42.6884472
Архиви,,restaurant,,node,4559229496,23.3267577,42.6972216
Джардино,,restaurant,,node,4576758599,23.3734072,42.6481864
Loving Hut,,restaurant,,node,4577939791,23.3300878,42.6980115
,,fast_food,,node,4579807795,23.3511251,42.7064054
,,fast_food,,node,4579807796,23.3510355,42.7065169
,,fast_food,,node,4579807797,23.3509202,42.7067412
,,fast_food,,node,4579807798,23.3508928,42.706981
,,fast_food,,node,4579807800,23.3509444,42.7065337
,,fast_food,,node,4579807803,23.3512344,42.7065192
,,cafe,,node,4579807811,23.3500792,42.7082437
механа Ханджиев,,restaurant,,node,4579807813,23.348848,42.7096225
,,restaurant,,node,4579811795,23.3541457,42.7078061
Чичибургер,,fast_food,,node,4579836055,23.3514539,42.7053378
при Кмета,,restaurant,,node,4579848336,23.3560023,42.7049268
Пица 24h,,fast_food,,node,4582628715,23.3470125,42.7056063
Ан-Мари,,restaurant,,node,4586832693,23.2473063,42.7177578
Memento,Memento,cafe,,node,4587027396,23.3188618,42.6853391
,,restaurant,,node,4587385996,23.4033227,42.6872888
Интрига,,cafe,,node,4588039292,23.27038,42.7178995
Дюнер Лилан,,fast_food,,node,4588627694,23.2701766,42.7133654
Кафе-сладкарница Принцес,,cafe,,node,4588696592,23.2701802,42.7131533
Бирария 43,,restaurant,,node,4588790424,23.3147364,42.7003592
Пицария Капри,Pizza Capry,restaurant,,node,4588824093,23.2681468,42.7130858
ИВТ,,cafe,,node,4588871568,23.4038278,42.6865004
Caserola,,fast_food,,node,4588919789,23.3146467,42.6995891
Sushi Smile Food,,restaurant,,node,4588919790,23.3141709,42.7006068
Mojo,,fast_food,,node,4588956590,23.3154078,42.7002435
,,restaurant,,node,4589080780,23.2679496,42.7164243
,,restaurant,,node,4591390957,23.3459299,42.7025632
,,cafe,,node,4592238261,23.351002,42.7049733
,,restaurant,,node,4592344203,23.3665258,42.7046796
,,restaurant,,node,4592410630,23.3569353,42.7080117
Daro,,fast_food,,node,4597882979,23.3400148,42.6988444
Славяни,,restaurant,,node,4597914536,23.3446573,42.6958965
,,restaurant,,node,4604403814,23.2536828,42.7160145
,,bar,,node,4604403815,23.2534498,42.7160967
KFC,,fast_food,,node,4614739890,23.3943334,42.7098491
,,restaurant,,node,4616253490,23.3077775,42.7246113
,,cafe,,node,4639093390,23.3209399,42.7119112
Терес,,restaurant,,node,4659899691,23.2471832,42.6872477
Ginger,,restaurant,,node,4665154392,23.2609955,42.6747332
Delta Blues Bar,,bar,,node,4668388789,23.3277856,42.7028855
Барка,,cafe,,node,4688207389,23.3361855,42.6986689
24 Grill Center,,fast_food,,node,4692046614,23.3594341,42.6745737
Franco di Roma,,restaurant,,node,4709848689,23.3782786,42.635044
Виктория,Victoria,restaurant,,node,4714005289,23.2838299,42.6558311
,,cafe,,node,4722201123,23.370682,42.665306
"Сладкарница ""Малина""",,cafe,,node,4722364431,23.3729508,42.6637489
Osteria Pastoccino,,restaurant,,node,4736486422,23.3391062,42.6922055
Domino's,,fast_food,,node,4742451977,23.3698368,42.636226
BeerBox,,restaurant,,node,4745618327,23.3772685,42.6491645
Peperoncino pizza & pasta,,restaurant,,node,4781771625,23.3208512,42.6705959
Банкович - Сръбски Ресторант,Bankovich - Serbian Restaurant,restaurant,,node,4781771628,23.3225107,42.6735793
Бистро Александър,,fast_food,,node,4789832623,23.3140056,42.6958426
Бар Петък,Bar Friday,bar,,node,4795787121,23.3276451,42.6925663
Pita Gyros,,fast_food,,node,4815185223,23.2754324,42.666124
Пицария Премиум,Premium pizza,restaurant,,node,4817549424,23.2851491,42.6639527
Под Бора,Under the Pine tree,fast_food,,node,4817711025,23.2755941,42.6583043
Road 66,,bar,,node,4824486123,23.313696,42.6969001
"Гостилница ""Мерак""",,restaurant,,node,4837543021,23.3581615,42.6693106
Anna's,,restaurant,,node,4838494124,23.3399192,42.6950598
Olio d'oliva,,restaurant,,node,4859619121,23.3181744,42.6980284
Chucky's Coffee House,,cafe,,node,4865878421,23.3211056,42.6918636
Silhouette,,restaurant,,node,4878974771,23.3213459,42.6709698
Механа Дървеното,Wooden Restaurant,restaurant,,node,4883005321,23.2603299,42.7129171
Спутник,Sputnik,bar,,node,4890050310,23.3421142,42.6983703
Пицария Джиков,Pizza Djikov,restaurant,,node,4893150121,23.2856507,42.7038148
,,restaurant,,node,4895708427,23.6062699,42.7466019
Grande Bar & Dinner,,restaurant,,node,4896872198,23.2779897,42.653151
Zenobia,,fast_food,,node,4896907582,23.259585,42.6656418
Охрид,,restaurant,,node,4897647542,23.2533187,42.6623073
Julie's,,cafe,,node,4897754076,23.2569165,42.6636529
M coffee and bakery,,cafe,,node,4900479298,23.2838235,42.6786364
Рай,,fast_food,,node,4900479301,23.2855268,42.677893
Istanbul kebap,,fast_food,,node,4917524036,23.3208345,42.6993743
De Gusto,,restaurant,,node,4925790611,23.3164501,42.6958605
Costa,Costa Coffe,cafe,,node,4925822426,23.3558116,42.6657394
Street Chefs,,fast_food,,node,4927437468,23.3137757,42.6695006
ХУАТУ ТА ДЖУ ДИЕН,,restaurant,,node,4930222485,23.3661932,42.6431161
Chicken House,,fast_food,,node,4931066102,23.3727622,42.6802239
Пицария Конти,,restaurant,,node,4931066103,23.3732217,42.6801475
,,fast_food,,node,4932801473,23.3080351,42.6864909
Буквите,,cafe,,node,4938157837,23.3697145,42.6748038
Механа Приятелите,,restaurant,,node,4938157873,23.3707107,42.6649658
,,cafe,,node,4938157888,23.3735401,42.666655
Mercanti,,restaurant,,node,4938935330,23.3245525,42.6986122
,,fast_food,,node,4940823705,23.3131809,42.6898605
Цър Пър,,fast_food,,node,4942556380,23.3048086,42.6770078
Тенджерите,,restaurant,,node,4942926778,23.3309247,42.6879591
БМВ,,restaurant,,node,4947500085,23.3230403,42.7064812
Kiosko della pizza,,fast_food,,node,4947500093,23.323165,42.708945
Miral Foods,,fast_food,,node,4947500101,23.3232274,42.70208
Fresh Point,,fast_food,,node,4947500102,23.3227562,42.7019572
Салонъ,,bar,,node,4947500116,23.3234791,42.702942
Accord,,restaurant,,node,4947500423,23.3229318,42.7026033
Fam,,cafe,,node,4947500432,23.3228481,42.7022953
София,,fast_food,,node,4947500437,23.324087,42.7059331
Сръбска скара,,fast_food,,node,4947500439,23.3236589,42.7035338
Фрикасе,,restaurant,,node,4947500448,23.3229164,42.7068862
,,fast_food,,node,4947500466,23.3229093,42.7025204
,,fast_food,,node,4947500481,23.3235575,42.7075273
Сладкарница София,,cafe,,node,4947500483,23.3241009,42.7058738
Rodi Foods,,fast_food,,node,4947500489,23.3231046,42.7016933
"""The Corner"" Piano Bar & Dinner",,restaurant,,node,4952819134,23.3172551,42.6646263
Балито,,restaurant,,node,4955160724,23.3142818,42.6969373
Аривера,,restaurant,,node,4955374100,23.3155535,42.6641872
Изток,,restaurant,,node,4956438448,23.3189768,42.6961799
Гозбаджийница,,fast_food,,node,4957452368,23.3121413,42.688367
Climbar,,cafe,,node,4958933557,23.3745261,42.6652916
Eight 2 Five,,cafe,,node,4959034406,23.3005351,42.6781508
У нас,,restaurant,,node,4960509682,23.3013106,42.6782714
Ули,,cafe,,node,4960584968,23.3006476,42.6774012
Coffee house,,cafe,,node,4960584985,23.3002729,42.6778063
ДоРеМи,,fast_food,,node,4962755797,23.2893004,42.6758121
Македония,,restaurant,,node,4963970115,23.2363698,42.6571285
,,restaurant,,node,4964043286,23.2481707,42.6359198
,,restaurant,,node,4964071784,23.2947869,42.5814146
,,cafe,,node,4964489874,23.2655879,42.660031
Mr. Brunch,,fast_food,,node,4964681508,23.3001017,42.6762644
Кулинарен свят,,restaurant,,node,4964681519,23.2997863,42.6761461
The BA$E,,cafe,,node,4964736944,23.2995144,42.6755831
,,cafe,,node,4964736945,23.3000277,42.6757498
The burger joint,,fast_food,,node,4964796098,23.3034921,42.6762801
Рибката,,restaurant,,node,4964796116,23.3036437,42.6759795
,,fast_food,,node,4966927865,23.2900843,42.6748719
Sno Bar,,restaurant,,node,4969160890,23.2980381,42.6742139
La Terra Rossa,,restaurant,,node,4969287628,23.3042232,42.6748674
Rituali,,restaurant,,node,4972344171,23.3471328,42.6953037
Вкусно е при Еци,,fast_food,,node,4972758830,23.2963895,42.6728446
,,cafe,,node,4972800445,23.2987256,42.6736628
Бон апетито,,fast_food,,node,4974791454,23.3169977,42.6631671
Петлето,,restaurant,,node,4975180074,23.31581,42.6632374
The View,,restaurant,,node,4975901245,23.3151,42.6825
Фу ън юен,,restaurant,,node,4978041780,23.3518487,42.6946538
,,fast_food,,node,4978133806,23.2848868,42.672142
Пекарна Джейни,,fast_food,,node,4979272162,23.3206432,42.6705391
,,fast_food,,node,4980845626,23.2941977,42.6721168
,,fast_food,,node,4980845653,23.2942481,42.6721733
Баничарница Вега,,fast_food,,node,4980845654,23.2945485,42.6721795
Баничарница - Бай Данчо,,fast_food,,node,4980845666,23.2945481,42.6718538
,,fast_food,,node,4980845667,23.2945579,42.6717815
При баба и дядо,,fast_food,,node,4980845671,23.2943353,42.6720653
Bakery Caffix,,fast_food,,node,4980907522,23.2952369,42.671761
Bombe,,restaurant,,node,4983790262,23.2962373,42.6726953
pantuti,,fast_food,,node,4983790266,23.2958813,42.6723805
Little Coffe House,,cafe,,node,4983790281,23.2963332,42.6726218
,,cafe,,node,4983790284,23.2961075,42.6714966
Green coffee house,,cafe,,node,4983790306,23.2953741,42.6718939
Голям праз,,fast_food,,node,4985621301,23.2985256,42.6722952
STU Sweets,,cafe,,node,4985700818,23.2999904,42.6724382
,,restaurant,,node,4986590520,23.2384028,42.610652
Portico 43,,restaurant,,node,4987238992,23.2902495,42.6711621
Алеленд,,restaurant,,node,4991181109,23.295674,42.6714193
Аркон,,cafe,,node,4993377311,23.3018637,42.6711556
Flame,,bar,,node,4993426597,23.3025381,42.6702415
,,cafe,,node,4994621745,23.3143209,42.6599429
Борово,,restaurant,,node,4998631161,23.2847748,42.66991
Мед и канела,,cafe,,node,4998631176,23.2848862,42.6698386
Вино & Тапас,Vino & Tapas,restaurant,,node,5001885120,23.33203,42.6981638
Jungle Burger,,fast_food,,node,5003848512,23.28972,42.6700819
My meal,,food_court,,node,5003868233,23.2908246,42.6695258
COCOS kitchen,,fast_food,,node,5008380840,23.3017111,42.6693288
Siciliana,,fast_food,,node,5008406406,23.3030605,42.6699407
Сирияна Фуудс,,fast_food,,node,5009812062,23.2651451,42.6602281
Прованс,,restaurant,,node,5015428726,23.288657,42.6689926
Бистро 105,,bar,,node,5017044265,23.3016782,42.6688172
Старата Италия,,restaurant,,node,5018712422,23.2891428,42.6675012
Platinum Club Bulgaria,,bar,,node,5018753058,23.2910459,42.6674669
Кадакес,Cadaques,restaurant,,node,5020925713,23.2970699,42.6667081
Fornetti,,fast_food,bakery,node,5020927335,23.297507,42.6668165
Wake and bake,,cafe,,node,5022970120,23.2814074,42.6660211
4 fresh,,cafe,,node,5022972122,23.2821713,42.6658186
Juicy bites,,fast_food,,node,5023017654,23.2832166,42.6654324
Amigos,,cafe,,node,5025125612,23.2902374,42.6662302
Хоремаг,,restaurant,,node,5027140621,23.3118437,42.6938219
Флай,Fly,restaurant,,node,5027210428,23.2962927,42.6663615
Alibi,,restaurant,,node,5027261197,23.298662,42.6653731
Appetino,,fast_food,,node,5027261942,23.2989403,42.6655614
Domino's,,fast_food,,node,5027261945,23.2988517,42.6655062
Арен,,restaurant,,node,5027261946,23.297111,42.6662789
Lubo's Ice cream,,ice_cream,,node,5033100422,23.3021926,42.6653627
Съседите,,fast_food,,node,5033100423,23.302107,42.6654204
,,fast_food,,node,5037652148,23.2879149,42.6650213
,,fast_food,,node,5037652152,23.2875629,42.66501
Arslan Duner,,fast_food,,node,5037652182,23.2876809,42.6654074
,Orange,cafe,,node,5038198026,23.2621899,42.7162661
Pizza&duner Juliani,,fast_food,,node,5039933759,23.2976338,42.6641284
Арно бистро,,fast_food,,node,5039933795,23.2984963,42.6648209
Сладкарница Глухарче,Gluharche,bar,,node,5040569936,23.3766152,42.6333933
Слончето Beach & Grill,,restaurant,,node,5042921144,23.2643882,42.6589491
,,bar,,node,5042921145,23.2645313,42.6590444
Dadiani,,bar,,node,5043696128,23.28468,42.66389
Мън фу юен,,restaurant,,node,5043696136,23.2853368,42.6636558
Go Grill,,fast_food,,node,5043732532,23.2975339,42.6639431
Двете халби,,restaurant,,node,5043732543,23.2972412,42.6638298
,,fast_food,,node,5044646408,23.3516787,42.6936759
Тигра,,cafe,,node,5045383038,23.3002908,42.6636232
,,cafe,,node,5045400108,23.2947264,42.6624579
,,cafe,,node,5046826792,23.2999833,42.661803
,,cafe,,node,5046899810,23.2997896,42.6610877
,,fast_food,,node,5055804721,23.4094283,42.6326417
Лампата,,restaurant,,node,5057208680,23.3151556,42.670183
,,fast_food,,node,5061580261,23.2713809,42.6729494
,,fast_food,,node,5061580266,23.271451,42.6729109
,,fast_food,,node,5061685207,23.3165729,42.726758
Conté,Conté,bar,,node,5077783722,23.3447082,42.6538334
Скара на кило,,fast_food,,node,5081263611,23.3625609,42.6527263
Монтерей,,restaurant,,node,5081263612,23.3610038,42.6521893
BG Скара,,fast_food,,node,5081263613,23.3600932,42.6522938
Наша кухня,,fast_food,,node,5081275529,23.358728,42.6507205
Скара бар 3,Skara Bar 3,restaurant,,node,5084818921,23.3436307,42.6870844
Чевермето,Chevermeto,restaurant,,node,5092584622,23.3160734,42.6830693
Фантазия,,restaurant,,node,5095682728,23.3261926,42.7002388
Cush.BAR,Cush bar,bar,,node,5106091585,23.3239813,42.7002014
Bira Bar,,bar,,node,5111531010,23.331323,42.6980542
Кафе Кафе,,cafe,,node,5118393621,23.2739504,42.6614947
Рибката,,fast_food,,node,5118888623,23.2769527,42.6692898
Athene,Athene,cafe,,node,5119305324,23.3196414,42.6996689
Панорама,,restaurant,,node,5156630714,23.3488379,42.6737139
,,fast_food,,node,5169378529,23.229832,42.6960096
,,cafe,,node,5178411705,23.3542608,42.823087
,,cafe,,node,5194527483,23.3448042,42.8037892
Cava,Cava,restaurant,,node,5194639021,23.3212664,42.6905321
Beer Garden,,pub,,node,5198002701,23.4083516,42.6420549
баница,,fast_food,,node,5213011657,23.294096,42.7340095
Avrasia,,restaurant,,node,5219997424,23.3187486,42.7019823
Бар Беше Лилавото,Been Purple Bar,bar,,node,5224227121,23.3373119,42.691283
The Friendly Bear,,bar,,node,5224550252,23.3311122,42.6920148
The Coffee Shop,,cafe,,node,5237160415,23.3321048,42.6986057
Odd Food,,fast_food,,node,5237160644,23.3319667,42.6985933
Don Vito,,restaurant,,node,5241045127,23.2881754,42.6810252
Kral cigkofte,,fast_food,,node,5241045621,23.3470752,42.652168
БГ бар,BG Bar,bar,,node,5267463921,23.337487,42.6911488
RepEat,,restaurant,,node,5270351921,23.3444292,42.6876983
Coffee-ology,,cafe,,node,5270425870,23.3096813,42.7049608
Бенисимо,Benissimo,restaurant,,node,5285673822,23.3530862,42.7019709
,,restaurant,,node,5318636908,23.308082,42.7036979
Ma Baker,,cafe,,node,5318791335,23.353272,42.6693592
Society,,bar,,node,5318791338,23.3523529,42.6703987
Vittorio,,restaurant,,node,5318791390,23.3506124,42.671538
Пън Лай Шиан Гъ,,restaurant,,node,5331029412,23.3002629,42.7283418
Биротека,Biroteka,pub,,node,5335392921,23.3275615,42.6799426
Медик,,restaurant,,node,5343351318,23.3088423,42.6820234
Kick’s,,bar,,node,5345384701,23.3297092,42.6914004
Re-forma,,bar,,node,5346500222,23.3202829,42.684142
7 сънс кафе,7 suns coffee,cafe,,node,5346501422,23.3150904,42.7081826
Saffron Indian Restaurant,,restaurant,,node,5351811753,23.3392918,42.649804
Стената,Stenata,restaurant,,node,5352449621,23.5284505,42.5159085
Next page,,bar,,node,5361801221,23.3243539,42.7009168
Халялко,,fast_food,,node,5395538824,23.3098814,42.6982159
JibBap Корея,,restaurant,,node,5396200806,23.3101986,42.7008849
Марги,,cafe,,node,5399256908,23.3090852,42.7081882
Aladin Foods,Aladin Foods,fast_food,,node,5401682421,23.2726017,42.6721707
Пънчетата,,restaurant,,node,5426708530,23.3316006,42.6818485
M EAT,,fast_food,,node,5427107521,23.3225287,42.6932385
Посолството,,restaurant,,node,5433180913,23.3502173,42.6703316
Forest,,restaurant,,node,5435911405,23.3469822,42.6760634
Vino & tapas,,restaurant,,node,5438319721,23.3371613,42.6924659
Shahrayar Premium,,fast_food,,node,5450670724,23.316413,42.6845286
Botanique,Botanique,restaurant,,node,5466802221,23.3095658,42.7080503
Korea,,restaurant,,node,5473361820,23.3394335,42.6568121
Bistro Cherni Vrah,,restaurant,,node,5493326124,23.3176661,42.6612469
Абордаж,Abordage,bar,,node,5503616614,23.3255521,42.7006442
Калея,,restaurant,,node,5510510321,23.321095,42.7093088
,,fast_food,,node,5510675322,23.3183094,42.7079172
,,cafe,,node,5510826171,23.3136929,42.7082657
Aladin Foods,,fast_food,,node,5520334827,23.2923497,42.710418
Мераклийското,Merakliyskoto,restaurant,,node,5522247321,23.2983027,42.703097
Океан,Ocean,restaurant,,node,5531184610,23.1973387,42.6291654
Akrogiali,,restaurant,,node,5566949666,23.323873,42.693945
Рино,,fast_food,,node,5577658221,23.3196414,42.7029343
Супа стар 2,Supa Star 2,restaurant,,node,5577658222,23.3283068,42.6982175
Ribs Brothers,,restaurant,,node,5578249208,23.3195887,42.692075
БАНМЗ,,cafe,,node,5578756612,23.3058467,42.7265662
5L Speakeasy Bar,,bar,,node,5581075221,23.3302989,42.6915976
,,cafe,,node,5585036929,23.2465949,42.6848108
,,cafe,,node,5586216923,23.3153869,42.7022905
Angelo's,,restaurant,,node,5592841810,23.3779058,42.6471369
Gellato & Latte,,ice_cream,,node,5614811023,23.3533884,42.6690839
Dabov specialty coffee,,cafe,,node,5615405085,23.353285,42.6692355
,,fast_food,,node,5615856647,23.2859657,42.6784459
Edison,,restaurant,,node,5624838422,23.3595795,42.6867178
McDonald's,,fast_food,,node,5639080922,23.321919,42.6991023
Savini,,ice_cream,,node,5643511021,23.3400141,42.6955589
One More Park Bar,,bar,,node,5652254029,23.3468606,42.6770442
,Bistro Dino,restaurant,,node,5655820927,23.3123088,42.7045166
,,fast_food,,node,5656044222,23.3131997,42.7044392
Хуником,,cafe,,node,5676040900,23.2789323,42.6795447
,,cafe,,node,5681823197,23.4612889,42.5997531
Яти Кукинг,YatiCooking,restaurant,,node,5682264721,23.3154557,42.6909257
Mezze,,restaurant,,node,5685071722,23.3528903,42.6699646
Sterling Club 2,,bar,,node,5688491987,23.332157,42.7004471
Нашата скара,,fast_food,,node,5691334222,23.3125604,42.688672
,,restaurant,,node,5698510479,23.4977402,42.5412771
,,cafe,,node,5698510485,23.4974341,42.5413163
,,restaurant,,node,5698510490,23.4979172,42.5416318
,,restaurant,,node,5698510492,23.4975544,42.5416644
Red lion,,cafe,,node,5701680922,23.3138884,42.6952355
The School,,restaurant,,node,5703326137,23.2535934,42.6765563
Crazy Diamond,,restaurant,,node,5703753424,23.3367793,42.6957969
Миш Маш,,restaurant,,node,5736052096,23.3683081,42.6790929
Onda,Onda,cafe,,node,5741273821,23.3764432,42.6259275
Чичоне Панини Бар Младост,Ciccione Panini Bar Mladost,restaurant,,node,5741273921,23.376486,42.6261849
Salateria,,fast_food,,node,5744324249,23.3293806,42.6879102
Quick coffee and more,,cafe,,node,5744324256,23.3292042,42.6880532
Elidis,,cafe,,node,5745251681,23.3092493,42.6946098
Kiwi Box,,fast_food,,node,5745351839,23.3111497,42.7027601
Sen Viet,,restaurant,,node,5745351863,23.310245,42.7010567
Bar White,,bar,,node,5745495170,23.2990832,42.7078359
,,cafe,,node,5754909063,23.2662468,42.6647344
Чудната Пекарна,,fast_food,,node,5754909090,23.2651927,42.6601526
Бистро Бистрица,Bistro Bistritsa,restaurant,,node,5760254621,23.3482514,42.5818927
El Shada,,restaurant,,node,5764078471,23.3231988,42.6898155
Fancy Bubbles,,fast_food,,node,5774820182,23.3198179,42.6926251
Да сготвим,,fast_food,,node,5775654673,23.3296724,42.6985437
Скара Бар 2,Skara Bar 2,restaurant,,node,5775654684,23.3291347,42.6975048
,,fast_food,,node,5775855724,23.3294756,42.6997371
КООП Клуб,,restaurant,,node,5775855736,23.3299117,42.6993497
Georges & José,,restaurant,,node,5775915471,23.3295751,42.7008212
Махленци,,restaurant,,node,5790396054,23.3347025,42.6821493
Urban Garden,,fast_food,,node,5793728054,23.3270853,42.689303
Crafter,,pub,,node,5793790553,23.3176919,42.6934291
Слънце,,restaurant,,node,5801547609,23.2667013,42.6648564
Two brothers,,restaurant,,node,5809304553,23.3224486,42.6888049
Felicità,,restaurant,,node,5811846453,23.3262718,42.6996059
Starbucks,,cafe,,node,5840046585,23.3247008,42.6955457
Аяра,,fast_food,,node,5842231546,23.3338989,42.7050307
Дилвале,,restaurant,,node,5850694363,23.3040187,42.7063801
Таго,,restaurant,,node,5850694365,23.3091455,42.7011022
,,fast_food,,node,5851597696,23.3011869,42.702985
Кухнята на Анатолия,,restaurant,,node,5851597704,23.3012296,42.7031282
,,restaurant,,node,5851597707,23.3038431,42.7080555
,,fast_food,,node,5854142385,23.32122,42.7118549
,,fast_food,,node,5854142386,23.320199,42.7123361
,,restaurant,,node,5855279259,23.3045009,42.7079353
Magelan,,restaurant,,node,5856389991,23.3554062,42.6863842
Марая 21,,fast_food,,node,5891326973,23.3086885,42.6897253
mikel coffee,,cafe,,node,5891677153,23.3251105,42.6979807
Хуа синг лоу,,restaurant,,node,5896345404,23.3344793,42.7002684
Ще пия,,restaurant,,node,5899423037,23.2973456,42.6934726
,,cafe,,node,5899423038,23.2974797,42.6935573
Вкусното Кебапче,,restaurant,,node,5899825385,23.3386606,42.692452
Fake French,,restaurant,,node,5901623685,23.3170261,42.6904553
BarBarossa,,bar,,node,5906691572,23.3180782,42.6967431
Ателието,,bar,,node,5906691576,23.3179971,42.6967522
Casa Esperanza,,restaurant,,node,5907953875,23.3063711,42.724042
Лозата,,cafe,,node,5911813955,23.3108462,42.7081091
гостилница,,restaurant,,node,5913754928,23.2945025,42.6924856
Верандата,,restaurant,,node,5914430885,23.3784252,42.6527144
Mi Casa,Mi Casa,restaurant,,node,5914727185,23.3247554,42.6997631
Da Nino Pizza & Food,,fast_food,,node,5919006561,23.320545,42.6948465
Миш-маш,,fast_food,,node,5920969168,23.315461,42.6969442
Savini,,ice_cream,,node,5920969169,23.307053,42.6750339
Soup House,,restaurant,,node,5920969171,23.3160019,42.6993852
Sweety,,cafe,,node,5923817708,23.3042561,42.7251195
,,cafe,,node,5923817710,23.3042684,42.7245513
,,cafe,,node,5923817711,23.303607,42.7253494
Family house,,restaurant,,node,5931891585,23.3615875,42.6927608
,,restaurant,,node,5972499609,23.3114607,42.6863276
Captain Cook,,restaurant,,node,5972695886,23.3182516,42.6721416
La Passione,,restaurant,,node,6013613954,23.3290326,42.6885672
Софийска баница,,fast_food,,node,6026017908,23.3113728,42.6981119
"Закуски ""Вега""",,fast_food,,node,6033823198,23.3398386,42.6445293
Бешамел,,restaurant,,node,6033854632,23.3755235,42.6276253
Време за пица,,fast_food,,node,6033857861,23.3757424,42.6275738
Restaurant and fast food,,restaurant,,node,6033864909,23.3745106,42.6275827
Bricks,,restaurant,,node,6033865780,23.3743398,42.6279425
Вкусното,,restaurant,,node,6033882514,23.3785859,42.6259083
Spigolo,,restaurant,,node,6035017389,23.3403878,42.6460923
Salad Box,,fast_food,,node,6040181409,23.3105759,42.698566
Supa Bar,,fast_food,,node,6054085698,23.324523,42.7000715
Pavilion 24,,cafe,,node,6054175388,23.3143552,42.6902082
Mr. Цян,,restaurant,,node,6054175389,23.3140248,42.6904133
Блек Лейбъл,Black Lable,cafe,,node,6054196888,23.3155078,42.6902124
,,fast_food,,node,6054196911,23.3191538,42.7017469
,,fast_food,,node,6054196916,23.3245892,42.7045057
,,fast_food,,node,6054196988,23.317317,42.6964588
Golden dragon,,fast_food,,node,6054196989,23.3213278,42.6983106
,,bar,,node,6054197000,23.3242015,42.7084706
Fantastic foods,,fast_food,,node,6054197004,23.3252615,42.7001576
,,fast_food,,node,6054199099,23.3159244,42.7004904
Gyro Land,,fast_food,,node,6054199190,23.3299716,42.704287
,,cafe,,node,6054199192,23.3252812,42.7070236
Генто,,fast_food,,node,6054202587,23.3166121,42.7026985
Mr. Rice,,restaurant,,node,6054230886,23.3192315,42.6975719
Карамел,,fast_food,,node,6054230986,23.3190843,42.6979504
Elerium Social Club,,bar,,node,6054231190,23.3321559,42.700551
Kafe zazo,,restaurant,,node,6054285585,23.3320953,42.7006548
North Park,,cafe,,node,6061726199,23.3064933,42.7367078
Cafe & Tobacoo Shop,Coffee & Tobacco Shop,cafe,,node,6061758094,23.3020183,42.6995704
100 грама сладки,,cafe,,node,6115143039,23.3657459,42.6788891
Кибеа,,restaurant,,node,6121162526,23.3213003,42.691931
Grab & Go,,fast_food,,node,6141917599,23.3205116,42.6948478
From Barista Coffee and More,,cafe,,node,6149564131,23.3159577,42.6706791
Butcher Grill Bus,,fast_food,,node,6149636085,23.3158217,42.6497474
BecBar,,restaurant,,node,6179459994,23.2988016,42.7065698
Hummusbar,,restaurant,,node,6179649350,23.3272891,42.6893726
Luciano,,pub,,node,6179649351,23.3247813,42.6924067
Pizza Point,,fast_food,,node,6179649357,23.3211555,42.6947659
Constantinoff,,restaurant,,node,6184748385,23.3203641,42.6930896
,,restaurant,,node,6207961267,23.3052974,42.6676421
Ресторант Танкист,,restaurant,,node,6244608085,23.2419428,42.6625867
Hesburger,,fast_food,,node,6248130643,23.2972406,42.7023037
Caffe Claire,,cafe,,node,6254519102,23.3162245,42.667866
Ichiban sushi,,restaurant,,node,6255958290,23.3165163,42.6693693
Шун Фън,,restaurant,,node,6256673094,23.2953956,42.708929
Перун,,fast_food,,node,6257675604,23.313819,42.6629898
Simple,,restaurant,,node,6258351305,23.2869326,42.6743983
Cesar doner&burger,,fast_food,,node,6258351306,23.2867841,42.6742138
Glory,,restaurant,,node,6258351312,23.2852918,42.6746573
Sushi store,,fast_food,,node,6258351326,23.2893768,42.680366
Мамбо,,fast_food,,node,6258351327,23.2894747,42.6804064
Addicted,,restaurant,,node,6263765991,23.3109457,42.6721705
Prison Bound,,bar,,node,6268104136,23.3292119,42.6911251
Крушарко,,restaurant,,node,6269905970,23.5125879,42.5345771
Kiara,,cafe,,node,6273315572,23.3613089,42.674423
Domino's,,fast_food,,node,6304078746,23.319255,42.665705
Miyabi,,restaurant,,node,6308558140,23.3304027,42.6986189
The School,,restaurant,,node,6308727587,23.266722,42.6472395
Attila,,restaurant,,node,6308855345,23.3241139,42.679428
Kafe Mania,,cafe,,node,6309273098,23.322136,42.6776321
На ъгъла Позитано,,fast_food,,node,6323210389,23.3161358,42.6967114
Molinari,,cafe,,node,6323243186,23.3006819,42.7012944
The Best Street Food & duner,,fast_food,,node,6323243200,23.300796,42.7017229
Гостилница Бунара,,restaurant,,node,6334760562,23.1670488,42.7159892
Happy Bar & Grill,,restaurant,,node,6335436286,23.313756,42.6702994
Pizza Lab,,fast_food,,node,6345757087,23.3137796,42.6571651
Domino's,,fast_food,,node,6369836876,23.3601522,42.66177
,,cafe,,node,6376738553,23.3088476,42.6969087
Пицария Поли,,restaurant,,node,6380101347,23.2699695,42.7122303
The Cherry,,restaurant,,node,6388049712,23.317144,42.6692563
Sushi King,,restaurant,,node,6388323495,23.2721266,42.7133803
Villa Grill,,restaurant,,node,6395320365,23.2705934,42.7129746
FLOW Coffee & Pastry,,cafe,,node,6401474702,23.3276464,42.7003632
Цър Пър,Car Par,fast_food,,node,6401686086,23.3111255,42.6753603
,,restaurant,,node,6402877176,23.4044487,42.7688305
,,cafe,,node,6402879010,23.4046162,42.7694033
,,fast_food,,node,6402884112,23.404245,42.7694274
Фирмата,,fast_food,,node,6403365388,23.306864,42.677289
Амира,,restaurant,,node,6403392987,23.303594,42.6762978
Марикитас,Mariquitas,cafe,,node,6403396985,23.305369,42.6765686
BSD,,bar,,node,6410338797,23.3207921,42.6835477
При Павката,,restaurant,,node,6414146656,23.3148486,42.717638
fly,,fast_food,,node,6416381046,23.318823,42.6674973
Preslav Lounge,,cafe,,node,6419087385,23.4144216,42.6895277
,,fast_food,,node,6424185265,23.314843,42.6938491
Меню,,restaurant,,node,6424219883,23.3105294,42.6929099
Sham,,fast_food,,node,6424223585,23.3103329,42.6928789
,,pub,,node,6424223589,23.3097723,42.6926132
Клуб флеш,,cafe,,node,6426669657,23.3130694,42.6924526
,,fast_food,,node,6426713030,23.3145426,42.6929632
Caffe di Sofia,,cafe,,node,6429271496,23.3111731,42.6919479
Дядото,,restaurant,,node,6432196680,23.3102752,42.690904
Dabov specialty coffee,,cafe,,node,6433687460,23.3138734,42.6897719
Язовир Михайлово,,restaurant,,node,6434540852,23.1282748,42.6908137
Bamboo Urban,,restaurant,,node,6436072883,23.3469847,42.653442
The Little Things,,restaurant,,node,6437698185,23.328164,42.689521
Камината,,restaurant,,node,6437738485,23.3183688,42.696798
Gozba,,restaurant,,node,6439666094,23.3134476,42.6896617
Tabu,,cafe,coffee,node,6440305888,23.2844456,42.6956566
Вино и музика,,cafe,,node,6443930248,23.3119516,42.6894224
Шеф Шами,,fast_food,,node,6444000457,23.3136751,42.6894329
Пица Прага,,fast_food,,node,6444000458,23.3136429,42.6894117
Grab & Go,,fast_food,,node,6444000461,23.3135304,42.6893377
Tasty kebab,,fast_food,,node,6447162802,23.3144642,42.6888733
Bohemia Works,,cafe,,node,6447198362,23.3154326,42.68917
Механа Ореха,,restaurant,,node,6447569786,23.3470917,42.7147226
Tozzi,,fast_food,,node,6448393435,23.3184102,42.6888853
Сладък мерак,,cafe,,node,6450854553,23.351198,42.6720192
Arenzano,,cafe,,node,6453120010,23.3132109,42.6881683
Кафе Жълтото,,cafe,,node,6453120011,23.3134591,42.6879691
,,fast_food,,node,6454770893,23.3131541,42.7126791
Мони,,fast_food,,node,6456377371,23.3146157,42.6884918
Аиви,,restaurant,,node,6456418099,23.3172154,42.6878949
Michele,,cafe,,node,6456472148,23.3175185,42.6887782
Pizza Atelier,,fast_food,,node,6459559209,23.3219589,42.6885239
"369",,cafe,,node,6462948186,23.3267614,42.6881296
Този Онзи,TOZZI ONZZI,restaurant,,node,6465393086,23.3785664,42.6589653
,,fast_food,,node,6465560179,23.329552,42.6884058
T&M,,restaurant,,node,6465639461,23.3318817,42.6884144
,,cafe,,node,6465639465,23.3316927,42.6885406
Дубъл,,cafe,,node,6466107835,23.311725,42.6873622
Patches Blues Bar,,bar,,node,6466107867,23.3112851,42.6869584
FreshMe,,fast_food,,node,6470979734,23.3183518,42.6877945
Vivaldi,,ice_cream,,node,6471777391,23.3181696,42.6872656
Hamachi-ni,,restaurant,,node,6473931955,23.3230794,42.6875081
Lidia's specials,,fast_food,,node,6473931974,23.3228182,42.6874333
Urban Embassy Specialty Coffee,,cafe,,node,6473932003,23.321647,42.6869769
Brownies & Mountains,,cafe,,node,6473932005,23.321639,42.6869351
Банкович,,restaurant,,node,6476509027,23.3251387,42.6873133
Какаду,,cafe,,node,6479005996,23.3282313,42.6873478
Palla Burger,,fast_food,,node,6479034277,23.3297793,42.6875983
Kak taka,,cafe,,node,6479105088,23.3316455,42.6873618
Ro coffee,,cafe,,node,6481563679,23.3121078,42.6865567
Архив,,cafe,,node,6481610323,23.3140853,42.6866903
The Clock,,bar,,node,6482310956,23.3168372,42.6867366
Картофът,,fast_food,,node,6482310962,23.3164886,42.6867867
Сиклай,,restaurant,,node,6482310975,23.3170897,42.6868009
Fresh pasta to go,,restaurant,,node,6482931761,23.3229197,42.6865483
Krumcho,,restaurant,,node,6482937363,23.323233,42.6869535
Малкият стадион,,restaurant,,node,6486578497,23.3285961,42.6862398
Най-хубавата баница,,fast_food,,node,6486620958,23.3301765,42.686536
Mr. Chen,,restaurant,,node,6486620964,23.3303731,42.6867998
Фенсис,,cafe,,node,6488203085,23.3024245,42.7399269
Pizza Roberto,,fast_food,,node,6493955526,23.314322,42.6852894
,,fast_food,,node,6496181586,23.3144722,42.6851904
Kantina Gyros,,fast_food,,node,6498587305,23.3173496,42.6861037
Big Ben,,cafe,,node,6498672589,23.3227629,42.6856281
БДС Балкански деликатеси на скара,,restaurant,,node,6498672622,23.3214084,42.6857193
Bad Habits,,fast_food,,node,6498672626,23.3213791,42.685574
Жадната ламя,,restaurant,,node,6499242670,23.325478,42.6852954
Mix22,,cafe,,node,6499314893,23.3136521,42.6848799
Franco's pasta e pizza romana,,restaurant,,node,6501118468,23.3166656,42.6845304
Le Rose,,restaurant,,node,6501478083,23.3162241,42.6842538
Бялото бистро,,bar,,node,6501479993,23.3172959,42.6847167
Aubergine,,restaurant,,node,6504788098,23.3224417,42.6845096
Miko,,restaurant,,node,6507026927,23.3232618,42.6847914
Botanico,,bar,,node,6507179838,23.3200331,42.6834568
CoffeeIn,,cafe,,node,6507625929,23.3151045,42.6827016
Relish,,restaurant,,node,6507625930,23.3149745,42.6827716
Везна,,restaurant,,node,6509659104,23.3198185,42.6973243
Мляскам,,fast_food,,node,6509674549,23.3150286,42.6929031
Кохинор,Kohinoor,restaurant,,node,6509674556,23.2916668,42.6741399
Up Coffee,,cafe,,node,6512123086,23.3168922,42.6958044
Къщата на печения картоф,,fast_food,,node,6512153687,23.3176473,42.6970187
Punto Rosso,,fast_food,,node,6512153700,23.3181938,42.6963453
Odrin,,fast_food,,node,6512699197,23.3170202,42.7026298
Best Dönner,,fast_food,,node,6512699211,23.3160039,42.6986581
Гара за гладни,,fast_food,,node,6512699224,23.3150653,42.6951205
Crazy food,,fast_food,,node,6515204447,23.3278917,42.6823082
Кармаре,,restaurant,,node,6515273558,23.3187027,42.6966304
Σπιτικο,,cafe,,node,6515532639,23.3202567,42.6963067
Lavele Bar & Kitchen,,restaurant,,node,6515541689,23.3193376,42.6965113
Coffee point & Bakery,,fast_food,,node,6515541693,23.319402,42.6967375
Ciccione,,restaurant,,node,6518996264,23.3399378,42.6963657
Pizza Boyanov,,fast_food,,node,6520417682,23.343875,42.6961898
Umami,,restaurant,,node,6520887764,23.3184036,42.6720793
,,restaurant,,node,6520942406,23.318581,42.672337
Barcode,,bar,,node,6522087689,23.3184462,42.6957727
Fresh Up,,fast_food,,node,6522542768,23.319057,42.6961672
При пѣтицата,,restaurant,,node,6522617787,23.3186129,42.6956221
Tandir Bake House,,cafe,,node,6525095650,23.3308639,42.6984556
Il Fornetto,,fast_food,,node,6530420370,23.3235589,42.696104
Mimelly,,cafe,,node,6532822316,23.3398204,42.695835
Kolichka bar,,cafe,,node,6533317609,23.3399875,42.6954163
Вкусът на времето,,bar,,node,6533393885,23.3410093,42.695693
Кисело и сладко,,cafe,,node,6535067050,23.2985623,42.7060614
Maroco,,bar,,node,6538162305,23.3218691,42.7047577
,,fast_food,,node,6540476447,23.3186704,42.7011125
Златен лъв,,restaurant,,node,6540476448,23.3174084,42.7006544
Тракийска баница,,fast_food,,node,6543160479,23.3101575,42.6998877
,,fast_food,,node,6543160481,23.31017,42.7011131
,,fast_food,,node,6543321845,23.3393408,42.6951107
Meat mania,,restaurant,,node,6544502339,23.2823933,42.6607156
Atelier,,restaurant,,node,6545936190,23.3441314,42.6947143
Bistro Bar Oro,,restaurant,,node,6545993028,23.3462839,42.6950292
,,fast_food,,node,6546822649,23.3361361,42.6936119
,,fast_food,,node,6546822650,23.3361273,42.6935879
Stories,,restaurant,,node,6546986054,23.2824427,42.6604245
Sweet & Bubble,,cafe,,node,6548877781,23.3396269,42.6939949
Баничарница Вега,,fast_food,,node,6550111632,23.2995419,42.7067556
Тройка,,restaurant,,node,6550680807,23.3440687,42.6931732
33 Gastronauts,,restaurant,,node,6550680810,23.3441106,42.6948454
Forno Cipollini,,restaurant,,node,6551563382,23.345502,42.6941608
FlipFlop,,bar,,node,6551579225,23.3451788,42.6944077
Café Bar №17,,bar,,node,6553778677,23.3356704,42.6927724
Балабан,,bar,,node,6553814715,23.3366436,42.6928489
Чехословашки клуб-ресторант,,restaurant,,node,6553840850,23.337049,42.6930494
Timeless,,cafe,,node,6553840851,23.337802,42.693365
The Place,,restaurant,,node,6554549054,23.3387804,42.6926547
Piadini,,restaurant,,node,6554762230,23.3196205,42.675424
Miral Foods,,fast_food,,node,6554922617,23.3201353,42.6919392
La Pastaria,,restaurant,,node,6556808611,23.3437666,42.693075
Tapas bar,,restaurant,,node,6559430675,23.337058,42.692494
Tom's Place,,bar,,node,6559430676,23.3369535,42.6925224
Фабрика Дъга,,restaurant,,node,6561681748,23.3386704,42.69232
Дюнер Рафи,,fast_food,,node,6561681752,23.3385003,42.6922929
Club 1857,,restaurant,,node,6561681758,23.3383842,42.692077
Бистро Шейново,,cafe,,node,6562223347,23.3401731,42.692458
Ma Baker,,cafe,,node,6562223362,23.33898,42.6920141
Обедна кутия,,fast_food,,node,6563918496,23.3375358,42.691182
Spot Bar,,bar,,node,6563918532,23.3377156,42.690971
The Movin,,fast_food,,node,6563918538,23.3374272,42.6913707
The coffee,,cafe,,node,6563918566,23.3367713,42.6915404
Cohiba Atmosphere Sofia,,bar,,node,6564244872,23.3379193,42.6916893
Брънч,,restaurant,,node,6567060798,23.3410375,42.7162151
,,fast_food,,node,6567060803,23.3402723,42.7165136
Палачинки Max,,fast_food,,node,6567060804,23.3402567,42.7165271
,,cafe,,node,6567538333,23.2932231,42.7099528
Мандарин,,cafe,,node,6567538346,23.2931469,42.7098323
Скара,,fast_food,,node,6567538365,23.2929033,42.7101507
Caffé Mokarico,,cafe,,node,6568316516,23.3190288,42.6908023
Victoria's,,fast_food,,node,6568608401,23.3168487,42.6949646
Min's,,fast_food,,node,6568608402,23.3167508,42.6949574
Chef Harry Auf,,fast_food,,node,6568608404,23.3163152,42.6949121
Grab & Go,,fast_food,,node,6568608405,23.316274,42.6949102
Starbucks,,cafe,,node,6569454454,23.3155786,42.6572816
Mojo,,fast_food,,node,6572579499,23.3155588,42.7003748
Master DöneR,,fast_food,,node,6573929953,23.29933,42.7065723
Pizza Gray,,restaurant,,node,6573929970,23.2989171,42.7078759
Турска кухня Босфор,,fast_food,,node,6573929974,23.2998208,42.7065003
,,restaurant,,node,6578480084,23.2411252,42.6840828
,,fast_food,,node,6578696748,23.2671896,42.6854146
impulse,,cafe,,node,6578922123,23.2415839,42.6838925
,,fast_food,,node,6578922125,23.2415071,42.684221
,,cafe,,node,6578922126,23.2414125,42.6842681
Pizza Lab,,fast_food,,node,6580040523,23.3270243,42.6895166
Happy Bar & Grill,,restaurant,,node,6586072553,23.3490879,42.6730933
RepEat,,restaurant,,node,6588421636,23.3027717,42.7114083
Магазин за кафе,,cafe,,node,6593179165,23.3322627,42.6889468
Edgy Veggy,,restaurant,,node,6598979785,23.3172646,42.6918196
Green deli cafe,,cafe,,node,6609294389,23.3150389,42.6588423
,,fast_food,,node,6610136862,23.312595,42.7007175
La focacceria di metro,,fast_food,,node,6618229969,23.3506933,42.6717006
The Egg Bar,,bar,,node,6623041585,23.3203897,42.6973617
Катеричката,,restaurant,,node,6628830861,23.3004553,42.7439775
Клуб Каркасон,,cafe,,node,6636779044,23.3188708,42.6916096
Orient,,fast_food,,node,6641461291,23.3043331,42.699159
Виконт,,restaurant,,node,6641461308,23.3034249,42.6942675
La Bicicletta by Chanko Chanev,,restaurant,,node,6655073580,23.3285662,42.6978978
Палачинки XXXL,,fast_food,,node,6655073583,23.3390152,42.6875514
Слончето,,ice_cream,,node,6655109985,23.3390511,42.6875756
Coffee Point,,cafe,,node,6669345119,23.3134746,42.7130661
Три кладенци,Tri Kladentsi,restaurant,,node,6670013190,23.266109,42.6491258
Чичовци,Chichovtsi,restaurant,,node,6670013292,23.3091473,42.628606
,,fast_food,,node,6677512939,23.3142174,42.7025151
Osteria San Marco,,restaurant,,node,6677512956,23.3233822,42.7012524
,,fast_food,,node,6681658294,23.3047731,42.7246015
,,fast_food,,node,6684901368,23.309335,42.7034996
Балканика,,restaurant,,node,6694746162,23.2017162,42.7223985
Gallery Boyana,,restaurant,,node,6703429386,23.2669312,42.6470963
,,fast_food,,node,6705170221,23.3094087,42.7395417
Craft,,restaurant,,node,6719790985,23.3182022,42.6900287
Панчарево хилс,,restaurant,,node,6738147895,23.4091005,42.5971186
Кафе при Ани,,cafe,,node,6749930671,23.3198597,42.6963651
Колелото 17,,restaurant,,node,6749930673,23.3194031,42.6961779
"Пекарна ""Едно Време""",,fast_food,,node,6782017953,23.2412513,42.6843524
Pit Stop,,cafe,,node,6783784043,23.2440287,42.6829461
Art of sandwiches,,fast_food,,node,6786070137,23.3746935,42.6616376
Фараонката,,fast_food,,node,6790699644,23.3101976,42.6983044
Механа При Братовчеда,,restaurant,,node,6794596735,23.3868241,42.6562736
Баничарница,,fast_food,,node,6799173436,23.2689715,42.7186677
Трите Щерки,,restaurant,,node,6799377497,23.338455,42.6989141
The Bridge,,cafe,,node,6799377498,23.3242151,42.705686
Арбат,,restaurant,,node,6805009385,23.3289306,42.6951923
Ancona Pizza Ovcha Kupel,Ancona,restaurant,,node,6818302630,23.2687104,42.6838895
При,Pri Komitite,restaurant,,node,6818302635,23.2693448,42.683368
Go Grill,,fast_food,,node,6821161308,23.2464816,42.689482
,,fast_food,,node,6821188045,23.3370033,42.6909739
Бистро Монтанари,,restaurant,,node,6833133776,23.3210676,42.693692
Делвите,,restaurant,,node,6840096687,23.3185831,42.6501578
Вергилий,,cafe,,node,6844055654,23.323749,42.699465
y dough,,cafe,,node,6859410974,23.3106051,42.6803059
Rich house,,restaurant,,node,6887939073,23.3518159,42.6899493
Food Oops,,fast_food,,node,6899052148,23.3003799,42.7287814
Метро,,fast_food,,node,6899052149,23.3013495,42.7282243
Gelato & Latte,,ice_cream,,node,6904744133,23.3377828,42.6916029
Heicha - Asian Cuisine - Bubble Tea,,fast_food,,node,6904744134,23.2931867,42.7359276
Zemira bakery,,cafe,,node,6905052886,23.3451147,42.6464961
Bizarre Bar and Dinner,,restaurant,,node,6905345222,23.3451335,42.6466857
Glitch eSports Hub,,bar,,node,6905345223,23.3449285,42.6471591
Kiker's,,fast_food,,node,6906505986,23.3354463,42.6988989
Gelato Fabbrica,,ice_cream,,node,6906532392,23.318492,42.698152
Diana Cafe Video Club,,cafe,,node,6906532399,23.3252179,42.7024807
Pizza Romana,,fast_food,,node,6907881226,23.2850945,42.6781785
Приятели,,cafe,,node,6908377785,23.3360737,42.6969869
,,cafe,,node,6909348285,23.3388565,42.6997243
При мед. сестрата,,fast_food,,node,6909361486,23.3384592,42.7002667
Балканска скара,,fast_food,,node,6911280527,23.2854631,42.6781406
,,fast_food,,node,6913149085,23.3308359,42.7001997
Гозба,Gozba,restaurant,,node,6913149185,23.326799,42.6994683
Simple Food Punkt,,restaurant,,node,6913157588,23.3172703,42.6919043
Tienda Gourmet,,bar,,node,6913157785,23.3183271,42.6910862
Adams,,bar,,node,6913157786,23.3358849,42.6979029
Wine & Co,,bar,,node,6915260285,23.3224452,42.6926286
,,bar,,node,6915476185,23.3124249,42.6925226
Pingo's,,restaurant,,node,6916694224,23.4551221,42.6092367
Лесковачка Сръбска Скара,,restaurant,,node,6934095633,23.3037014,42.6996497
Сладко & солено,,fast_food,,node,6934095636,23.3034989,42.699681
Парадайс,,fast_food,,node,6950431869,23.2678279,42.7160585
,,fast_food,,node,6950431870,23.2677847,42.7160157
Рибката,,restaurant,,node,6950440387,23.2684529,42.7167285
Баничарница,,fast_food,,node,6950440389,23.2686212,42.7168847
Велодиспансер,,bar,,node,6956280486,23.3256539,42.6900271
,,restaurant,,node,6961386132,23.4160495,42.6625658
Fly Duner and Burger,,fast_food,,node,6975165857,23.2864391,42.6959674
The Comedy Club Sofia,,bar,,node,6981573892,23.3239669,42.6956113
Farro pizza & more,,restaurant,,node,6984377165,23.3533563,42.6691408
Гостилница,,restaurant,,node,6990257444,23.3068829,42.7019526
The Bibimbap,,restaurant,,node,7006305912,23.3418669,42.6509166
Бон апетито,,restaurant,,node,7006376695,23.3124988,42.6979541
Hotpot,,restaurant,,node,7006830649,23.3001645,42.7001948
Psari,,restaurant,,node,7017885783,23.322152,42.6773234
Sweet & Salty Bakery,,cafe,,node,7044982167,23.3185203,42.6892277
V. Bar,,bar,,node,7047947828,23.328591,42.6898825
Domino's,,fast_food,,node,7049445536,23.381326,42.65548
Лимончето,Limoncheto,restaurant,,node,7059834486,23.2644898,42.6480631
Котилото,Kotiloto,restaurant,,node,7083406171,23.3087966,42.6298355
Бешамел,,restaurant,,node,7084134080,23.314633,42.6912867
baristo,,fast_food,,node,7104664090,23.3177397,42.6703729
Бистро Мираж,,restaurant,,node,7122851738,23.3019294,42.7023538
StepUp,,restaurant,,node,7127130508,23.3699554,42.7063764
,,cafe,,node,7129240356,23.2999827,42.7020711
Баничарница,,fast_food,,node,7149761341,23.2498672,42.728445
Сръбска скара Zuzi,,restaurant,,node,7149761360,23.249778,42.7285198
,,restaurant,,node,7154908870,23.2534379,42.7290592
,,restaurant,,node,7158081354,23.2571635,42.729302
Сръбска скара,,restaurant,,node,7162395731,23.2550928,42.725655
Sole Mio,,restaurant,,node,7166527210,23.2497406,42.7281879
,,fast_food,,node,7166527214,23.2496285,42.7282696
Гости,,restaurant,,node,7167673849,23.2480091,42.7245092
Ador,,restaurant,,node,7169502662,23.3322689,42.6932628
Аквариума,,cafe,,node,7176832344,23.2530899,42.7242998
No Limit,,cafe,,node,7176832347,23.252935,42.7241412
Bug Coffee,,cafe,,node,7180891985,23.3441194,42.6933867
,Blue Bag Coffee,cafe,,node,7180927585,23.2758542,42.6635224
Кринг,Kring,restaurant,,node,7181399985,23.3247036,42.7010738
Зоя,Zoya,restaurant,health_food,node,7184552885,23.3223764,42.6938352
Bon appetito,,restaurant,,node,7190526287,23.3254744,42.700175
Ananda Healthy Bakery,,cafe,bakery,node,7192134285,23.303578,42.6871618
Gelato lab,Gelato Lab,ice_cream,,node,7192164485,23.3092659,42.6748952
Café MaBaker,Ma Baker,cafe,,node,7192754285,23.3192918,42.6909469
Еврофутбол (затворен),,cafe,,node,7194786688,23.2469359,42.7235047
Cantina 22,,restaurant,,node,7196762585,23.3735517,42.6611202
Виера Кулинария,,fast_food,,node,7207738487,23.2430324,42.7205565
Сръбска скара,,restaurant,,node,7213622252,23.2441762,42.7202332
Annapurna,Annapurna,restaurant,,node,7223294485,23.3234233,42.6872829
Jazz Bar,,bar,,node,7231361080,23.3288369,42.7028123
,,fast_food,,node,7232173948,23.2476591,42.7181508
Скара Поли,,fast_food,,node,7232173949,23.2475886,42.7181833
GABA,,bar,,node,7236425895,23.3248443,42.687162
,,restaurant,,node,7238148467,23.2522282,42.719915
,,cafe,,node,7238968196,23.2666255,42.6464308
,,cafe,,node,7243597647,23.2509776,42.7181695
Дилвале,,restaurant,,node,7245724149,23.3131384,42.7008918
Сръбска скара,,fast_food,,node,7252292075,23.2525061,42.717665
Maestro,,bar,,node,7252555018,23.3302241,42.6975815
Палачинките,,fast_food,,node,7255859718,23.2502118,42.7166438
efbet sports bar,,bar,,node,7255859817,23.2521786,42.7174488
Oops!!,,fast_food,,node,7260054908,23.2499105,42.7167367
,,restaurant,,node,7276841943,23.3117732,42.72678
Hugo bar & dinner,,restaurant,,node,7277176604,23.3128327,42.7305817
,,fast_food,,node,7281739116,23.2934611,42.7355342
Fusion Cake,,cafe,,node,7283322394,23.2931118,42.7358311
Палачинки,,fast_food,,node,7283322591,23.2935354,42.73557
При Пупи,,restaurant,,node,7286407632,23.2869333,42.7321628
,,fast_food,,node,7305225486,23.24621,42.7184779
Златна Вечер,,restaurant,,node,7342957536,23.3046976,42.7053918
Наш'то място,,restaurant,,node,7342957544,23.3076159,42.7008974
Механа Македонска среща,Makedonska Sreshta Tavern,restaurant,,node,7342957547,23.3073277,42.6962303
Масис,,fast_food,,node,7347709065,23.2504901,42.7161319
Щастливеца,Shtastliveca,restaurant,,node,7392334238,23.3379173,42.6917672
Приятели,,restaurant,,node,7399254897,23.5281395,42.5166729
,,cafe,,node,7399745146,23.2384685,42.7178084
Скара Цар Месар,,fast_food,,node,7417179477,23.297473,42.7309609
,,fast_food,,node,7417179478,23.2980022,42.7309099
la mia famiglia,,restaurant,,node,7453554457,23.2996649,42.7121038
,,restaurant,,node,7453554468,23.2999718,42.7121668
Смолита,,restaurant,,node,7453554469,23.2985666,42.7140987
,,fast_food,,node,7453554472,23.3002418,42.7120184
,,restaurant,,node,7453566997,23.2988748,42.713666
Food Mood,,restaurant,,node,7501665619,23.3704595,42.622487
Камен дел,,restaurant,,node,7517539068,23.265892,42.6249142
Alea,,restaurant,,node,7522384314,23.2703371,42.7149481
Балканска скара Grill House,,fast_food,,node,7533554874,23.3121479,42.6980177
Китай,,restaurant,,node,7533554879,23.3143881,42.6972784
Chingu,,restaurant,,node,7570529956,23.3182889,42.7113638
Hi Life,,restaurant,,node,7599918085,23.3416706,42.7993158
Lavené,,cafe,,node,7612923893,23.3271964,42.6711832
Марайа Класик,,restaurant,,node,7622922018,23.3298688,42.6855369
,,restaurant,,node,7623957233,23.3988251,42.6541415
Нектар,,cafe,,node,7625928479,23.3330992,42.6723665
Grab&Go,,fast_food,,node,7631723627,23.330597,42.6841177
Everydaybar,,cafe,,node,7636574619,23.3302993,42.6854501
Contour,,restaurant,,node,7637567477,23.3362368,42.7015128
Юн,Yun,restaurant,,node,7649102952,23.343909,42.6686448
Небче,,fast_food,,node,7663483538,23.3213334,42.6708559
Орлово гнездо,,cafe,,node,7663483540,23.3217519,42.67071
Старецът и Морето,,restaurant,,node,7673295287,23.4062096,42.6058247
,,fast_food,,node,7681280703,23.3062361,42.6859004
Ali Baba,,fast_food,,node,7681280709,23.3072648,42.6861802
Шопска баница,,fast_food,,node,7694855340,23.3336072,42.6759184
Yes,,fast_food,,node,7694855341,23.333615,42.6758456
,,food_court,,node,7731447962,23.3040401,42.7901255
,,food_court,,node,7731575348,23.3081987,42.79415
,,food_court,,node,7731576862,23.2296235,42.69585
,,restaurant,,node,7759152684,23.3296102,42.7434153
Бистро Мидо,,restaurant,,node,7759173686,23.4655071,42.6813097
Сарай,Saray,restaurant,,node,7760742585,23.4047879,42.6499913
Ashurbanipal,,restaurant,,node,7781852599,23.3206562,42.7023141
Roma Bene,,restaurant,,node,7801985740,23.3281943,42.6675257
Ористе,Oriste,restaurant,,node,7834329286,23.3055093,42.6765414
Параклиса,,restaurant,,node,7881050977,23.3657848,42.5361104
Римска стена,,restaurant,,node,7908466877,23.3299274,42.6840053
Lozenets waffle company,,cafe,,node,7953810767,23.3181421,42.6750436
Starbucks,,cafe,,node,7967872600,23.2883207,42.6645531
Илкаго,,fast_food,,node,7972902907,23.2898687,42.6563137
Attitude food & wine,,restaurant,,node,7972913733,23.3024071,42.6988305
Пицария Ралица,,restaurant,,node,7996460594,23.2926547,42.7115329
Скай Лайн бар и динер,SkyLine Bar & Diner,restaurant,,node,7996480442,23.2960943,42.7093451
Шами,,fast_food,,node,8033275614,23.3611031,42.6787807
The Scene,,bar,,node,8042003244,23.3362316,42.6964643
The Revolutionary,,restaurant,,node,8042003245,23.3357951,42.6964825
Brunchbox,,fast_food,,node,8043916090,23.3188942,42.6655845
,,cafe,,node,8043936079,23.2957296,42.6909311
Наше село,,restaurant,,node,8045113501,23.3020106,42.6834749
Българска кухня,,restaurant,,node,8063301240,23.4043608,42.6514245
Фу Ли гун,,restaurant,,node,8065101519,23.2913351,42.6765523
,,cafe,,node,8065141032,23.2923618,42.6766864
Prime grill,,fast_food,,node,8074813056,23.3177623,42.6627579
Ribs & sticks,,restaurant,,node,8074813064,23.3174973,42.6621721
Coffee in Bar and Diner,,bar,,node,8094052733,23.2927577,42.7250843
Син юн гъ,,restaurant,,node,8094989974,23.3664756,42.7044698
Happy Bar & Grill,,restaurant,,node,8108378598,23.1431888,42.7072928
,,bar,,node,8109610062,23.3413684,42.8002958
fresha,,cafe,,node,8118791503,23.3093061,42.6750579
Ciccione,,fast_food,,node,8118791505,23.3093095,42.6747961
Graphit Bar & Lounge,,bar,,node,8120246960,23.5626982,42.7605984
Санта Мария,Santa Maria,cafe,,node,8151073919,23.3105907,42.6947817
Impact Bar,,bar,,node,8155039579,23.3491005,42.6719164
Florans,,restaurant,,node,8158830710,23.2730093,42.7113914
Yamas,,restaurant,,node,8171412291,23.3432904,42.6576336
Bar-Grill Fredi,Bar-Grill Fredi,restaurant,,node,8205709189,23.3580182,42.6752255
Happy panda,,fast_food,,node,8209130413,23.3304406,42.6850171
Beyazade,,cafe,,node,8210132714,23.3288437,42.6702556
Coco,,cafe,,node,8213395320,23.3311859,42.6706608
Deli venue,,cafe,,node,8213395384,23.3283305,42.6738572
,,cafe,,node,8214099254,23.3236411,42.6704021
Burger Boutique,,fast_food,,node,8219146121,23.3327301,42.6705564
Тирол-Т,,restaurant,,node,8228250302,23.3157083,42.6702571
Fresco kitchen,,fast_food,,node,8230776236,23.3337755,42.6730931
Santé,,restaurant,,node,8230776237,23.3333499,42.6742913
Мусака bar,,restaurant,,node,8248093007,23.3529636,42.6708765
Механа Орехчето,,restaurant,,node,8264546028,23.2910789,42.6764523
Окото,,restaurant,,node,8267935617,23.4089572,42.633428
,,cafe,,node,8272229144,23.3133088,42.6749934
,,fast_food,,node,8274870962,23.3728655,42.6527369
Caffe Panini,,cafe,,node,8292997175,23.3333001,42.6745055
От закуска до вечеря,,fast_food,,node,8292997182,23.3298865,42.6750828
Наслада,,fast_food,,node,8302404120,23.3296085,42.6755531
,,cafe,,node,8309139000,23.3341992,42.6725032
Брод,Brod,restaurant,,node,8321522118,23.2953011,42.6768107
Soul Terrain,,restaurant,,node,8338888465,23.330744,42.6851676
Бакалия Вересия,,fast_food,,node,8367238304,23.3172142,42.6646272
,,restaurant,,node,8400832446,23.2384202,42.714073
"Механа ""Старата круша""","Mehana ""Starata Krusha""",restaurant,,node,8483345166,23.2587353,42.6496067
Хитрата лисица,,restaurant,,node,8543665481,23.3244669,42.6764814
Pizza Box,,fast_food,,node,8548071802,23.3268912,42.6839016
,,fast_food,,node,8554092645,23.323493,42.6783573
,,fast_food,,node,8557113650,23.3243877,42.6795946
Лозата,,restaurant,,node,8557232733,23.3262487,42.6774723
Рап и хляб,,fast_food,,node,8585855500,23.3537138,42.6573615
,,fast_food,,node,8585855501,23.3537219,42.6575303
Crunch & Ciao,,fast_food,,node,8585855504,23.35372,42.6574906
,,fast_food,,node,8586051038,23.3551742,42.6566873
Механа Дойранъ,,restaurant,,node,8591297718,23.2831193,42.6716184
Fresh Lab,,fast_food,,node,8605196634,23.3008473,42.6794332
Цуей Шан Гъ,,restaurant,,node,8614469196,23.2914568,42.7320218
Pantastic,,fast_food,,node,8622242274,23.3617306,42.6761243
Гаражъ,,cafe,,node,8662084586,23.3021404,42.6728852
,,restaurant,,node,8745323690,23.3099806,42.6523382
Costa,,cafe,,node,8765253417,23.320016,42.6786828
HANAMI,Hanami restaurant,restaurant,,node,8769150613,23.4041564,42.6580254
Бистро Невен,,restaurant,,node,8776394173,23.2410949,42.6587279
GT Zone Bar,,bar,,node,8779556753,23.2533648,42.7201161
Кривото,,restaurant,,node,8804284557,23.335856,42.6928142
Pizza Lab,,fast_food,bakery,node,8806588618,23.314949,42.6575884
Ручей,,cafe,,node,8810630118,23.300563,42.6819198
"Пицария ""Виа""",,fast_food,,node,8814040125,23.303425,42.6766928
Vkusno I evtino,,restaurant,,node,8814442372,23.2652314,42.6599081
Кулинарно изкушение,,fast_food,,node,8828043820,23.3014306,42.6801777
Арабията,Arabiyata,fast_food,,node,8833362581,23.3548872,42.6651827
Яж Живей Обичай,,fast_food,,node,8906365516,23.3728334,42.6524608
,,cafe,,node,8909316157,23.3929099,42.6609966
,,fast_food,,node,8913096736,23.3730707,42.6522799
Yami Yami,,restaurant,,node,8917558764,23.3948439,42.6504165
Дюнер Sultan,Duner Sultan,fast_food,,node,8936366689,23.2981548,42.7021696
Сладък Живот,,cafe,,node,8956407971,23.3547039,42.6846039
Grano Pizza Napoletana,,fast_food,,node,8968540002,23.3160225,42.6508185
Virtuoso,,cafe,,node,8968540004,23.3160802,42.6506892
American pancakes' story,,fast_food,,node,8968612719,23.3163255,42.650656
Momo Fusion Dumplings,,fast_food,,node,8968612721,23.31635,42.6507259
Ribs Brothers,,fast_food,,node,8968612722,23.3163512,42.6508987
Mediterraneo,,restaurant,,node,9040789062,23.3368937,42.6956468
Aladin,,fast_food,,node,9040838600,23.3446892,42.6520848
Гостилница Пърленките,Gostilnica Purlenkite,restaurant,,node,9051905250,23.3833113,42.6378283
Schnitzel Haus,,restaurant,,node,9072269374,23.357271,42.6802142
Editori,,cafe,,node,9116806140,23.3433099,42.6926632
Tutti's Heaven,,restaurant,,node,9119562912,23.2923737,42.6776167
Бистро 16,Bistro 16,cafe,,node,9128800070,23.3192833,42.6998616
Пелини,,cafe,,node,9132591977,23.2866788,42.6618183
Добър апетит,,restaurant,,node,9132591978,23.2869776,42.6619643
Marashlian Pastry,,cafe,,node,9166529462,23.3713405,42.682248
мокафе,,cafe,,node,9168858303,23.3082618,42.7014278
,,cafe,,node,9168925830,23.3088865,42.7031551
Гостилница,,food_court,,node,9172512883,23.3708474,42.7111219
REPEat,,fast_food,,node,9214027439,23.3018689,42.7112619
,,restaurant,,node,9223574849,23.2516251,42.716828
,,fast_food,,node,9223574850,23.2531844,42.7150774
,,cafe,,node,9228501573,23.420294,42.7123195
,,food_court,,node,9228515105,23.4203127,42.7120211
Гостилница Рай,,food_court,,node,9228523071,23.4245546,42.7091951
Стол,,restaurant,,node,9240164433,23.3642499,42.6729479
Idlib foods,,fast_food,,node,9274360981,23.2914677,42.6764834
Green Mo,,cafe,,node,9348375784,23.2896154,42.6772402
K.E.B.A. Клуб за Естетическо Възпитание на Артиста,,bar,,node,9366364217,23.3254914,42.6918756
Nito House,,fast_food,,node,9379901120,23.2969602,42.7374557
Pizza Lab,,fast_food,,node,9383218525,23.2730967,42.670674
Джоджен,,restaurant,,node,9481059879,23.3927563,42.6520199
,,restaurant,,node,9496637084,23.2525635,42.7402577
Българска кухня,,restaurant,,node,9500796803,23.3082231,42.6996001
Wurst,,fast_food,,node,9527169617,23.2313905,42.7463519
Raffy,,ice_cream,,node,9552440256,23.3085799,42.6960132
Vamos,,fast_food,,node,9554441604,23.2947389,42.6756426
Bar Wink,,bar,,node,9590054057,23.3066179,42.6985716
Тракийска баница,,fast_food,,node,9610404366,23.3573421,42.6635095
,,cafe,,node,9627590973,23.2950407,42.6752658
Compartido,,cafe,,node,9635245935,23.3025654,42.7113235
Barbeque MAX,,food_court,,node,9641648585,23.303325,42.7255967
Ем-Джо,,fast_food,,node,9658455438,23.285512,42.6776246
In Office,,restaurant,,node,9668273596,23.3933531,42.6471655
Adoro,,food_court,,node,9669532881,23.3103937,42.6341336
Балдаран,,food_court,,node,9669544284,23.3104193,42.6339301
,,food_court,,node,9683362275,23.3608471,42.7028085
,,food_court,,node,9683364486,23.3599662,42.7031754
The Ring,,food_court,,node,9683384372,23.3110547,42.6415407
,,fast_food,,node,9683388805,23.3602392,42.7024908
Ozone Skybar & lounge,,restaurant,,node,9687192443,23.3148594,42.6821136
Urban Garden,,cafe,,node,9687192444,23.3148802,42.6821912
Падре,,restaurant,,node,9700152260,23.3162296,42.6704213
Ресторант L do Rado,Restaurant L do Rado,restaurant,,node,9708937134,23.4104273,42.6330443
Onda,,cafe,,node,9714646116,23.4021146,42.6897356
Onda,,cafe,,node,9714667117,23.403166,42.689584
,,fast_food,,node,9717898506,23.3121608,42.7399799
,,fast_food,,node,9717898507,23.3139545,42.7390945
,,fast_food,,node,9721645474,23.2935959,42.7354184
Hesburger,,fast_food,,node,9727606944,23.3909185,42.6630165
Go Grill,,fast_food,,node,9730444862,23.2919319,42.7111932
,,cafe,,node,9732243416,23.309164,42.7395762
,,fast_food,,node,9734627025,23.2932844,42.7348958
,,cafe,,node,9738301337,23.3016157,42.7378169
Burrata Italiana,,restaurant,,node,9739610550,23.3226919,42.6956696
Food Corner,,cafe,,node,9747482023,23.3059743,42.7395308
Friends bar & dinner,,restaurant,,node,9751805232,23.3050044,42.7292099
,,restaurant,,node,9755615087,23.3883154,42.6534764
"Пица, гофрети",,fast_food,,node,9764796283,23.2917757,42.6762486
Tenebris,,restaurant,,node,9791070640,23.3244173,42.6892651
,,fast_food,,node,9797843489,23.2534097,42.7318179
Маслината,,restaurant,,node,9820034258,23.3590337,42.7119312
Burrata Italiana,,restaurant,,node,9821180688,23.3399301,42.6932743
,,fast_food,,node,9857857945,23.2501185,42.7162654
Franco's Pizza,,restaurant,,node,9875133527,23.3535743,42.6675495
Алтруист,Altruist,cafe,,node,9911035117,23.3251871,42.7003138
Metro pizza,,fast_food,,node,9929721481,23.3741343,42.6411597
Schroedinger Bar,,bar,,node,9952527817,23.3328912,42.7032075
Bistro 36,,restaurant,,node,9954241917,23.3209314,42.7033338
,,cafe,,node,9960258424,23.3047201,42.694411
Българска гозба,,food_court,,node,9968695812,23.3300416,42.7081659
Анона,,cafe,,node,9970297242,23.3126462,42.707766
Zakho Doner,,fast_food,,node,10002544349,23.3023002,42.7334327
Дебелата Панда,,fast_food,,node,10002564378,23.3053044,42.7361237
La Terra Centro,,restaurant,,node,10015115055,23.3277173,42.6889109
,,cafe,,node,10027861500,23.2684746,42.7160257
,,cafe,,node,10035191637,23.2945494,42.7385123
Street Chefs 3,,fast_food,,node,10039548462,23.2862723,42.6636431
,,fast_food,,node,10045193483,23.2971773,42.7316727
,,fast_food,,node,10045193484,23.2971284,42.7318101
Phoenix,,fast_food,,node,10050028018,23.3031002,42.7332389
Пит стоп 2,,food_court,,node,10050377062,23.4635374,42.6682817
,,food_court,,node,10050385138,23.4203679,42.7087073
,,restaurant,,node,10050391193,23.4658807,42.7326222
,,food_court,,node,10050394339,23.4664846,42.7335121
Ancona Station,Ancona Station,fast_food,,node,10066700430,23.3047418,42.723822
,,fast_food,,node,10067682480,23.3049544,42.7244446
,,fast_food,,node,10067701471,23.2863244,42.7284312
Grill House,,fast_food,,node,10068554798,23.325256,42.6917165
,,fast_food,,node,10075429435,23.2887242,42.7326192
High Five,,bar,,node,10082272217,23.321024,42.6918212
,,restaurant,,node,10084819132,23.2979109,42.7338232
,,fast_food,,node,10084846917,23.3004007,42.7283189
Carraro,,cafe,,node,10086487095,23.3481372,42.6517743
Дворець,,restaurant,,node,10095136100,23.3428785,42.6444735
Public Bar,,bar,,node,10108050803,23.3225202,42.6932978
Sushi king,,restaurant,,node,10111055821,23.3746867,42.6342847
Мимас,Mimas,fast_food,,node,10115993629,23.3460944,42.6519381
Баш Наденицата,,fast_food,,node,10116192207,23.3426245,42.6515195
Green Deli Cafe,,cafe,,node,10116457903,23.3775692,42.6266857
Kitch.,,restaurant,,node,10116588507,23.377847,42.6266818
Палачинки Анибо,,fast_food,,node,10116719186,23.3439698,42.6538586
Дюнерландия,Donerlandia,fast_food,,node,10118153317,23.3351565,42.6977684
From Barista,,cafe,,node,10118541900,23.3680502,42.6221705
Domino's,,fast_food,,node,10119119558,23.3459239,42.6538018
Трите войводи,,fast_food,,node,10119124024,23.3439935,42.6538566
Turkish Sofra,,restaurant,,node,10119220053,23.3461549,42.6524172
Пица Тути,,fast_food,,node,10133546606,23.3037487,42.6765219
Кумбаре,Kumbare,restaurant,,node,10135787788,23.2786643,42.6503859
Domino's,,fast_food,,node,10136125978,23.2943201,42.7343377
,,fast_food,,node,10136192866,23.2966962,42.7321302
Механа Илиянци,,restaurant,,node,10136192867,23.3190482,42.7508317
Баницата,,fast_food,,node,10137234515,23.2620114,42.6494603
Rose,,restaurant,,node,10142228419,23.2803007,42.6553499
Starbucks,,cafe,coffee,node,10142333889,23.3540458,42.6237046
Бонитас,Bonitas,restaurant,,node,10142703732,23.369289,42.6207006
Da Nino,,fast_food,,node,10144573175,23.3249271,42.691625
Lunch time,,restaurant,,node,10147055968,23.3800997,42.6268838
Гергана,Gergana,restaurant,,node,10149634706,23.3808206,42.6299483
KFC,,fast_food,,node,10155577983,23.346749,42.6534554
Баш Мерак,Bash Merak,restaurant,,node,10159650544,23.3448873,42.6446193
,,fast_food,,node,10159965612,23.2377333,42.7397083
,,fast_food,,node,10171990389,23.3390894,42.6123835
При Коко,,food_court,,node,10180716058,23.4236557,42.8013914
Гостилница Теменуга,Violet inn,food_court,,node,10180727834,23.3179079,42.7265875
,,cafe,,node,10181093702,23.2525539,42.7185105
Furna,,cafe,,node,10200029208,23.3307848,42.6850241
Пица Гурко,,fast_food,,node,10201422858,23.3313622,42.6902175
Maison's,,restaurant,,node,10203853010,23.3443463,42.6538322
,,restaurant,,node,10212445481,23.3392894,42.6121854
Soffy's BBQ,,restaurant,,node,10212445492,23.3385713,42.6147615
Cheese Box Elemag,,cafe,,node,10212445513,23.3385555,42.6153328
,,fast_food,,node,10212453427,23.3378413,42.6156808
Alex Fish,,restaurant,,node,10215162277,23.3124349,42.6319505
Wok to Walk,,fast_food,,node,10216846613,23.3191908,42.6656679
Mangi & Piangi,,fast_food,,node,10216880977,23.3135967,42.657595
Salateria,,fast_food,,node,10216885793,23.3137803,42.6576777
Aladin Foods,,fast_food,,node,10216886060,23.3136842,42.6576344
Burger Shop,,fast_food,,node,10218011213,23.3102226,42.7009739
Дуня,,food_court,,node,10221081381,23.2389053,42.6764669
Нашето място,,restaurant,,node,10221601658,23.2992706,42.6677586
Балканска Скара Лозенска,,fast_food,,node,10223726020,23.3335969,42.6760142
Paradise Дюнер,,fast_food,,node,10230995267,23.3167911,42.6592887
,,fast_food,,node,10231018236,23.3168934,42.6593368
,,fast_food,,node,10231021441,23.3168682,42.6593264
Градцко,,fast_food,,node,10233028908,23.3322255,42.6807415
All Inclusive by Parlenka,,fast_food,,node,10233103445,23.3169039,42.6949687
Pera Zdera,,restaurant,,node,10236292719,23.2846419,42.6776444
Кармен,,restaurant,,node,10236292735,23.2848815,42.6784399
Pizza locale,,fast_food,,node,10236292740,23.2844463,42.6782063
Вкусната баница,,fast_food,,node,10236292760,23.2851002,42.6774201
Thai Box,,fast_food,,node,10248611617,23.3177307,42.6602136
При бат Краси,,fast_food,,node,10248611618,23.3177411,42.6602537
Доказаната баницарника,,fast_food,,node,10248611619,23.3177501,42.6602883
,,food_court,,node,10249380578,23.3819104,42.6607779
Hesburger,,fast_food,,node,10249380579,23.3820418,42.6609159
Kete,,food_court,,node,10249380580,23.3825218,42.660837
,,food_court,,node,10249380581,23.3823824,42.66091
RepEat,,food_court,,node,10249380582,23.3828516,42.6605294
Salad Box,,food_court,,node,10249380583,23.3828986,42.6605028
Starbucks,,cafe,coffee,node,10249380664,23.3822294,42.660482
Pizza Lab,,food_court,,node,10249380675,23.3829669,42.6604643
Ikigai,,restaurant,,node,10249380729,23.3822268,42.6610145
Subway,,fast_food,,node,10249380879,23.3819748,42.6608567
,,food_court,,node,10249380880,23.3819507,42.6608074
KFC,,fast_food,,node,10249380881,23.3820901,42.6609731
BMS,,food_court,,node,10249380882,23.3823261,42.6609573
Aladin Foods,,food_court,,node,10249380883,23.3824467,42.6608607
Coffero,,cafe,,node,10249381126,23.3828598,42.6611744
Raffy,,food_court,,node,10249381141,23.3818514,42.660768
Ola Taste of MED,,food_court,,node,10249381516,23.382802,42.660561
Skapto,,food_court,,node,10249381517,23.3830018,42.6604318
Senior Burrito,,food_court,,node,10249382710,23.3830501,42.6603993
Saha Duner,,fast_food,,node,10249669799,23.2851412,42.6782036
La Opera,,restaurant,,node,10255485426,23.2744738,42.6573477
Пала Бургер,Palla Burger,fast_food,,node,10261424569,23.3426057,42.6518002
RepEat,,restaurant,,node,10267707118,23.2676737,42.6828846
Toraldo,,cafe,,node,10269298871,23.3436673,42.7090378
Cheat day,,restaurant,,node,10269943942,23.3429999,42.6515744
Wok to Walk,,fast_food,,node,10272940236,23.3531764,42.623617
Domino's,,fast_food,,node,10273264641,23.3440266,42.6429759
Лецковска Скара - При Бракята,,fast_food,,node,10273279457,23.3412373,42.6447138
Бабино Село,,fast_food,,node,10273318787,23.3421076,42.6442066
Тирол,Tiroln,restaurant,,node,10275490709,23.2875532,42.6597753
,,fast_food,,node,10276742195,23.3089946,42.6290822
,,fast_food,,node,10289305103,23.2851645,42.6782162
Шишарка,,restaurant,,node,10295030528,23.2404093,42.6564062
,,cafe,,node,10296297998,23.3224429,42.7111165
Нещо вкусно,,restaurant,,node,10296373446,23.3713903,42.6474799
Story Bar & Dinner,,restaurant,,node,10296510819,23.3438365,42.6519673
Cook Book,,restaurant,,node,10296556605,23.3940639,42.6485848
Барбекю,,fast_food,,node,10296613421,23.2519499,42.7409462
,,fast_food,,node,10296621618,23.3990014,42.6648032
Сам дойдох,,restaurant,,node,10296698355,23.4109975,42.5932516
Big Panda,,fast_food,,node,10306910194,23.3171691,42.694756
Дюкянь,,cafe,,node,10311349148,23.3321263,42.680944
Food Halle,,restaurant,,node,10555379925,23.2875879,42.6559922
,,fast_food,,node,10569762381,23.2761643,42.7189202
Тополите,,restaurant,,node,10584319960,23.3355467,42.6550446
Nutrio,,bar,,node,10596723256,23.3335529,42.6451022
,,fast_food,,node,10607760759,23.3826224,42.6744168
Grilly,,fast_food,,node,10607775926,23.3303853,42.7043364
Златна Хапка,,fast_food,,node,10607775927,23.3303294,42.7043303
DÖNERMAN,,fast_food,,node,10607836485,23.3006807,42.7000977
Пикник,,restaurant,,node,10632602250,23.3829094,42.6294499
Готвеното,,restaurant,,node,10636803722,23.3713857,42.6503324
Дюнер Обеля,,fast_food,,node,10655298331,23.2506797,42.7160198
Monte,,cafe,health_food,node,10685067732,23.2847635,42.6585268
Pepe pizza,,fast_food,,node,10685919420,23.3487891,42.6937553
"Бистро ""Рибката""",,restaurant,,node,10692949006,23.3753845,42.6308329
Добрият готвач,,restaurant,,node,10695196879,23.2837976,42.6742282
,,fast_food,,node,10697469288,23.3567039,42.6951403
Под метлите,,restaurant,,node,10732341325,23.3040598,42.6345307
Subway,,fast_food,,node,10733530519,23.3192411,42.6854565
Сингълс,Bar Singles,bar,,node,10742536978,23.3183736,42.6847786
Taste the Seasons,,restaurant,,node,10743129377,23.3498486,42.6569064
Black Hawk,,restaurant,,node,10744170105,23.2846268,42.6638211
888 Taste Show Asian Cuisine,,restaurant,,node,10744669220,23.3152584,42.6826232
Скаричкъ,,fast_food,,node,10748637286,23.3599553,42.6765968
,,cafe,,node,10748668591,23.3604725,42.6783104
Twist&Go,,fast_food,,node,10748678462,23.361236,42.6790578
Теса,,fast_food,,node,10750969690,23.3654426,42.6730408
da Bono,,restaurant,,node,10760941358,23.2902529,42.6779183
Зад ъгъла,,fast_food,,node,10760941363,23.2909493,42.6782186
,,fast_food,,node,10762109044,23.2861212,42.6776754
Бащиното село,,restaurant,,node,10767774502,23.2633422,42.6493133
Малина,,cafe,,node,10775481410,23.3626821,42.6784036
,,cafe,,node,10781742859,23.3083815,42.6761942
,,fast_food,,node,10784950442,23.3034276,42.6764817
Шампионите на дюнера,,fast_food,,node,10785256768,23.3035281,42.6769124
,,fast_food,,node,10785314315,23.3034144,42.6767673
Нож и вилица,,restaurant,,node,10785314316,23.303412,42.6767364
,,fast_food,,node,10785314318,23.3039039,42.6766441
Kamori,,cafe,,node,10788309966,23.3290822,42.6708343
Healthy bite,,cafe,,node,10794824501,23.3004647,42.6844841
Soho,,cafe,,node,10795579099,23.2881605,42.6641527
Miral,,fast_food,,node,10804069089,23.3290716,42.6950127
,,cafe,,node,10804583886,23.3042932,42.6760484
Opa,,restaurant,,node,10807037964,23.3206696,42.6936962
Вкусното кебапче,,fast_food,,node,10807147499,23.2796506,42.668914
Борово,,fast_food,,node,10807167317,23.2795436,42.6688089
Alrayaan Foods,,fast_food,,node,10819060400,23.3528003,42.6693104
Cinecitta Osteria Italiana,,restaurant,,node,10825906377,23.2828436,42.643133
Джумаята,,fast_food,,node,10829040841,23.3360382,42.6986596
Арабията,,restaurant,,node,10829512971,23.3587617,42.6555587
,,fast_food,,node,10829518081,23.3537127,42.6573931
Raffy,,cafe,,node,10832071392,23.3402032,42.693522
Manja kitchen,,restaurant,,node,10832078263,23.3375099,42.691166
The Embassy Suites & Cafe Bar Memento,,cafe,,node,10833381677,23.3432605,42.6926539
The Holy Smokes BBQ,,restaurant,,node,10833708879,23.3174783,42.6772949
Bubble Waffles,,fast_food,,node,10836246814,23.2931173,42.7359189
Tortilla shack,,fast_food,,node,10837317501,23.3579593,42.6569492
Bardero,,fast_food,,node,10837364614,23.3578341,42.6569208
IP chef's Balkan grill station,,fast_food,,node,10844457552,23.3186042,42.6605264
The Espressonist,,cafe,,node,10845311282,23.3146962,42.6892532
Велчеви,,cafe,,node,10846321669,23.3956807,42.6486851
Соле мио,,fast_food,,node,10846432387,23.3351759,42.691622
The XperimenT,,restaurant,,node,10851018028,23.3656985,42.666673
6-те кьошета,,cafe,,node,10853556144,23.3127348,42.6891884
Vogue bar and dinner,,restaurant,,node,10854043655,23.2627579,42.7149779
,,cafe,,node,10861685755,23.3363507,42.6174399
,,cafe,,node,10861685756,23.3374505,42.6164532
,,fast_food,,node,10861685757,23.3374637,42.6164386
,,fast_food,,node,10861685759,23.3374922,42.6164072
TT eduspace,,cafe,,node,10862392058,23.2954993,42.6749605
Shahrayar,,fast_food,,node,10862609278,23.3401211,42.644908
Legendary Barbeque,,restaurant,,node,10862715583,23.3414301,42.648308
MAX Вкусно,,fast_food,,node,10867294809,23.308978,42.7070347
,,fast_food,,node,10867683697,23.3024883,42.6702699
Nero,,cafe,,node,10867752967,23.2860088,42.6568024
Fuzzy,,bar,,node,10880709510,23.329978,42.6841894
Кафе-бираия,,cafe,,node,10894582206,23.2371903,42.6102703
Ла Рока,La Rocca,restaurant,,node,10895685335,23.3796027,42.6425055
Maria espresso room,,cafe,,node,10899577256,23.3418579,42.6487742
Meat&beer,,fast_food,,node,10904700615,23.3215982,42.6715505
Fresh&Go,,cafe,,node,10906095085,23.2771946,42.669244
Stuart Little kids zone cafe,,cafe,,node,10908601060,23.3135035,42.6602879
,,fast_food,,node,10912960674,23.2794945,42.6688128
Лилан,,fast_food,,node,10915037020,23.2779593,42.6691873
South park,,cafe,,node,10928624017,23.3017542,42.665667
Il peperoncino,,fast_food,,node,10928760355,23.3247643,42.6593223
Chimi churri,,fast_food,,node,10928776562,23.315988,42.6507037
Healtholic,,fast_food,,node,10928776771,23.316436,42.650807
Vivenda,,restaurant,,node,10928778237,23.3156756,42.6497382
EatBox Food Park,,food_court,,node,10928873161,23.3164174,42.6506207
Pantastic,,fast_food,,node,10928922444,23.3164065,42.6506463
Eden brunch,,fast_food,,node,10928922454,23.3161001,42.6509013
Ale House,,pub,,node,10928922455,23.316143,42.6508984
Stick & Soup bar,,fast_food,,node,10928922456,23.3161859,42.6508934
Къри,,restaurant,,node,10928977374,23.3615121,42.5864879
,,fast_food,,node,10929738029,23.2794123,42.6688387
Бистришка Скара,,restaurant,,node,10931546876,23.3596715,42.5862317
Adoro,,fast_food,,node,10931670779,23.3168628,42.6628272
Добревски,,restaurant,,node,10931719197,23.3217098,42.6624794
Глад ли,,fast_food,,node,10932537022,23.2884112,42.6695595
Ла манджа,,fast_food,,node,10932537029,23.2855037,42.6682431
Mother Fathers,,cafe,,node,10933640197,23.3329358,42.6933738
Ravenna,,restaurant,,node,10934138839,23.4117959,42.644205
"Дюнери, бургери, хотдог",,fast_food,,node,10934155281,23.4118947,42.6440062
Blend,,restaurant,,node,10936666684,23.313257,42.6563373
София мел,,fast_food,,node,10938955831,23.2793623,42.6688545
Circles Donut & Bagel Shop,,fast_food,,node,10940310782,23.3206871,42.7016372
Pavilion 24,,cafe,,node,10941899715,23.3616022,42.6793884
Emdo бар-магазин,,bar,,node,10943790363,23.3652905,42.6838231
Blue Taste Poke,,fast_food,,node,10944558756,23.3202278,42.6935677
Arabesk,,bar,,node,10945833000,23.3405364,42.6500029
Diel,,bar,,node,10945835878,23.3401286,42.6509289
Lux,,bar,,node,10945837869,23.3400515,42.6500242
Sky lounge,,bar,,node,10945846153,23.3404712,42.6508898
Nura,,fast_food,,node,10946383163,23.3023525,42.6843886
GoGrill,,fast_food,,node,10959441791,23.3833346,42.6288179
,,fast_food,,node,10969642457,23.2796379,42.6754778
Нееко,,restaurant,,node,10971322905,23.3218292,42.6894995
При приятелите,,fast_food,,node,10974915136,23.2697181,42.666706
,,fast_food,,node,10978473230,23.3525423,42.668824
Yo2Dinner,,cafe,,node,10980030253,23.3487936,42.6509449
Skapto,Skapto,fast_food,,node,10980555875,23.2880733,42.6640125
Skapto,Skapto,fast_food,,node,10980555876,23.3090615,42.6984321
Skapto,Skapto,fast_food,,node,10980555878,23.38312,42.6602786
Skapto,Skapto,fast_food,,node,10980555879,23.3745181,42.6297356
Amore,,fast_food,,node,10984521704,23.2875583,42.6770362
,,fast_food,,node,10994428459,23.3498775,42.696339
Българска баница,,fast_food,,node,10994442553,23.3500885,42.6963662
Цитаделата,,bar,,node,11001334019,23.3723118,42.6843964
Cafe del mar,,bar,,node,11001335235,23.372296,42.6841285
,,fast_food,,node,11001707675,23.2873592,42.6743952
Agapi,,restaurant,,node,11003414874,23.2799233,42.6692919
,,restaurant,,node,11006033674,23.3578888,42.5856272
Caramel Relax Bar & Dinner,Caramel Relax Bar & Dinner,restaurant,,node,11014041060,23.3587509,42.6569864
Smiles,,fast_food,,node,11014065115,23.3577222,42.6569271
Двата лъва,,fast_food,,node,11016474517,23.2896003,42.6751743
Кулинарна къща,,fast_food,,node,11026035167,23.289448,42.6700563
Mone,,cafe,,node,11026035169,23.2909977,42.6691033
VIP Milko's,,restaurant,,node,11026067469,23.2884051,42.6700751
Лозенци,,restaurant,,node,11026531615,23.3333428,42.6759873
Суши маркет,,fast_food,,node,11027617129,23.2957949,42.666505
Angi,,cafe,,node,11028118849,23.2830895,42.6753972
При бай Стоил,,fast_food,,node,11030768988,23.2771604,42.6692591
Kebap Haus,,fast_food,,node,11034447693,23.3411719,42.6431439
Скара на жар,,fast_food,,node,11034484162,23.272858,42.6723823
Червеното,,cafe,,node,11034484163,23.272275,42.6727591
Benissimo,,restaurant,,node,11034611814,23.2769967,42.6691932
,,fast_food,,node,11039538083,23.3102625,42.7423556
,,fast_food,,node,11039538084,23.3094867,42.7409767
Вкус мания,,fast_food,,node,11040020757,23.2850575,42.6770156
Халеб Ал Шахба,,fast_food,butcher,node,11043373292,23.3118066,42.7028705
Ям ям,,fast_food,,node,11046193621,23.3160462,42.6995117
,,restaurant,,node,11046971889,23.3063545,42.7363301
,,cafe,,node,11046971891,23.3088939,42.7354568
,,cafe,,node,11047226517,23.2789162,42.6682184
Supa bar,,restaurant,,node,11048705604,23.3534447,42.6687404
,,fast_food,,node,11048711417,23.3536699,42.6688459
ЕрДинЧе,,restaurant,,node,11048711418,23.354857,42.672171
При бай Стоил,,restaurant,,node,11048711419,23.3533673,42.6687172
,,restaurant,,node,11067018716,23.5082528,42.5957988
Quo vadis,,cafe,,node,11067745941,23.2881805,42.677916
Hubi Brothers,,restaurant,,node,11068731740,23.3756386,42.62768
Smottie,,cafe,,node,11077592423,23.3300024,42.6839018
Hot point,,fast_food,,node,11077592433,23.3304088,42.6840482
Rony's,,fast_food,,node,11077592434,23.3304734,42.6840721
Finca,,cafe,,node,11077592445,23.3302541,42.6839289
Ori,,restaurant,,node,11077592446,23.3301827,42.6839619
Kayo sushi shop,,fast_food,,node,11083714347,23.3022366,42.6648804
Нож и вилица,,fast_food,,node,11091091495,23.3194648,42.6684715
Синг Ронг,,fast_food,,node,11099079058,23.2761695,42.7411466
Палачинките,,fast_food,,node,11099079063,23.2763124,42.7412467
Битоля,,fast_food,,node,11101172253,23.2731622,42.6697076
,,cafe,,node,11101172258,23.2727243,42.6699098
Cafe Desire,,cafe,,node,11101172265,23.271194,42.6705333
Чорбаджийска скара,,restaurant,,node,11112148429,23.397302,42.6619019
Zero,,restaurant,,node,11112294052,23.2656374,42.6557853
,,cafe,,node,11116101894,23.3009267,42.6830488
Lunchspot,,cafe,,node,11116262158,23.2993992,42.6862392
The grill room,,fast_food,,node,11116292772,23.3062111,42.6858926
Кестените,,restaurant,,node,11117134869,23.1464861,42.7066645
,,cafe,,node,11117134873,23.144924,42.7074868
Kubcheto,,bar,,node,11121512488,23.3191065,42.6936657
KFC,,fast_food,,node,11123910992,23.294245,42.7343989
Бояна,,cafe,,node,11124570899,23.2616032,42.6491707
Viewpoint cafe,,cafe,,node,11124805772,23.2667303,42.6466903
Freddo,,restaurant,,node,11124805774,23.2668085,42.6468598
Perfetto,,restaurant,,node,11125126769,23.2617192,42.6495507
,,food_court,,node,11125192813,23.3833382,42.6776077
,,food_court,,node,11125230713,23.401448,42.6568359
Boromeo,,cafe,,node,11128539635,23.2726195,42.6650033
Atiro bar&dinner,,restaurant,,node,11128539636,23.2726182,42.6649689
Шедьовър,,fast_food,,node,11128539642,23.272697,42.6652395
,,restaurant,,node,11128541038,23.2721207,42.6640702
Foresta,,fast_food,,node,11128637363,23.2660156,42.6670875
Нож и вилица,,fast_food,,node,11128718238,23.2755476,42.6655407
Двата бора,,fast_food,,node,11136988026,23.2714719,42.6658229
Marquise,,cafe,,node,11136988027,23.27192,42.6660121
Златна скара,Golden Grill,fast_food,,node,11137017750,23.2682783,42.6671623
Камелия,,fast_food,,node,11138366041,23.27364,42.6653571
Mega bite,,fast_food,,node,11139567200,23.2411174,42.6590818
,,restaurant,,node,11139685310,23.253519,42.6631006
,,cafe,,node,11141511216,23.3042183,42.6697388
Дюнер Фентъзи,Duner Fantasy,fast_food,,node,11141810206,23.3305417,42.6840973
Ям ям,,fast_food,,node,11144034546,23.2900167,42.6639154
Хъшове,,restaurant,,node,11158985678,23.3226423,42.7016565
Yummy,,fast_food,,node,11159046185,23.3218308,42.702468
,,fast_food,,node,11162555299,23.3010393,42.7026497
,,fast_food,,node,11162609307,23.3010934,42.7025988
Ла Ботега,La bottega all'Angolo,restaurant,,node,11163374605,23.3231205,42.6912436
Renny's Restaurant,,restaurant,,node,11165144087,23.2318159,42.746289
In Reserve,,fast_food,,node,11165200858,23.312048,42.7008132
Prince Pizza,,fast_food,,node,11165200859,23.3119662,42.7008251
Оазис,,fast_food,,node,11166854654,23.271576,42.6679306
,,fast_food,,node,11166960026,23.2668371,42.6677254
McDonald's,,fast_food,,node,11171321384,23.3090487,42.6981205
Pizza Lab,,fast_food,,node,11171322240,23.30864,42.6981643
Механа Народна,,restaurant,,node,11172042282,23.3413836,42.6446629
Бабино село,,fast_food,,node,11173767724,23.2632874,42.6741285
Порки Мънч,,restaurant,,node,11175125130,23.2512175,42.7169669
Lazy Park,,cafe,,node,11175309218,23.3406048,42.6822956
AURA by Bamboo RestoClub,,restaurant,,node,11180619563,23.3183271,42.6854798
Скара Боряна,,fast_food,,node,11181650649,23.2869527,42.6737713
,,cafe,,node,11181739162,23.2843832,42.6774521
Дикси,,fast_food,,node,11185373994,23.2846846,42.677925
,,fast_food,,node,11185373996,23.2845923,42.6778898
Бабино село,,fast_food,,node,11185642189,23.2854767,42.6778197
Фантазия,,fast_food,,node,11185670221,23.2855515,42.6784411
Ребърца и кълка,,fast_food,,node,11193031749,23.2902368,42.6715357
Никол,,cafe,,node,11193031753,23.2897019,42.669653
Шеф Тасев,Chef Tasev,fast_food,,node,11195957937,23.3031985,42.6697652
АМ,,cafe,,node,11200195083,23.2896486,42.6756698
,,cafe,,node,11207219059,23.2888818,42.6729963
Бешамел,,fast_food,,node,11208487059,23.2906641,42.6670886
Spetema,,cafe,,node,11212816898,23.32172,42.7108294
Сиера,,cafe,,node,11212816915,23.322133,42.7106822
,,cafe,,node,11215493862,23.2918911,42.6678338
Paradise island,,cafe,,node,11215613320,23.2912134,42.6655842
Винарната,Vinarnata,restaurant,,node,11222116137,23.255262,42.6864187
,,food_court,,node,11222441211,23.3950441,42.6475792
,,food_court,,node,11222441222,23.3948796,42.6477122
,,food_court,,node,11222441227,23.3949667,42.6476677
Дюнер Дианабад,,fast_food,,node,11226461325,23.3495918,42.6670834
Тинтява,,restaurant,,node,11226463523,23.350043,42.6671167
Алеро,,fast_food,,node,11229806312,23.3235291,42.7044023
Жираф Кафе,,cafe,,node,11229849301,23.3233883,42.6854773
Local.38,,cafe,,node,11235239737,23.3200543,42.6901031
con Gusto,,fast_food,,node,11235309437,23.3799621,42.6268974
Аеро гофрети,,fast_food,,node,11241768855,23.2860489,42.6781243
"Механа ""Джоревата къща""",,restaurant,,node,11244011274,23.3371047,42.6121616
Катедра Студентски Глад,,restaurant,,node,11245811742,23.3565686,42.6621337
Сръбска скара,,fast_food,,node,11247589553,23.1448592,42.7075177
Домашна кухня,,fast_food,,node,11252603334,23.328658,42.7040609
,,cafe,,node,11254611228,23.2607001,42.6637534
Проя,,restaurant,,node,11254727601,23.2637326,42.6587209
,,cafe,,node,11255212782,23.2652463,42.6557499
,,fast_food,,node,11257873787,23.315919,42.6695372
The holy smokes,,restaurant,,node,11267224117,23.3293366,42.6887157
Мечта,,cafe,,node,11272131232,23.2996213,42.660621
Ket's pancakes,,fast_food,,node,11281692410,23.2783965,42.6686675
Green Life,,fast_food,,node,11283788674,23.3149396,42.6575361
Leo's Pasta,,fast_food,,node,11283788683,23.3150066,42.6576297
Лудогорско пиле,,restaurant,,node,11286225095,23.2784182,42.6686153
Pizza Lab,,fast_food,,node,11290580121,23.2418143,42.7257251
Caruso,,restaurant,,node,11293484162,23.3290609,42.7020369
Greek Delicious,,fast_food,,node,11304814083,23.3035066,42.6763361
Grano Pizza & Pasta,,fast_food,,node,11306578535,23.287854,42.6553674
,,fast_food,,node,11314010627,23.3197296,42.6679062
Just cafe,,cafe,,node,11314024044,23.3151272,42.6626877
Грейт,,restaurant,,node,11314028985,23.3150233,42.6624709
Master Döner,,fast_food,,node,11326087128,23.2781146,42.7421276
Дюнер Ротана,,fast_food,,node,11328121156,23.3225557,42.6944165
Бистро Съни,,cafe,,node,11329605536,23.4265384,42.758946
Pirin food,,fast_food,,node,11346901045,23.282202,42.6651582
Julia,,restaurant,,node,11346901059,23.2821233,42.6648711
Обенто Суши,Obento Sushi,restaurant,,node,11348288655,23.2877522,42.655234
Рибко Fish and Chips,Ribko Fish and Chips,fast_food,,node,11348288656,23.2878089,42.6553041
Tera,,fast_food,,node,11349824633,23.2968226,42.6604938
The big baker,,fast_food,,node,11357071164,23.2859112,42.7025312
,,fast_food,,node,11374702612,23.3913797,42.6230633
Avenue,,restaurant,,node,11374787373,23.3401144,42.6448187
Green Deli Café,,cafe,,node,11383211040,23.2906829,42.6543203
Ливадите,,restaurant,,node,11383533109,23.2818287,42.6587119
Skapto,Skapto,fast_food,,node,11383700705,23.3462379,42.6585667
Skapto,Skapto,fast_food,,node,11383705646,23.2540254,42.7148792
Skapto,Skapto,fast_food,,node,11383732517,23.3161098,42.650752
Famous,,restaurant,,node,11397922158,23.3171862,42.6709526
Скара Бар 63,,fast_food,,node,11409059649,23.4687459,42.7324353
При Ивето,,restaurant,,node,11409115833,23.4764311,42.7306486
Хубава Яна,,restaurant,,node,11409121138,23.5620307,42.7317206
Гъше Перо,,restaurant,,node,11409127211,23.3499482,42.7458188
Под Ореха,,restaurant,,node,11409132871,23.4775825,42.7321398
Старата Госпожа,Old Lady,cafe,,node,11414268479,23.3099999,42.6765225
Храна за вкъщи,,food_court,,node,11423938143,23.342546,42.7172985
Алепо,Aleppo,fast_food,,node,11428496816,23.3760156,42.6299989
Ниагара,,restaurant,,node,11428638946,23.2908032,42.6787464
Cortado,,cafe,,node,11428927440,23.3174137,42.6595506
Plate,,restaurant,,node,11463506218,23.317557,42.6874687
Бат Венци,,fast_food,,node,11486250138,23.3162261,42.6565462
,,cafe,,node,11486252982,23.3162352,42.6562884
Feel better bar & snacks,,bar,,node,11486285605,23.3182711,42.6579277
Mr Jozzy,,fast_food,,node,11486385083,23.3754559,42.6622249
Il Forno,,fast_food,,node,11492789552,23.2853666,42.6731017
Чекпойнт,,cafe,,node,11494093041,23.2876189,42.7082875
Fruit machine,,cafe,,node,11494508300,23.3368688,42.6583159
Бомбата,,fast_food,,node,11494509904,23.3283332,42.6576443
,,restaurant,,node,11506091743,23.3144371,42.6495132
Болеро фитбургер,Bolero Fitburger,restaurant,,node,11514078189,23.3196835,42.6934954
,,fast_food,,node,11514259136,23.3664045,42.6778725
Елмис,,cafe,,node,11519442147,23.312755,42.6321563
Resto shop,,restaurant,,node,11522044477,23.3222345,42.6789248
МЕК,,fast_food,,node,11522049789,23.3229159,42.6880437
Kajmak,,fast_food,,node,11524947931,23.2852835,42.677022
,,fast_food,,node,11524947939,23.2848288,42.6779612
Вила Кумата,Villa Kumata,restaurant,,node,11530112307,23.2731284,42.6460023
,,fast_food,,node,11537933394,23.2866987,42.6970817
,,fast_food,,node,11537933464,23.2869692,42.6960866
,,fast_food,,node,11537933469,23.2867434,42.6960988
Royals,,restaurant,,node,11549961850,23.326841,42.6813778
Фейс то Фейс,,cafe,,node,11549967009,23.3277788,42.6829585
Мосю Матрен,,fast_food,,node,11549977186,23.3229162,42.6880177
Menu,,fast_food,,node,11549998534,23.3231512,42.6850423
La Bottega,,restaurant,,node,11549998577,23.3273072,42.6832485
87 Late,,cafe,,node,11550147176,23.315381,42.6585473
Harem,,restaurant,,node,11550147177,23.3157051,42.6585344
Mikel,,cafe,,node,11550147470,23.3152587,42.657116
,,fast_food,,node,11552174183,23.3340421,42.6381302
Machete,,fast_food,,node,11556677223,23.3203304,42.6834057
Щип Щип,,restaurant,,node,11563502319,23.3415659,42.6438468
При Димо,,restaurant,,node,11564499240,23.3817256,42.6495866
Зелената Къща,Green House,fast_food,,node,11569680025,23.3436504,42.6514786
La Bottega Monte,,restaurant,,node,11572514446,23.3108102,42.635869
Любимото ми,,fast_food,,node,11573528835,23.2798988,42.6580042
Цукерня Савенко,Tsukernia Savenko,cafe,,node,11577095969,23.3246872,42.6990748
Смоците,,restaurant,,node,11578768780,23.3944382,42.7828327
Vanilla,,cafe,,node,11578768785,23.3947743,42.7829652
Бобче,,cafe,,node,11581410911,23.3631129,42.6859032
Биреното,,pub,,node,11581445272,23.361725,42.6857805
Парк Кафе Гео Милев,,restaurant,,node,11581446682,23.3618878,42.6861087
Arte,,cafe,,node,11584624038,23.2856522,42.6653919
Beauty club,,cafe,,node,11584663260,23.2852876,42.6626251
,Stork’s Nest,restaurant,,node,11587568169,23.5584516,42.4585016
Механа Пуката,,restaurant,,node,11592720749,23.3969037,42.7821597
,,fast_food,,node,11592787713,23.2861415,42.6423344
Южен парк българска кухня,,restaurant,,node,11592879668,23.3056109,42.6594124
Pizza Lab,,fast_food,,node,11598827677,23.3420926,42.6498631
Мечките,,restaurant,,node,11610116947,23.3652694,42.5250388
Chotkin,,restaurant,,node,11610237912,23.3218565,42.6720927
Хемингуей,,fast_food,,node,11616178825,23.1444317,42.7078643
,,fast_food,,node,11616180352,23.4049103,42.6621953
Sole Mio,,fast_food,,node,11616191481,23.1446478,42.7076224
,,fast_food,,node,11635757606,23.3592403,42.6755511
Емералд Бар & Лаундж,Emerald Bar and Lounge,bar,,node,11656304810,23.2884584,42.655636
,,restaurant,,node,11657437437,23.3412264,42.6443886
Mr. Pizza,,restaurant,,node,11685268043,23.3154913,42.6571281
Costa,,cafe,,node,11685268068,23.3135734,42.6574621
Моцарела,,restaurant,,node,11687334980,23.3458428,42.6666131
Yummy,,fast_food,,node,11687432547,23.3434453,42.6643071
Livadi foods,,fast_food,,node,11688326628,23.2847493,42.6638454
Персийска Кухня,Persian Cusine,fast_food,,node,11690355294,23.3196613,42.6948138
Nero,,restaurant,,node,11697753638,23.287898,42.6596436
Nutrition Life,,bar,,node,11697785012,23.2867511,42.662088
AIR Jordan,,restaurant,,node,11701089601,23.4147234,42.6896706
,,restaurant,,node,11704051871,23.4142598,42.5770829
,,cafe,,node,11708683332,23.377297,42.6629661
Royal shawarma,,fast_food,,node,11708703511,23.376921,42.6629305
,,fast_food,,node,11708731243,23.3769937,42.6627715
Food Depot,,restaurant,,node,11708740820,23.3810037,42.6621661
Ресторант Ориент,,fast_food,,node,11711405985,23.2977667,42.7142606
"68",,cafe,,node,11711506294,23.2784953,42.7038017
При Джани,,fast_food,,node,11717032935,23.347387,42.6603955
Shawarma Magic,,fast_food,,node,11717034524,23.3474589,42.6603171
Палачинките,The Pancakes,fast_food,,node,11718029578,23.3736776,42.6530395
Ancona Station,,fast_food,,node,11724308984,23.2662323,42.7140241
Low and Slow Gentelmen Smokehouse,,restaurant,,node,11725880418,23.369744,42.6224727
,,fast_food,,node,11727813146,23.3753371,42.66188
,,fast_food,,node,11727813147,23.3754658,42.6619707
Street Lounge,,cafe,,node,11734286062,23.3166365,42.6712679
,,fast_food,,node,11735065628,23.3084329,42.6947292
Hygge time,,cafe,,node,11739191715,23.3104467,42.6985852
Stand Art Comfort Food,,restaurant,,node,11739238789,23.3115882,42.6986901
Vishneva,,restaurant,,node,11743576139,23.3326767,42.6781261
Sushi Time,,restaurant,,node,11748511540,23.3275646,42.69822
Леон,,restaurant,,node,11748955350,23.2842747,42.6775334
Frog Food And Fun,,restaurant,,node,11750807752,23.3298851,42.6437587
,,fast_food,,node,11751524093,23.3145191,42.7005626
Beerto Ristorante,,restaurant,,node,11753540663,23.3288919,42.6952141
Бат Миро,,fast_food,,node,11754893760,23.3426321,42.6516742
SimitEvi,,fast_food,,node,11754901102,23.3426406,42.6519255
Бистро Джани,,restaurant,,node,11761442532,23.3758092,42.6618623
,,fast_food,,node,11766783465,23.2834968,42.6805942
,,fast_food,,node,11768056219,23.4060542,42.6390478
Майсторска скара,,fast_food,,node,11768061702,23.4032994,42.6199238
Ginger sushi,,restaurant,,node,11769065736,23.3309975,42.6879114
rCurry,,restaurant,,node,11769120303,23.3267592,42.691793
Шопска скара,,fast_food,,node,11777769614,23.3024452,42.6974005
Заведение за Бързо Хранене,,fast_food,,node,11782580252,23.3933035,42.6385544
Santé,,fast_food,,node,11799727452,23.3267609,42.6898197
Irini Dream,,fast_food,,node,11799744093,23.3255628,42.6897321
Mangi & Piangi,,fast_food,,node,11801858632,23.287274,42.6560692
,,fast_food,,node,11809199389,23.2727335,42.7387733
,,cafe,,node,11809306914,23.2722543,42.7376198
Рубеко,,restaurant,,node,11809613631,23.2661,42.7369697
Мерлини,,restaurant,,node,11809630234,23.270771,42.7368615
,,pub,,node,11809630235,23.2678081,42.737243
Bon appetite,,restaurant,,node,11809656961,23.2710721,42.7369842
Food Station Monkey,,fast_food,,node,11816545731,23.2747268,42.7426574
Пру майсторите,,fast_food,,node,11816557610,23.2733239,42.7428543
Stix,,bar,,node,11817245647,23.3194132,42.6855214
Red Bell,,cafe,,node,11824482207,23.3215996,42.6817545
"Бистро ""Младост""",,fast_food,,node,11827156556,23.3759693,42.6313122
Зеленият папагал,,fast_food,,node,11828383915,23.3758917,42.6561469
,,cafe,,node,11830552430,23.3720036,42.6562249
Кюфтак,,fast_food,,node,11831778771,23.3030587,42.6854768
,,cafe,,node,11833506397,23.3622405,42.6762717
My Sushi,,restaurant,,node,11837358110,23.3014675,42.6996573
Джовани,,restaurant,,node,11837727258,23.3819705,42.6520808
Шън Фън,,restaurant,,node,11837749319,23.3816745,42.6525947
,,restaurant,,node,11837779230,23.3830651,42.6497555
Сарай софра,,restaurant,,node,11838790112,23.303833,42.6996295
,,cafe,,node,11838790807,23.3012144,42.700033
,,fast_food,,node,11838792144,23.3039294,42.6996146
foodpoint,,fast_food,,node,11838833605,23.3067585,42.6991786
,,fast_food,,node,11842199473,23.2964175,42.6855532
Суботица,,fast_food,,node,11843488023,23.3063595,42.6989016
Sandvicharnika,,fast_food,,node,11843526706,23.304918,42.6990617
Noah,,restaurant,,node,11845296807,23.3050469,42.6872921
Le Gourmet de Paris,,cafe,,node,11845456157,23.2977111,42.6848034
Бабините гозби,,fast_food,,node,11845456158,23.2978462,42.6848744
ISOS,,fast_food,,node,11846258798,23.3440303,42.653831
R&G,,cafe,,node,11849822535,23.3011166,42.6799512
QR,,cafe,,node,11851354374,23.3112591,42.6922802
Бистро Вкусито,,restaurant,,node,11851354375,23.3084194,42.7007039
,,fast_food,,node,11863160239,23.2608193,42.6716593
Tonik kitchen and store,,restaurant,,node,11863178322,23.2562869,42.6695036
Ям-гъл 2,,fast_food,,node,11863296316,23.2593942,42.6713196
Хубавата баница,,fast_food,,node,11863296318,23.2588286,42.6711365
,,cafe,,node,11865763717,23.4075104,42.6261153
,,fast_food,,node,11865763719,23.4075468,42.6262239
При мама,,fast_food,,node,11866875478,23.3317338,42.6807018
Кулинария 365 здравей,,fast_food,,node,11874254367,23.3167575,42.6620635
Kalimnos,,restaurant,,node,11876277312,23.2852221,42.7018551
,G6 Cocktail Bar,bar,,node,11883200269,23.3280541,42.6980705
,,restaurant,,node,11883410148,23.3854732,42.639412
Домашна Кухня,,fast_food,,node,11883458535,23.3836776,42.6390633
LaCoquette Coffee and bakery,,cafe,,node,11897246692,23.3717329,42.6700632
Neighbors,,restaurant,,node,11898297021,23.3299924,42.643871
Кук Хаус,Cook House,restaurant,,node,11909113346,23.3786939,42.6240774
,,fast_food,,node,11910728724,23.3274728,42.6564105
Soundwave,,bar,,node,11913930379,23.3424311,42.652996
,,fast_food,,node,11925846742,23.2868823,42.6972311
Вардар,,fast_food,,node,11925846756,23.28704,42.6965517
,,fast_food,,node,11927589787,23.2870867,42.6963658
Su burger&grill,,fast_food,,node,11927589790,23.2871758,42.6960108
Doner King,,fast_food,,node,11928488161,23.3158849,42.6757414
Wurstrasse,,fast_food,,node,11938894737,23.32144,42.6999539
RepEat,,fast_food,,node,11938894739,23.3215481,42.7002273
Obento Sushi,,restaurant,,node,11938894740,23.3215315,42.7001578
Pizza Lab,,fast_food,,node,11938894742,23.3217684,42.6998607
Скаратъ,,fast_food,,node,11940402069,23.3168028,42.7058159
Skapto,,fast_food,,node,11944429490,23.3465718,42.6538281
Gery Caffeine,,cafe,,node,11955568069,23.3599949,42.6496804
Баничарница,,fast_food,,node,11966503723,23.3022154,42.7335622
Tasty Kebab,,fast_food,,node,11968488164,23.3415973,42.6443104
,,restaurant,,node,11974554307,23.3947137,42.6495896
,,food_court,,node,11986142766,23.3235372,42.7341154
La Bottega,,restaurant,,node,11988796186,23.2861273,42.6638908
Sensei,,restaurant,,node,11993659802,23.3188833,42.7004818
Баничарница+,,fast_food,,node,12004028362,23.2659698,42.6676692
Shawarma Mr. Doner,,fast_food,,node,12016589480,23.2920226,42.7011039
Домашна скара,,fast_food,,node,12022577330,23.2854374,42.6768496
Бъбълс,,cafe,,node,12029770369,23.2634106,42.7138463
,,cafe,,node,12041226793,23.3282076,42.6822674
Крез,,pub,,node,12041237823,23.3282187,42.6822258
,,restaurant,,node,12041421408,23.3647853,42.6670619
District,,cafe,,node,12043575392,23.2855774,42.6788388
Гозба,,fast_food,,node,12045334057,23.3240555,42.6910711
Jeko's,,restaurant,,node,12045362741,23.3229818,42.6869184
Donerstag,,fast_food,,node,12045367691,23.3212387,42.6826728
,,fast_food,,node,12046231540,23.4500974,42.6386481
Me Meraki,,restaurant,,node,12048669644,23.3166547,42.6906393
Bon Dessert,,cafe,,node,12048792540,23.3206455,42.6771897
Friendly Wine & Cheese,,cafe,,node,12048839854,23.3207256,42.6772714
Fresh day,,fast_food,,node,12048919967,23.3210181,42.6776622
Alek Zander,,restaurant,,node,12056114751,23.2749586,42.6660845
Nutrio Bar,,restaurant,,node,12057489205,23.3736418,42.6313356
На улицата,,restaurant,,node,12060187094,23.2650156,42.6614248
dos Primos,,restaurant,,node,12067674200,23.3315921,42.6817663
Chef leila,,restaurant,,node,12067677831,23.3218128,42.671914
Тенжерите,,restaurant,,node,12067684860,23.3236303,42.6899559
Better,,cafe,,node,12067695150,23.3245423,42.689878
The Sugar Show,,fast_food,,node,12067699015,23.3257525,42.690609
Glory hole,,fast_food,,node,12069352267,23.3210722,42.6889902
,,fast_food,,node,12069377956,23.3201223,42.6890361
The Famous Potato,,fast_food,,node,12069380071,23.3200089,42.6890475
Eddie Sicoy Bar,,pub,,node,12069385269,23.3195541,42.689737
,,restaurant,,node,12073050902,23.3565407,42.6848801
,,cafe,,node,12074022799,23.2729375,42.660555
Raffy,,ice_cream,,node,12089262973,23.3110078,42.7042446
,,restaurant,,node,12091506246,23.3554379,42.6237272
ИКЕА Ресторант,IKEA Restaurant,restaurant,,node,12091561874,23.3554379,42.6237272
Братя Хлебари,,fast_food,,node,12092072314,23.3718432,42.6227071
Oh la la,,cafe,,node,12092615616,23.2660194,42.6636201
Cambiare,,cafe,,node,12092615617,23.2659276,42.6634894
Grab & Go,,fast_food,,node,12095749883,23.3797706,42.6521375
,,fast_food,,node,12098715554,23.3750857,42.6471923
Cofee time,,cafe,,node,12101332794,23.2596083,42.6746001
Cherry,,cafe,,node,12101352109,23.2600549,42.6746529
Скара на жар,,fast_food,,node,12101352118,23.2656513,42.6757902
Subway,,fast_food,,node,12101848027,23.3200838,42.6785261
BMS Българска кухня,,fast_food,,node,12101852155,23.3198205,42.6785132
Ola,,fast_food,,node,12101852731,23.3198557,42.6784749
thang long Sushi,,restaurant,,node,12101858511,23.3199603,42.6785724
Capella,,restaurant,,node,12101864713,23.3198874,42.6783184
Lemonade,,cafe,,node,12101869502,23.3200156,42.6769724
Mangi & Piangi,,fast_food,,node,12101869583,23.319906,42.6821417
fish a Chick,,fast_food,,node,12101870165,23.3199588,42.6783379
Pizza Lab,,fast_food,,node,12101871912,23.3200343,42.6785057
Black Angel,,bar,,node,12101888986,23.3208059,42.6824926
Kingdom,,bar,,node,12101919805,23.3210215,42.682531
Кафе аперитив „Танита“,,cafe,,node,12102750693,23.4765497,42.7321391
Piatto,,restaurant,,node,12103976126,23.3173755,42.6875013
Като у дома,,restaurant,,node,12105804582,23.3156815,42.6910378
Dabov,,cafe,,node,12105823428,23.3217095,42.6899637
Rothmans,,restaurant,,node,12105849776,23.3187877,42.6902828
Веселата гозба,,restaurant,,node,12105852120,23.3181038,42.6911349
Il Manovale,,cafe,,node,12107613139,23.3558582,42.6733346
Aras Doner & Kebap,,fast_food,,node,12108363891,23.2543821,42.7200188
Trenta Cinque,,ice_cream,,node,12116556752,23.3193909,42.6909375
Thirsty,,cafe,,node,12116557476,23.3199199,42.6908697
Raffy,,ice_cream,,node,12116565424,23.3197324,42.6906301
Aria,,restaurant,,node,12116578379,23.3192983,42.6921293
Bontadi,,cafe,,node,12116578581,23.3184216,42.6907067
,,cafe,,node,12118133045,23.3189974,42.6915209
New York Pizza,,fast_food,,node,12120641015,23.3455991,42.6519537
Миш-маш,,fast_food,,node,12122775668,23.2847267,42.6783568
Jazu by Hamachi,,restaurant,,node,12133432677,23.3256656,42.6666714
,,fast_food,,node,12134463614,23.2625597,42.648775
La prima,,restaurant,,node,12134528504,23.2613799,42.6495929
La Tirasumeria,,cafe,,node,12146284328,23.3753584,42.6261297
Starbucks,,cafe,,node,12146307397,23.37508,42.6268783
Лайла,,restaurant,,node,12151365141,23.3735377,42.6309462
,,cafe,,node,12151701316,23.2721745,42.6659393
Greek Bastards,,fast_food,,node,12152420900,23.3266766,42.7002801
Бохемъ,,restaurant,,node,12152427405,23.3262878,42.7002492
Кухнята на Вера,,fast_food,,node,12152427415,23.3251491,42.7001483
Кроки,,fast_food,,node,12152761817,23.3293062,42.7022055
Sweet Bar & Grill,,restaurant,,node,12153219610,23.3780913,42.6402734
Мис фамилия,,restaurant,,node,12153386384,23.3803233,42.6395994
Bravo,,fast_food,,node,12153391649,23.3766083,42.6404416
Механа Къра,,restaurant,,node,12159548008,23.3821568,42.6709607
,,fast_food,,node,12159548010,23.3822659,42.6708537
Палачони,,fast_food,,node,12159713898,23.3105475,42.6928571
Р. Василева,,restaurant,,node,12159723598,23.3118714,42.692231
При слона,,fast_food,,node,12160671273,23.3329625,42.656945
,,fast_food,,node,12161613555,23.3299201,42.6596668
Souterrain,,bar,,node,12174922030,23.3218048,42.6928087
Nomo del Arte,,bar,,node,12178333706,23.3342231,42.6947259
Nara Healthy Bar,,fast_food,,node,12178350326,23.3302267,42.6916327
Foku,,cafe,,node,12180383568,23.3289352,42.6922082
Кебапчето,,fast_food,,node,12180385473,23.3315135,42.6933322
bas#2go,,fast_food,,node,12180387184,23.3314033,42.6927295
Spritz,,bar,,node,12180399191,23.3314299,42.6926553
Zazu,,restaurant,,node,12180402224,23.3281782,42.6925667
Славянска беседа,,restaurant,,node,12180406301,23.328646,42.693501
Бешамел,,restaurant,,node,12182744451,23.3781469,42.6585896
Eddy's,,restaurant,,node,12182744456,23.3790041,42.6592719
Сол И Пипер,,restaurant,,node,12186342593,23.2924408,42.6622727
Hemingway,,cafe,,node,12196263283,23.311087,42.6769868
,,cafe,,node,12200238540,23.3729487,42.6548821
,,cafe,,node,12207765418,23.3316853,42.701214
Grumpy Dwarf,,bar,,node,12215109622,23.3218058,42.6955545
Нивянска скара,,fast_food,,node,12219263659,23.2992332,42.6871595
,,restaurant,,node,12222861410,23.3065957,42.6863369
Français,,cafe,,node,12224128789,23.3137708,42.6730662
УитМе,,fast_food,,node,12229312359,23.315007,42.6603572
Малката текила,Malkata Tekila,bar,,node,12231409383,23.3293146,42.6935753
Стек и вино,,restaurant,,node,12231473514,23.3289149,42.6941311
Sushito.bg,,fast_food,,node,12232794634,23.2898102,42.6694542
Duende,,cafe,,node,12234721717,23.3717045,42.6227412
Senor Taco,,fast_food,,node,12238444361,23.3298053,42.6978753
Lemoni,,cafe,,node,12238444362,23.3303561,42.6973196
Level Up,,bar,,node,12238458167,23.3312618,42.6974116
Синди,,cafe,,node,12238464502,23.3329692,42.697749
Банкович,,restaurant,,node,12241267174,23.3242453,42.6930894
Electro Camel,,fast_food,,node,12241329865,23.3239865,42.6927979
Arnold Fit Food,,fast_food,,node,12243465363,23.3445167,42.6432341
The Toast Bar,,fast_food,,node,12244024375,23.3215848,42.6949105
Le Jardin finesse,,pub,,node,12244059298,23.321685,42.6930448
Sport Bar,,bar,,node,12244321086,23.3200807,42.6932695
Обяд с нас,,fast_food,,node,12246170743,23.338051,42.6964289
Тихия Кът,,restaurant,,node,12247883410,23.2185815,42.6391028
Supa star,,fast_food,,node,12248125411,23.3181493,42.69359
Micro,,bar,,node,12248151313,23.3199266,42.6932804
Magicbar,,bar,,node,12248372308,23.3191268,42.6937431
,,cafe,,node,12253955844,23.308734,42.676147
Dabov,,cafe,,node,12253955849,23.3088925,42.6755225
La Cucina Italiana,,restaurant,,node,12253955862,23.3115104,42.6803069
Burger Friends,,fast_food,,node,12258431569,23.3360663,42.6969388
Ma Baker,,cafe,,node,12258442472,23.3440677,42.6961776
Soiree,,restaurant,,node,12258443457,23.3454425,42.6943798
Pavilion 37,,restaurant,,node,12258443686,23.3423026,42.6947538
Червено и черно,,cafe,,node,12261075489,23.321797,42.6951671
Двуетажката,,pub,,node,12261114371,23.3219896,42.6945509
Фонтана,,cafe,,node,12261121433,23.3215845,42.6950226
Center 16,,fast_food,,node,12261123053,23.3220012,42.6948581
Be fresh,,fast_food,,node,12261125369,23.3204781,42.6948489
Палачинките,,fast_food,,node,12261140503,23.3205712,42.6948442
Pizza Giovanni,,fast_food,,node,12261144876,23.3187723,42.694788
Foresta - Надежда,,fast_food,,node,12264078539,23.2869199,42.7284252
Opus,,bar,,node,12269073543,23.3269228,42.6933446
One Gallery,,cafe,,node,12269090490,23.3269568,42.695371
,,bar,,node,12269178348,23.3268025,42.6932713
,,cafe,,node,12270452268,23.2744856,42.7781324
Дани,,cafe,,node,12278584143,23.1969139,42.6281209
Balkan falsch,,restaurant,,node,12288136204,23.2860736,42.6633249
,,fast_food,,node,12290622750,23.2784599,42.6686363
,,cafe,,node,12292341741,23.2909593,42.6751395
AMG,,fast_food,,node,12292504808,23.2930528,42.6772268
Big Bul,,fast_food,,node,12292641619,23.2795354,42.6691217
The Burger Joint,,fast_food,,node,12294030218,23.3175635,42.6950301
Feta,,fast_food,,node,12296332518,23.3693732,42.6208221
Dsquared2,,bar,,node,12296915022,23.3221108,42.6962975
Gambrinus,,restaurant,,node,12296933239,23.3212944,42.6954183
Мила,,cafe,,node,12297376395,23.2882808,42.6781183
Бар Коло,Bar Kolo,bar,,node,12298696001,23.3305279,42.6921324
,,cafe,,node,12300262797,23.2881798,42.6773171
Дом №5,,restaurant,,node,12304989879,23.2927875,42.6779158
718 Breakfast & Brunch,,cafe,,node,12307062401,23.3185065,42.6959784
Ж Jazz Room,,bar,,node,12307824901,23.3253245,42.7010148
,Izzy's Coffee and Brunch,cafe,,node,12309180601,23.3215358,42.6988301
Tropic,,cafe,,node,12311573648,23.3721016,42.6544066
Coffee Syndicate,,cafe,,node,12312342101,23.3262884,42.6974477
Ömer Aybak,,fast_food,,node,12314028155,23.3416497,42.6431511
При Генчо,,fast_food,,node,12314110991,23.3530812,42.6437278
Баш Hedonist,,bar,,node,12318517501,23.3250084,42.7024236
Хайкара рамен,Haikara Ramen,restaurant,,node,12320889201,23.3302608,42.6970337
"1920",,cafe,,node,12323237301,23.3240584,42.7044346
Най-вкусните палачинки,,fast_food,,node,12323676105,23.3203357,42.6906404
"Грузински ресторант ""Генацвале""",,restaurant,,node,12324060101,23.2977644,42.6977141
Da Massimo,,restaurant,,node,12329359337,23.2659036,42.6520995
Green Cherry Cafe,,restaurant,,node,12337174524,23.355048,42.6599717
,,fast_food,,node,12337620561,23.3739226,42.6528347
Бабино село,,fast_food,,node,12337620563,23.3739905,42.652789
Twist&Go,,fast_food,,node,12337620569,23.3741104,42.6527081
Заедно,Together,restaurant,,node,12350928901,23.2975169,42.7157551
Ил Густо,Il Gusto,restaurant,,node,12359059647,23.2925184,42.6836661
Палачинките,,fast_food,,node,12367363341,23.1448142,42.7075815
KFC,,fast_food,,node,12373681930,23.3742831,42.6293193
Eli's gözleme,,fast_food,,node,12374850501,23.3085312,42.6896398
,,restaurant,,node,12379724669,23.3512295,42.6592464
Kabbo,,restaurant,,node,12379764021,23.3567701,42.6571236
,,restaurant,,node,12379764023,23.3575935,42.6571033
"Кафе-сладкарница ""Cloud""",,cafe,,node,12382240718,23.3719023,42.6227022
,,restaurant,,node,12384577634,23.3113899,42.6864346
Cafeteria,,cafe,,node,12385770241,23.3073331,42.7100985
,,fast_food,,node,12386014422,23.3936532,42.6473002
Рибария 43,,fast_food,,node,12386452242,23.3146824,42.7003684
Мартосинки,,fast_food,,node,12386452250,23.3141864,42.7004535
,,restaurant,,node,12386691816,23.3091626,42.7012954
,,fast_food,,node,12386691821,23.3101282,42.7011221
,,fast_food,,node,12388198835,23.328446,42.7055509
Месцето,,fast_food,,node,12388200178,23.3319163,42.7089023
,,food_court,,node,12388230807,23.3425122,42.7225379
Милениум,,cafe,,node,12388237002,23.3307059,42.7064972
Green Deli Cafe,,cafe,,node,12389679493,23.3240316,42.6656612
CentralЪ,,restaurant,,node,12391323342,23.3213754,42.6992963
,,food_court,,node,12392503256,23.2424403,42.7367561
,,food_court,,node,12392514089,23.2432983,42.7371285
,,fast_food,,node,12396488643,23.2919524,42.6853952
Sultan,,fast_food,,node,12397955918,23.3281917,42.698207
,,fast_food,,node,12400210669,23.3356992,42.6989304
,,fast_food,,node,12400224274,23.3322911,42.698705
The Pit,,bar,,node,12400224275,23.3344652,42.7003414
Emily,,restaurant,,node,12400231400,23.3332126,42.7029985
Вкусно вкусно,,fast_food,,node,12400238608,23.3340539,42.698775
,,fast_food,,node,12400241190,23.3322801,42.6987804
Братя Мачеви,,fast_food,,node,12400814470,23.319035,42.7010109
Бистро 36,,cafe,,node,12400814472,23.3192092,42.701417
Kofein,,cafe,,node,12409591571,23.3306616,42.6985796
,,fast_food,,node,12409629922,23.3305912,42.7043709
Кюфтето,,fast_food,,node,12409640291,23.328768,42.7036399
Пецарията,,fast_food,,node,12409642216,23.3307904,42.6984609
Дворецът на драконите,,fast_food,,node,12409649158,23.3287639,42.7035307
Баничките на Илиян са най-вкусни,,fast_food,,node,12410133153,23.3000234,42.7071041
Plan B,,restaurant,,node,12412782042,23.3402158,42.699024
Tasty Kebab,,fast_food,,node,12416931090,23.316897,42.7021535
Costa,,cafe,,node,12425889800,23.3192098,42.6853161
Гозба,,fast_food,,node,12425913447,23.3162427,42.6594791
Интерленд,,restaurant,,node,12433980676,23.2727437,42.6796479
Sakura,,restaurant,,node,12435812211,23.3059326,42.724985
,,pub,,node,12436970968,23.3327183,42.7019449
The Great Cities,,restaurant,,node,12436971867,23.3304444,42.6993884
Bitter Sweet,,cafe,,node,12436984299,23.3291691,42.6973597
Сабале,,restaurant,,node,12436995530,23.3286673,42.6986459
Lemoni,,fast_food,,node,12436996659,23.3304472,42.6997775
,,fast_food,,node,12437171733,23.3053883,42.6671645
Raffy,,fast_food,,node,12437171734,23.3053821,42.6671502
Палачинки XXXL,,fast_food,,node,12437171735,23.3053851,42.6671352
Pizza Lab,,fast_food,,node,12438544339,23.365343,42.6675194
RepEat,,fast_food,,node,12438544340,23.3652799,42.6674833
Papa John's,,fast_food,,node,12438559463,23.3494016,42.7246683
,,fast_food,,node,12439541780,23.3606587,42.7025683
,,fast_food,,node,12439541787,23.3602035,42.7024842
,,fast_food,,node,12439541788,23.3600607,42.7024578
,,fast_food,,node,12439541789,23.3600998,42.702465
,,fast_food,,node,12439541790,23.3600167,42.7024496
Alibi bar & grill,,restaurant,,node,12444394097,23.2947197,42.6826305
Таланти,Talents,restaurant,,node,12444457387,23.2904631,42.6815157
Chicken Shack,,fast_food,,node,12459088909,23.3806714,42.635955
Гаваза,,fast_food,,node,12459132601,23.3807914,42.6357766
Ладога,,restaurant,,node,12459616512,23.2787097,42.6703742
Barista Coffee And More,,cafe,,node,12468692532,23.3738804,42.6284271
Xian Wei Hot Pot,,restaurant,,node,12471157521,23.3410702,42.6519747
,,fast_food,,node,12472629840,23.4562538,42.7088828
IV Burger,,fast_food,,node,12472629841,23.4561932,42.7089408
Senior Burrito,,fast_food,,node,12472629842,23.4562046,42.7090016
Pizzoni,,fast_food,,node,12472629843,23.4562071,42.7090555
,,cafe,,node,12472629891,23.4585413,42.7086665
Бистро Градина,,restaurant,,node,12473585164,23.3701291,42.6784233
Стол 35,,restaurant,,node,12473585165,23.3700823,42.6783675
Costa,,cafe,,node,12480392002,23.4136491,42.6883839
,,fast_food,,node,12486390672,23.3320222,42.7006321
,,fast_food,,node,12486711165,23.3249682,42.7044626
Синева,,restaurant,,node,12486722550,23.3269529,42.7018329
Динариз,,fast_food,,node,12486733833,23.3284839,42.7037328
Aureline,,cafe,,node,12488576190,23.3270245,42.6983014
Mochi,,restaurant,,node,12488602824,23.3259608,42.7027035
Famous II,,restaurant,,node,12496045507,23.3162056,42.6703559
Subway,,fast_food,,node,12500953158,23.3141928,42.6574297
Punkt,,cafe,,node,12504667028,23.3112186,42.6506567
Gossip Bar.B.Q,,restaurant,,node,12507022248,23.3131716,42.6603459
Freya,,cafe,,node,12507030380,23.3135488,42.6607489
,,fast_food,,node,12507043743,23.3132168,42.6607447
Роденец,,fast_food,,node,12507043802,23.3117917,42.6606012
,,fast_food,,node,12507053054,23.3119254,42.6606044
,,fast_food,,node,12509301951,23.3043796,42.6870584
Raffy,,ice_cream,,node,12518359408,23.305336,42.6651354
Vinitalia,,restaurant,,node,12520728268,23.3256183,42.7038871
Caffé Diemme,,cafe,,node,12520739974,23.3253769,42.7015835
Одред,,cafe,,node,12520742030,23.3260732,42.6995854
Bloom,,cafe,,node,12520751991,23.3253564,42.700807
Mandarin House,,restaurant,,node,12522315127,23.3256426,42.6662452
Fresco Garden,,fast_food,,node,12522326188,23.3248798,42.6656513
Неро,,restaurant,,node,12528933085,23.2884642,42.6593326
Met Café,,cafe,,node,12529159538,23.3120464,42.6394974
Deli Sushi,,restaurant,,node,12529178799,23.3133208,42.6391842
Tavola Calda,,fast_food,,node,12539191556,23.3259587,42.6985138
Coba,,bar,,node,12539221133,23.3262464,42.6974733
Mangi & Piangi,,fast_food,,node,12539492188,23.377595,42.6481309
Dimitrov,,restaurant,,node,12542046361,23.3243092,42.7010631
Lobby Bar - Central Club,,bar,,node,12542069269,23.3228252,42.7007574
Los Muchachos,,restaurant,,node,12542069962,23.3249509,42.7009783
Cheesus,,fast_food,,node,12542082212,23.3247255,42.6989135
Com Bar,,pub,,node,12542082214,23.324021,42.7016783
Фаншан,,restaurant,,node,12542082657,23.3233929,42.7018772
Хапката,,fast_food,,node,12542088005,23.3252546,42.6995935
Coffee Time,,cafe,,node,12542091558,23.3241618,42.7007247
Кухнята на Милен Рачин,,fast_food,,node,12546119068,23.2546803,42.676996
The Wave,,restaurant,,node,12546125322,23.2556602,42.6781097
,,cafe,,node,12546130088,23.2646025,42.6792654
Пикантико,,restaurant,,node,12546130918,23.2556471,42.6774306
,,cafe,,node,12546139441,23.2528181,42.6774453
,,fast_food,,node,12546140267,23.2541009,42.678116
,,cafe,,node,12546143234,23.2531719,42.676818
,,fast_food,,node,12546150381,23.2537944,42.6773765
Mambo №5,,fast_food,,node,12546181289,23.2574512,42.6780387
,,cafe,,node,12546181593,23.2540782,42.679279
,,fast_food,,node,12549100149,23.3291021,42.7062068
Джункай,,restaurant,,node,12562273410,23.3203058,42.6997751
Onda,,cafe,,node,12566961482,23.4141246,42.6901952
Комедия Клуб София,,bar,,node,12573796459,23.3440154,42.6512799
Urban Legend,,bar,,node,12573804950,23.3430964,42.6512931
,,cafe,,node,12582010234,23.3560931,42.7036127
a Priori,,restaurant,,node,12587500498,23.37543,42.6253459
Българска мераклийска кухня,,fast_food,,node,12593359214,23.2846104,42.6776249
Berliner Doner Kebab,,fast_food,,node,12595789517,23.3172423,42.7177917
Happy Lunch,,restaurant,,node,12603017992,23.3153509,42.6514514
,,cafe,,node,12607617101,23.2774173,42.6582301
,,cafe,,node,12612634407,23.2715715,42.6581524
The Shots,,bar,,node,12636321901,23.3461178,42.6537905
Mistolofood,,fast_food,,node,12647606749,23.3001585,42.6797011
,,fast_food,,node,12648515319,23.2913536,42.7347683
Rabbit Hole,,bar,,node,12652443914,23.3195953,42.6975011
Траяна,,restaurant,,node,12652451385,23.3202003,42.6973715
,,fast_food,,node,12653929556,23.3659795,42.6754877
Дворець,,fast_food,,node,12655907512,23.3331885,42.6291837
by Chef Alexieff,,fast_food,,node,12656753743,23.3192584,42.6976993
Печен(си) картоф,,fast_food,,node,12656788448,23.3191107,42.6980311
Обедна кутия,,restaurant,,node,12656797938,23.3189532,42.6967336
Alegria,,fast_food,,node,12656815997,23.3199912,42.7001413
Porto di Mare,,restaurant,,node,12657086997,23.3258798,42.6709977
,,fast_food,,node,12659959010,23.3184424,42.6995503
Соц. Пица,,fast_food,,node,12659969411,23.3182974,42.6970498
Ла кокот,,restaurant,,node,12659972005,23.3180566,42.6961673
Inabun,,fast_food,,node,12659972006,23.3181397,42.6970561
,,fast_food,,node,12660916300,23.2671626,42.7298939
The Steps,,restaurant,,node,12662817493,23.317113,42.6980033
Avenue,,pub,,node,12662839007,23.3160437,42.6986526
Mr. & Mrs. Brunch,,restaurant,,node,12662840547,23.3161946,42.6955099
The People House,,restaurant,,node,12662846323,23.3160534,42.6956649
La Betina,,restaurant,,node,12662859465,23.3170327,42.697829
Бистро Позитано,,fast_food,,node,12662937805,23.3160219,42.6967284
Сава,,restaurant,,node,12662939913,23.3154496,42.6971987
Casa dei Barone,,restaurant,,node,12662939914,23.3159282,42.6966919
Кофилин,,cafe,,node,12662942350,23.3154628,42.6968944
,,fast_food,,node,12666749624,23.3196393,42.7026359
,,fast_food,,node,12666750027,23.3179499,42.7002465
Barila,,bar,,node,12666759452,23.3176136,42.699762
Capella Play,,restaurant,,node,12668874335,23.2449432,42.6604567
The Chameleon на чехов,,restaurant,,node,12669717092,23.3586083,42.6701112
Меркурий,,restaurant,,node,12669724122,23.3680779,42.6749293
Amore Gelati,,ice_cream,,node,12669747842,23.3503371,42.6702071
Кулинарен дюкян,,restaurant,,node,12669761323,23.3654657,42.6742033
Tea & Eat 1999,,cafe,,node,12669767333,23.3650369,42.6716087
,,fast_food,,node,12673465714,23.3002361,42.685883
Art Bistro 158,,restaurant,,node,12676503197,23.3202275,42.700921
Art Hotel 158,,bar,,node,12676565311,23.3202811,42.7009796
Diuan,,restaurant,,node,12676593829,23.3205508,42.7026794
Sasaguri,,restaurant,,node,12681342103,23.3104675,42.679727
,,fast_food,,node,12681348700,23.3132136,42.6798546
,,fast_food,,node,12681350342,23.3132583,42.6799262
,,fast_food,,node,12681358551,23.3130136,42.6801956
,,fast_food,,node,12681360292,23.3134222,42.6802412
,,fast_food,,node,12700615251,23.277514,42.6881651
,,fast_food,,node,12700700841,23.2868876,42.6835732
Лелки Хухавелки,,fast_food,,node,12702184582,23.4000839,42.6791269
Gourmet food hub,,fast_food,,node,12705384663,23.2654241,42.6637761
Man Cave,,bar,,node,12707444212,23.3826111,42.6277399
Заслон „Черни връх“,Cherni vrah shelter,restaurant,,node,12715376388,23.2784826,42.5637474
Veshta,,cafe,,node,12731759008,23.1484187,42.7058771
Мис Каприз,,restaurant,,node,12741553588,23.3109131,42.6984924
Pizza fantasy,,fast_food,,node,12741620158,23.3126253,42.6982513
Апетитъ,,fast_food,,node,12741627814,23.3107797,42.6985111
Кухнята на Слави,,fast_food,,node,12741636709,23.3107639,42.6982089
Pancake House,,fast_food,,node,12748076166,23.3451043,42.6534253
KFC,,fast_food,,node,12748138424,23.3085285,42.6807063
Da Mamma Carla and Fabio,,restaurant,,node,12749965501,23.3244676,42.6925946
Комат,Komat,restaurant,,node,12750240901,23.3180778,42.7012783
Waterland garden,,restaurant,,node,12752711155,23.2834402,42.6579783
Soup Bar,,fast_food,,node,12754097297,23.3457276,42.6516826
Umbrella Kitchen,,restaurant,,node,12754152601,23.3468261,42.6519321
Centobuchi,,restaurant,,node,12782845122,23.3265411,42.6792518
Deja Vu,,restaurant,,node,12786046002,23.3580886,42.6794959
,,fast_food,,node,12786430522,23.3006064,42.681947
Lunchspot,,restaurant,,node,12786857447,23.3015245,42.6873396
Магазин4ето,,cafe,,node,12787526336,23.3756861,42.6403007
с Меракь,,fast_food,,node,12787526337,23.3755711,42.6402891
Allegro,,restaurant,,node,12795502912,23.2636721,42.6746277
,,cafe,,node,12800626804,23.2988114,42.6752034
Park Bar,,bar,,node,12804864402,23.3395124,42.6934197
Bar&Dinner77,,restaurant,,node,12810978767,23.3071588,42.7325027
Dolci e salati,,fast_food,,node,12812282515,23.2668301,42.6674401
Smashcore,,fast_food,,node,12813759382,23.3526109,42.6696421
Street Chefs,,fast_food,,node,12813777223,23.3529064,42.669503
Grano,,fast_food,,node,12813798503,23.3526786,42.669508
Gelato,,ice_cream,,node,12813798791,23.3526452,42.6695666
Плажът,,fast_food,,node,12820817058,23.3416145,42.5866608
,,fast_food,,node,12837079526,23.3211361,42.7015582
,,fast_food,,node,12837107219,23.3209387,42.7039312
Славия,,restaurant,,node,12837489971,23.2721033,42.679186
,,restaurant,,node,12840188133,23.321753,42.704331
Menu,,fast_food,,node,12844329321,23.3201029,42.7029971
Sterling Club 4 Pompei,,bar,,node,12844359979,23.3172031,42.7004976
Djanam Sky Club,,restaurant,,node,12849274097,23.3083787,42.6920681
,,fast_food,,node,12851569963,23.399767,42.6652294
Raffy,,ice_cream,,node,12851569964,23.3998657,42.6652737
Ресторант,,restaurant,,node,12854108739,23.3394126,42.6847731
Чичко Мекичко,,fast_food,,node,12864896599,23.2810196,42.6719566
Your Coffee,,cafe,,node,12871168149,23.3122353,42.6977105
Домашната кухнята на баба,,fast_food,,node,12871172747,23.3121624,42.6975058
,,fast_food,,node,12871174245,23.3122206,42.697647
Бюфетът,,fast_food,,node,12871176608,23.3120502,42.693385
,,fast_food,,node,12871343695,23.2871405,42.6953215
Aladin Foods,,fast_food,,node,12871420424,23.2871179,42.6955486
Aroma coffee house,,cafe,,node,12871474869,23.285764,42.7001832
,,fast_food,,node,12871524067,23.2862795,42.7023474
Domino's,,fast_food,,node,12875725561,23.2857264,42.6952184
Мото,,restaurant,,node,12875816836,23.2924152,42.7009954
mr. дюнер,,fast_food,,node,12875820386,23.2927799,42.700985
Кулинарни изкушения,,fast_food,,node,12875825410,23.2943213,42.7007887
Бохем,,restaurant,,node,12875840618,23.2935877,42.7013602
,,restaurant,,node,12888121466,23.2982467,42.7054883
"Механа ""Вкусно""",,restaurant,,node,12889271646,23.3851573,42.6405392
,,fast_food,,node,12899339396,23.144677,42.7078084
Нещо вкусно,,fast_food,,node,12899356882,23.1447976,42.707855
,,fast_food,,node,12906077350,23.3797631,42.7075833
Скарата,,fast_food,,node,12906090750,23.3798482,42.7077569
,,cafe,,node,12906093031,23.3772731,42.7130868
,,fast_food,,node,12906100905,23.3773076,42.7132441
Фантастико,,fast_food,,node,12906105575,23.3787579,42.7104241
,,fast_food,,node,12912833813,23.386403,42.7040093
Out Of Office,,fast_food,,node,12920975834,23.3995473,42.6805402
Gaya Gelato,,ice_cream,,node,12925660101,23.3167886,42.6869874
,,fast_food,,node,12945161038,23.3202577,42.7122281
McDonald's,,fast_food,,node,12947634868,23.3530761,42.6915283
Burger King,,fast_food,,node,12947634869,23.353006,42.6916539
Fish a Chick,,fast_food,,node,12949383448,23.3089246,42.698282
Subway,,fast_food,,node,12949383449,23.3089285,42.6983562
Mr. Zoro,,fast_food,,node,12959926962,23.3575264,42.6502822
Babino Selo,,fast_food,,node,12962128624,23.4001917,42.6482762
Porto Maltese,,food_court,,node,12973085431,23.3133638,42.6574421
Casa Nostra,,fast_food,,node,12976917025,23.3154868,42.7002276
Junkbox,,fast_food,,node,12979386256,23.3117506,42.7006954
Lemon bistro,,restaurant,,node,12979450741,23.3123517,42.6998365
Acho,,fast_food,,node,12979453272,23.3109557,42.700952
Chatime,,cafe,,node,12979475393,23.318284,42.6849819
Ararat,,restaurant,,node,12981754959,23.3144078,42.7011118
Murray,,restaurant,,node,12985285092,23.3171207,42.7067663
Чановете,,restaurant,,node,12987250773,23.3827172,42.6280381
Закуските на баба,,fast_food,,node,12987261660,23.375966,42.631461
,,restaurant,,node,12987378510,23.3777536,42.6297121
Софийска баница,,fast_food,,node,12991981595,23.4020035,42.647683
Crystal,,fast_food,,node,13002427077,23.3533693,42.6235025
Bitcoin Bar Bulgaria,,pub,,node,13009358904,23.3003554,42.6726894
Филиповска скара,,restaurant,,node,13009501760,23.2211367,42.7203228
Роден Край,,restaurant,,node,13012022608,23.3439314,42.6491146
,,fast_food,,node,13022811765,23.322964,42.7110918
Нож и вилица,,fast_food,,node,13026053391,23.3194206,42.6683973
Дон дюнер,,fast_food,,node,13026084171,23.3194345,42.668422
,,fast_food,,node,13026157248,23.2968533,42.6603911
Trend,,restaurant,,node,13047827417,23.3192805,42.6559212
Ниагара,,restaurant,,node,13049716697,23.3160124,42.7023969
Friend's,,cafe,,node,13049725831,23.3130116,42.7038694
Frenchie Tacos,,fast_food,,node,13049729516,23.3154066,42.7041933
Grande Torino,,fast_food,,node,13049735067,23.3131058,42.7042216
Вкусната Кухня,,restaurant,,node,13051666519,23.3303217,42.6875383
,,fast_food,,node,13055828157,23.3169411,42.7037532
Гозби,,fast_food,,node,13055848256,23.3174358,42.7003077
Сия-Бела-Нече,,restaurant,,node,13055872813,23.3169063,42.7036526
Divine,,bar,,node,13056176958,23.3170348,42.6857279
Opa,,restaurant,,node,13056576310,23.3159025,42.658675
,,restaurant,,node,13058265550,23.4580076,42.6324316
При Бъди,,restaurant,,node,13059302668,23.2612801,42.7227618
Омонимо,,restaurant,,node,13059327563,23.2606746,42.7246299
Къщата,,restaurant,,node,13059328472,23.2601157,42.7226221
,,fast_food,,node,13070496767,23.3195118,42.6857633
City Stage,,bar,,node,13070525632,23.3186093,42.6855816
Паприка,,fast_food,,node,13070530068,23.3183799,42.6859378
,,fast_food,,node,13071137680,23.3043528,42.6760341
БГ грил,,restaurant,,node,13072077989,23.3218739,42.6719775
Amaya,,restaurant,,node,13077673737,23.3205933,42.6549578
Forno Adesso,,restaurant,,node,13077691073,23.3184532,42.6523315
Аннабел арт,,cafe,,node,13077695333,23.3131972,42.6427141
Tasty House,,restaurant,,node,13082037436,23.3146341,42.7098164
Барбекю,,restaurant,,node,13082043210,23.3146696,42.7070046
