{
"type": "FeatureCollection",
"name": "osm_poi_2025_street_services_filtered_food",
"crs": { "type": "name", "properties": { "name": "urn:ogc:def:crs:OGC:1.3:CRS84" } },
"features": [
{ "type": "Feature", "properties": { "NAME": "Еделвайс", "NAME_EN": null, "AMENITY": "restaurant", "SHOP": null, "OSM_TYPE": "node", "OSM_ID": 166591242 }, "geometry": { "type": "Point", "coordinates": [ 23.3928021, 42.667372 ] } },
{ "type": "Feature", "properties": { "NAME": "Милениум", "NAME_EN": null, "AMENITY": "restaurant", "SHOP": null, "OSM_TYPE": "node", "OSM_ID": 166591355 }, "geometry": { "type": "Point", "coordinates": [ 23.3940037, 42.6687226 ] } },
{ "type": "Feature", "properties": { "NAME": "Приз", "NAME_EN": "Priz", "AMENITY": "restaurant", "SHOP": null, "OSM_TYPE": "node", "OSM_ID": 168015445 }, "geometry": { "type": "Point", "coordinates": [ 23.3902411, 42.6670426 ] } },
{ "type": "Feature", "properties": { "NAME": "KFC", "NAME_EN": null, "AMENITY": "fast_food", "SHOP": null, "OSM_TYPE": "node", "OSM_ID": 290726492 }, "geometry": { "type": "Point", "coordinates": [ 23.2599343, 42.7145487 ] } },
{ "type": "Feature", "properties": { "NAME": "Спорко", "NAME_EN": "Sporko", "AMENITY": "pub", "SHOP": null, "OSM_TYPE": "node", "OSM_ID": 291783429 }, "geometry": { "type": "Point", "coordinates": [ 23.3560243, 42.682673 ] } },
{ "type": "Feature", "properties": { "NAME": "Hom's", "NAME_EN": null, "AMENITY": "restaurant", "SHOP": null, "OSM_TYPE": "node", "OSM_ID": 306128086 }, "geometry": { "type": "Point", "coordinates": [ 23.3363077, 42.6887088 ] } },
{ "type": "Feature", "properties": { "NAME": "Скадарлиjа", "NAME_EN": null, "AMENITY": "restaurant", "SHOP": null, "OSM_TYPE": "node", "OSM_ID": 307801276 }, "geometry": { "type": "Point", "coordinates": [ 23.2610739, 42.7168533 ] } },
{ "type": "Feature", "properties": { "NAME": "Островчето", "NAME_EN": null, "AMENITY": "restaurant", "SHOP": null, "OSM_TYPE": "node", "OSM_ID": 332095079 }, "geometry": { "type": "Point", "coordinates": [ 23.3043402, 42.6941561 ] } },
{ "type": "Feature", "properties": { "NAME": "Златният грош", "NAME_EN": "Golden Coin", "AMENITY": "restaurant", "SHOP": null, "OSM_TYPE": "node", "OSM_ID": 348207475 }, "geometry": { "type": "Point", "coordinates": [ 23.3401509, 42.6451477 ] } },
{ "type": "Feature", "properties": { "NAME": "Люси 98", "NAME_EN": null, "AMENITY": "cafe", "SHOP": null, "OSM_TYPE": "node", "OSM_ID": 348207483 }, "geometry": { "type": "Point", "coordinates": [ 23.3599912, 42.6525295 ] } },
{ "type": "Feature", "properties": { "NAME": "Йоли", "NAME_EN": null, "AMENITY": "restaurant", "SHOP": null, "OSM_TYPE": "node", "OSM_ID": 349283081 }, "geometry": { "type": "Point", "coordinates": [ 23.3623046, 42.653427 ] } },
{ "type": "Feature", "properties": { "NAME": "Family House", "NAME_EN": null, "AMENITY": "restaurant", "SHOP": null, "OSM_TYPE": "node", "OSM_ID": 351119970 }, "geometry": { "type": "Point", "coordinates": [ 23.2516245, 42.7204877 ] } },
{ "type": "Feature", "properties": { "NAME": "McDonald's", "NAME_EN": null, "AMENITY": "fast_food", "SHOP": null, "OSM_TYPE": "node", "OSM_ID": 355528248 }, "geometry": { "type": "Point", "coordinates": [ 23.2788639, 42.7169288 ] } },
{ "type": "Feature", "properties": { "NAME": "Ариявич", "NAME_EN": "Ariavich", "AMENITY": "restaurant", "SHOP": null, "OSM_TYPE": "node", "OSM_ID": 355528758 }, "geometry": { "type": "Point", "coordinates": [ 23.2699863, 42.7134717 ] } },
{ "type": "Feature", "properties": { "NAME": "Momento", "NAME_EN": null, "AMENITY": "fast_food", "SHOP": null, "OSM_TYPE": "node", "OSM_ID": 364052271 }, "geometry": { "type": "Point", "coordinates": [ 23.3066979, 42.6860292 ] } },
{ "type": "Feature", "properties": { "NAME": "Happy Bar & Grill", "NAME_EN": "Happy Bar & Grill", "AMENITY": "restaurant", "SHOP": null, "OSM_TYPE": "node", "OSM_ID": 365389384 }, "geometry": { "type": "Point", "coordinates": [ 23.3079425, 42.6885709 ] } },
{ "type": "Feature", "properties": { "NAME": "Момина скала", "NAME_EN": "Momina skala", "AMENITY": "restaurant", "SHOP": null, "OSM_TYPE": "node", "OSM_ID": 454587175 }, "geometry": { "type": "Point", "coordinates": [ 23.249418, 42.6235576 ] } },
{ "type": "Feature", "properties": { "NAME": "Кафе-сладкарница \"Момина скала\"", "NAME_EN": "Momina Skala", "AMENITY": "cafe", "SHOP": null, "OSM_TYPE": "node", "OSM_ID": 454587178 }, "geometry": { "type": "Point", "coordinates": [ 23.2495312, 42.6236063 ] } },
{ "type": "Feature", "properties": { "NAME": "OMV - Viva", "NAME_EN": null, "AMENITY": "fast_food", "SHOP": null, "OSM_TYPE": "node", "OSM_ID": 461624140 }, "geometry": { "type": "Point", "coordinates": [ 23.3416895, 42.7077747 ] } },
{ "type": "Feature", "properties": { "NAME": "Ветрило", "NAME_EN": null, "AMENITY": "restaurant", "SHOP": null, "OSM_TYPE": "node", "OSM_ID": 462187760 }, "geometry": { "type": "Point", "coordinates": [ 23.299416, 42.6702317 ] } },
{ "type": "Feature", "properties": { "NAME": "Мимас", "NAME_EN": "Mimas", "AMENITY": "fast_food", "SHOP": null, "OSM_TYPE": "node", "OSM_ID": 487326341 }, "geometry": { "type": "Point", "coordinates": [ 23.3298627, 42.6875313 ] } },
{ "type": "Feature", "properties": { "NAME": "boho", "NAME_EN": null, "AMENITY": "restaurant", "SHOP": null, "OSM_TYPE": "node", "OSM_ID": 613495269 }, "geometry": { "type": "Point", "coordinates": [ 23.321061, 42.6917339 ] } },
{ "type": "Feature", "properties": { "NAME": "Dark Sister", "NAME_EN": "Dark Sister", "AMENITY": "restaurant", "SHOP": null, "OSM_TYPE": "node", "OSM_ID": 633181480 }, "geometry": { "type": "Point", "coordinates": [ 23.3215888, 42.68959 ] } },
{ "type": "Feature", "properties": { "NAME": null, "NAME_EN": null, "AMENITY": "cafe", "SHOP": null, "OSM_TYPE": "node", "OSM_ID": 639999976 }, "geometry": { "type": "Point", "coordinates": [ 23.3553168, 42.6572821 ] } },
{ "type": "Feature", "properties": { "NAME": null, "NAME_EN": null, "AMENITY": "pub", "SHOP": null, "OSM_TYPE": "node", "OSM_ID": 677550226 }, "geometry": { "type": "Point", "coordinates": [ 23.3407262, 42.6535457 ] } },
{ "type": "Feature", "properties": { "NAME": null, "NAME_EN": null, "AMENITY": "restaurant", "SHOP": null, "OSM_TYPE": "node", "OSM_ID": 679960873 }, "geometry": { "type": "Point", "coordinates": [ 23.4070758, 42.6293432 ] } },
{ "type": "Feature", "properties": { "NAME": "Скарабар", "NAME_EN": null, "AMENITY": "restaurant", "SHOP": null, "OSM_TYPE": "node", "OSM_ID": 686682584 }, "geometry": { "type": "Point", "coordinates": [ 23.3461401, 42.6978938 ] } },
{ "type": "Feature", "properties": { "NAME": "Сите Българи Заедно", "NAME_EN": null, "AMENITY": "restaurant", "SHOP": null, "OSM_TYPE": "node", "OSM_ID": 688797653 }, "geometry": { "type": "Point", "coordinates": [ 23.3097416, 42.7111522 ] } },
{ "type": "Feature", "properties": { "NAME": "Пицария Андра", "NAME_EN": null, "AMENITY": "restaurant", "SHOP": null, "OSM_TYPE": "node", "OSM_ID": 688798599 }, "geometry": { "type": "Point", "coordinates": [ 23.3100178, 42.7112625 ] } },
{ "type": "Feature", "properties": { "NAME": "Engineer's kitchen", "NAME_EN": null, "AMENITY": "cafe", "SHOP": null, "OSM_TYPE": "node", "OSM_ID": 704602140 }, "geometry": { "type": "Point", "coordinates": [ 23.354522, 42.6568944 ] } },
{ "type": "Feature", "properties": { "NAME": "Coffee with soul", "NAME_EN": null, "AMENITY": "cafe", "SHOP": null, "OSM_TYPE": "node", "OSM_ID": 707684276 }, "geometry": { "type": "Point", "coordinates": [ 23.3535985, 42.6575589 ] } },
{ "type": "Feature", "properties": { "NAME": "Оазис", "NAME_EN": null, "AMENITY": "bar", "SHOP": null, "OSM_TYPE": "node", "OSM_ID": 731526177 }, "geometry": { "type": "Point", "coordinates": [ 23.3437903, 42.7397881 ] } },
{ "type": "Feature", "properties": { "NAME": "Кестените", "NAME_EN": null, "AMENITY": "restaurant", "SHOP": null, "OSM_TYPE": "node", "OSM_ID": 731533615 }, "geometry": { "type": "Point", "coordinates": [ 23.3433988, 42.7383934 ] } },
{ "type": "Feature", "properties": { "NAME": "Снек-бар", "NAME_EN": null, "AMENITY": "restaurant", "SHOP": null, "OSM_TYPE": "node", "OSM_ID": 731533620 }, "geometry": { "type": "Point", "coordinates": [ 23.3441434, 42.739332 ] } },
{ "type": "Feature", "properties": { "NAME": "Gio", "NAME_EN": null, "AMENITY": "cafe", "SHOP": null, "OSM_TYPE": "node", "OSM_ID": 733021182 }, "geometry": { "type": "Point", "coordinates": [ 23.3185554, 42.6924469 ] } },
{ "type": "Feature", "properties": { "NAME": "Dana near & far", "NAME_EN": null, "AMENITY": "restaurant", "SHOP": null, "OSM_TYPE": "node", "OSM_ID": 766856073 }, "geometry": { "type": "Point", "coordinates": [ 23.3289658, 42.671288 ] } },
{ "type": "Feature", "properties": { "NAME": "РицарЯ", "NAME_EN": null, "AMENITY": "restaurant", "SHOP": null, "OSM_TYPE": "node", "OSM_ID": 766856075 }, "geometry": { "type": "Point", "coordinates": [ 23.328777, 42.6704905 ] } },
{ "type": "Feature", "properties": { "NAME": "ELIT", "NAME_EN": null, "AMENITY": "restaurant", "SHOP": null, "OSM_TYPE": "node", "OSM_ID": 791641321 }, "geometry": { "type": "Point", "coordinates": [ 23.2881904, 42.7013714 ] } },
{ "type": "Feature", "properties": { "NAME": "Тимо парк", "NAME_EN": null, "AMENITY": "restaurant", "SHOP": null, "OSM_TYPE": "node", "OSM_ID": 791641334 }, "geometry": { "type": "Point", "coordinates": [ 23.2941599, 42.7054669 ] } },
{ "type": "Feature", "properties": { "NAME": null, "NAME_EN": null, "AMENITY": "fast_food", "SHOP": null, "OSM_TYPE": "node", "OSM_ID": 798088982 }, "geometry": { "type": "Point", "coordinates": [ 23.3493834, 42.6559365 ] } },
{ "type": "Feature", "properties": { "NAME": "Спирка за Гладни", "NAME_EN": null, "AMENITY": "fast_food", "SHOP": null, "OSM_TYPE": "node", "OSM_ID": 802726063 }, "geometry": { "type": "Point", "coordinates": [ 23.3493829, 42.6558713 ] } },
{ "type": "Feature", "properties": { "NAME": "Баба Яга", "NAME_EN": null, "AMENITY": "fast_food", "SHOP": "kiosk", "OSM_TYPE": "node", "OSM_ID": 805063280 }, "geometry": { "type": "Point", "coordinates": [ 23.3412153, 42.6481215 ] } },
{ "type": "Feature", "properties": { "NAME": "Sweet House", "NAME_EN": null, "AMENITY": "cafe", "SHOP": null, "OSM_TYPE": "node", "OSM_ID": 819697685 }, "geometry": { "type": "Point", "coordinates": [ 23.3797647, 42.6414703 ] } },
{ "type": "Feature", "properties": { "NAME": "Апартамента", "NAME_EN": "The Apartment", "AMENITY": "bar", "SHOP": null, "OSM_TYPE": "node", "OSM_ID": 829063739 }, "geometry": { "type": "Point", "coordinates": [ 23.3243053, 42.6895533 ] } },
{ "type": "Feature", "properties": { "NAME": "Уго", "NAME_EN": null, "AMENITY": "restaurant", "SHOP": null, "OSM_TYPE": "node", "OSM_ID": 829063774 }, "geometry": { "type": "Point", "coordinates": [ 23.3243994, 42.6896773 ] } },
{ "type": "Feature", "properties": { "NAME": "Soda", "NAME_EN": null, "AMENITY": "cafe", "SHOP": null, "OSM_TYPE": "node", "OSM_ID": 830139861 }, "geometry": { "type": "Point", "coordinates": [ 23.3198731, 42.6833681 ] } },
{ "type": "Feature", "properties": { "NAME": "Лагуна", "NAME_EN": null, "AMENITY": "restaurant", "SHOP": null, "OSM_TYPE": "node", "OSM_ID": 833828356 }, "geometry": { "type": "Point", "coordinates": [ 23.3000188, 42.7336823 ] } },
{ "type": "Feature", "properties": { "NAME": "Amaro", "NAME_EN": null, "AMENITY": "cafe", "SHOP": null, "OSM_TYPE": "node", "OSM_ID": 833920564 }, "geometry": { "type": "Point", "coordinates": [ 23.2994953, 42.685083 ] } },
{ "type": "Feature", "properties": { "NAME": "Рош Сладко и солено", "NAME_EN": null, "AMENITY": "restaurant", "SHOP": null, "OSM_TYPE": "node", "OSM_ID": 833920574 }, "geometry": { "type": "Point", "coordinates": [ 23.2974783, 42.6849943 ] } },
{ "type": "Feature", "properties": { "NAME": "Daisy", "NAME_EN": null, "AMENITY": "food_court", "SHOP": null, "OSM_TYPE": "node", "OSM_ID": 833931377 }, "geometry": { "type": "Point", "coordinates": [ 23.296634, 42.6854607 ] } },
{ "type": "Feature", "properties": { "NAME": "Северняци", "NAME_EN": null, "AMENITY": "restaurant", "SHOP": null, "OSM_TYPE": "node", "OSM_ID": 835216306 }, "geometry": { "type": "Point", "coordinates": [ 23.2944184, 42.7396166 ] } },
{ "type": "Feature", "properties": { "NAME": "Хай Уай Тиан", "NAME_EN": null, "AMENITY": "restaurant", "SHOP": null, "OSM_TYPE": "node", "OSM_ID": 835282577 }, "geometry": { "type": "Point", "coordinates": [ 23.3052812, 42.7246728 ] } },
{ "type": "Feature", "properties": { "NAME": "Релакс", "NAME_EN": null, "AMENITY": "cafe", "SHOP": null, "OSM_TYPE": "node", "OSM_ID": 835282633 }, "geometry": { "type": "Point", "coordinates": [ 23.3030956, 42.7257079 ] } },
{ "type": "Feature", "properties": { "NAME": "Патладжан", "NAME_EN": null, "AMENITY": "cafe", "SHOP": null, "OSM_TYPE": "node", "OSM_ID": 835282638 }, "geometry": { "type": "Point", "coordinates": [ 23.3032436, 42.7256118 ] } },
{ "type": "Feature", "properties": { "NAME": "Двете фукли", "NAME_EN": null, "AMENITY": "cafe", "SHOP": "pastry", "OSM_TYPE": "node", "OSM_ID": 835282676 }, "geometry": { "type": "Point", "coordinates": [ 23.2941473, 42.737724 ] } },
{ "type": "Feature", "properties": { "NAME": "212", "NAME_EN": null, "AMENITY": "cafe", "SHOP": null, "OSM_TYPE": "node", "OSM_ID": 835282686 }, "geometry": { "type": "Point", "coordinates": [ 23.2953568, 42.737183 ] } },
{ "type": "Feature", "properties": { "NAME": null, "NAME_EN": null, "AMENITY": "cafe", "SHOP": null, "OSM_TYPE": "node", "OSM_ID": 851323769 }, "geometry": { "type": "Point", "coordinates": [ 23.3532952, 42.6918281 ] } },
{ "type": "Feature", "properties": { "NAME": null, "NAME_EN": null, "AMENITY": "restaurant", "SHOP": null, "OSM_TYPE": "node", "OSM_ID": 851323772 }, "geometry": { "type": "Point", "coordinates": [ 23.3536185, 42.6918462 ] } },
{ "type": "Feature", "properties": { "NAME": null, "NAME_EN": null, "AMENITY": "bar", "SHOP": null, "OSM_TYPE": "node", "OSM_ID": 851323777 }, "geometry": { "type": "Point", "coordinates": [ 23.3539068, 42.6919815 ] } },
{ "type": "Feature", "properties": { "NAME": null, "NAME_EN": null, "AMENITY": "fast_food", "SHOP": null, "OSM_TYPE": "node", "OSM_ID": 851323791 }, "geometry": { "type": "Point", "coordinates": [ 23.3533059, 42.6919913 ] } },
{ "type": "Feature", "properties": { "NAME": "Al Dente", "NAME_EN": null, "AMENITY": "restaurant", "SHOP": null, "OSM_TYPE": "node", "OSM_ID": 885911176 }, "geometry": { "type": "Point", "coordinates": [ 23.29406, 42.6815592 ] } },
{ "type": "Feature", "properties": { "NAME": "Baron Craft Beer Bar", "NAME_EN": null, "AMENITY": "restaurant", "SHOP": null, "OSM_TYPE": "node", "OSM_ID": 885911179 }, "geometry": { "type": "Point", "coordinates": [ 23.3280316, 42.698391 ] } },
{ "type": "Feature", "properties": { "NAME": "Erdinche", "NAME_EN": null, "AMENITY": "restaurant", "SHOP": null, "OSM_TYPE": "node", "OSM_ID": 905368641 }, "geometry": { "type": "Point", "coordinates": [ 23.3444081, 42.6695805 ] } },
{ "type": "Feature", "properties": { "NAME": "Софийска баница", "NAME_EN": null, "AMENITY": "restaurant", "SHOP": null, "OSM_TYPE": "node", "OSM_ID": 964765600 }, "geometry": { "type": "Point", "coordinates": [ 23.1450342, 42.7103977 ] } },
{ "type": "Feature", "properties": { "NAME": "ханче Брезите", "NAME_EN": null, "AMENITY": "restaurant", "SHOP": null, "OSM_TYPE": "node", "OSM_ID": 976488023 }, "geometry": { "type": "Point", "coordinates": [ 23.3645657, 42.5250704 ] } },
{ "type": "Feature", "properties": { "NAME": "Къщата на Ян", "NAME_EN": null, "AMENITY": "restaurant", "SHOP": null, "OSM_TYPE": "node", "OSM_ID": 1037928662 }, "geometry": { "type": "Point", "coordinates": [ 23.3579593, 42.6507563 ] } },
{ "type": "Feature", "properties": { "NAME": "Воденицата", "NAME_EN": "Vodenitzata", "AMENITY": "restaurant", "SHOP": null, "OSM_TYPE": "node", "OSM_ID": 1065120608 }, "geometry": { "type": "Point", "coordinates": [ 23.3035155, 42.6214674 ] } },
{ "type": "Feature", "properties": { "NAME": "Eddy's", "NAME_EN": null, "AMENITY": "cafe", "SHOP": null, "OSM_TYPE": "node", "OSM_ID": 1225900166 }, "geometry": { "type": "Point", "coordinates": [ 23.3703185, 42.66651 ] } },
{ "type": "Feature", "properties": { "NAME": "Bar 19", "NAME_EN": null, "AMENITY": "cafe", "SHOP": null, "OSM_TYPE": "node", "OSM_ID": 1249699878 }, "geometry": { "type": "Point", "coordinates": [ 23.3104675, 42.6975117 ] } },
{ "type": "Feature", "properties": { "NAME": null, "NAME_EN": null, "AMENITY": "cafe", "SHOP": null, "OSM_TYPE": "node", "OSM_ID": 1271117913 }, "geometry": { "type": "Point", "coordinates": [ 23.3675965, 42.6797961 ] } },
{ "type": "Feature", "properties": { "NAME": "My Choice", "NAME_EN": null, "AMENITY": "restaurant", "SHOP": null, "OSM_TYPE": "node", "OSM_ID": 1271118077 }, "geometry": { "type": "Point", "coordinates": [ 23.3674743, 42.6796305 ] } },
{ "type": "Feature", "properties": { "NAME": "Пиано Бар", "NAME_EN": null, "AMENITY": "bar", "SHOP": null, "OSM_TYPE": "node", "OSM_ID": 1286535637 }, "geometry": { "type": "Point", "coordinates": [ 23.3600054, 42.6713284 ] } },
{ "type": "Feature", "properties": { "NAME": "Чехов 51", "NAME_EN": null, "AMENITY": "restaurant", "SHOP": null, "OSM_TYPE": "node", "OSM_ID": 1286821713 }, "geometry": { "type": "Point", "coordinates": [ 23.3606459, 42.6693948 ] } },
{ "type": "Feature", "properties": { "NAME": null, "NAME_EN": null, "AMENITY": "fast_food", "SHOP": null, "OSM_TYPE": "node", "OSM_ID": 1286822616 }, "geometry": { "type": "Point", "coordinates": [ 23.3622446, 42.6697696 ] } },
{ "type": "Feature", "properties": { "NAME": "Куатро Стаджони", "NAME_EN": "Quattro Stagioni", "AMENITY": "restaurant", "SHOP": null, "OSM_TYPE": "node", "OSM_ID": 1286945930 }, "geometry": { "type": "Point", "coordinates": [ 23.351616, 42.671867 ] } },
{ "type": "Feature", "properties": { "NAME": "Кафе Флай", "NAME_EN": null, "AMENITY": "restaurant", "SHOP": null, "OSM_TYPE": "node", "OSM_ID": 1308875380 }, "geometry": { "type": "Point", "coordinates": [ 23.4029104, 42.6668509 ] } },
{ "type": "Feature", "properties": { "NAME": "Ресторант Лебед", "NAME_EN": null, "AMENITY": "restaurant", "SHOP": null, "OSM_TYPE": "node", "OSM_ID": 1357852021 }, "geometry": { "type": "Point", "coordinates": [ 23.4156628, 42.5951832 ] } },
{ "type": "Feature", "properties": { "NAME": "Ресторант Вила Борсалино", "NAME_EN": "Restaurant Villa Borsalino", "AMENITY": "restaurant", "SHOP": null, "OSM_TYPE": "node", "OSM_ID": 1358298484 }, "geometry": { "type": "Point", "coordinates": [ 23.4195271, 42.5877011 ] } },
{ "type": "Feature", "properties": { "NAME": "Културен дом", "NAME_EN": null, "AMENITY": "restaurant", "SHOP": null, "OSM_TYPE": "node", "OSM_ID": 1373939547 }, "geometry": { "type": "Point", "coordinates": [ 23.4000736, 42.6076269 ] } },
{ "type": "Feature", "properties": { "NAME": "Spaghetti Kitchen", "NAME_EN": null, "AMENITY": "restaurant", "SHOP": null, "OSM_TYPE": "node", "OSM_ID": 1386063896 }, "geometry": { "type": "Point", "coordinates": [ 23.3297036, 42.6935899 ] } },
{ "type": "Feature", "properties": { "NAME": "КПГ", "NAME_EN": null, "AMENITY": "pub", "SHOP": null, "OSM_TYPE": "node", "OSM_ID": 1386208183 }, "geometry": { "type": "Point", "coordinates": [ 23.3297531, 42.6940652 ] } },
{ "type": "Feature", "properties": { "NAME": "Кокалянско ханче", "NAME_EN": null, "AMENITY": "restaurant", "SHOP": null, "OSM_TYPE": "node", "OSM_ID": 1387218200 }, "geometry": { "type": "Point", "coordinates": [ 23.4239932, 42.5826039 ] } },
{ "type": "Feature", "properties": { "NAME": "ЮСТИ", "NAME_EN": null, "AMENITY": "cafe", "SHOP": null, "OSM_TYPE": "node", "OSM_ID": 1413166968 }, "geometry": { "type": "Point", "coordinates": [ 23.2595962, 42.6628511 ] } },
{ "type": "Feature", "properties": { "NAME": "Каминката", "NAME_EN": null, "AMENITY": "restaurant", "SHOP": null, "OSM_TYPE": "node", "OSM_ID": 1491390380 }, "geometry": { "type": "Point", "coordinates": [ 23.2516622, 42.6687073 ] } },
{ "type": "Feature", "properties": { "NAME": "Оазис", "NAME_EN": null, "AMENITY": "restaurant", "SHOP": null, "OSM_TYPE": "node", "OSM_ID": 1508345605 }, "geometry": { "type": "Point", "coordinates": [ 23.3748174, 42.7122931 ] } },
{ "type": "Feature", "properties": { "NAME": "Вики", "NAME_EN": null, "AMENITY": "restaurant", "SHOP": null, "OSM_TYPE": "node", "OSM_ID": 1509496706 }, "geometry": { "type": "Point", "coordinates": [ 23.3800225, 42.7110281 ] } },
{ "type": "Feature", "properties": { "NAME": "McDonald's", "NAME_EN": null, "AMENITY": "fast_food", "SHOP": null, "OSM_TYPE": "node", "OSM_ID": 1595373035 }, "geometry": { "type": "Point", "coordinates": [ 23.2904394, 42.650238 ] } },
{ "type": "Feature", "properties": { "NAME": "Umbrella Bar", "NAME_EN": null, "AMENITY": "cafe", "SHOP": null, "OSM_TYPE": "node", "OSM_ID": 1654894991 }, "geometry": { "type": "Point", "coordinates": [ 23.3468469, 42.6517936 ] } },
{ "type": "Feature", "properties": { "NAME": "Bonbon", "NAME_EN": null, "AMENITY": "cafe", "SHOP": null, "OSM_TYPE": "node", "OSM_ID": 1699465201 }, "geometry": { "type": "Point", "coordinates": [ 23.3025824, 42.6715231 ] } },
{ "type": "Feature", "properties": { "NAME": "Sol's place", "NAME_EN": null, "AMENITY": "cafe", "SHOP": null, "OSM_TYPE": "node", "OSM_ID": 1699498049 }, "geometry": { "type": "Point", "coordinates": [ 23.3002089, 42.6777223 ] } },
{ "type": "Feature", "properties": { "NAME": "Регал", "NAME_EN": null, "AMENITY": "restaurant", "SHOP": null, "OSM_TYPE": "node", "OSM_ID": 1699498099 }, "geometry": { "type": "Point", "coordinates": [ 23.3027366, 42.6737736 ] } },
{ "type": "Feature", "properties": { "NAME": "Мекица и кафе", "NAME_EN": null, "AMENITY": "restaurant", "SHOP": null, "OSM_TYPE": "node", "OSM_ID": 1699498101 }, "geometry": { "type": "Point", "coordinates": [ 23.3014303, 42.6767687 ] } },
{ "type": "Feature", "properties": { "NAME": "Марая 21", "NAME_EN": null, "AMENITY": "restaurant", "SHOP": null, "OSM_TYPE": "node", "OSM_ID": 1699498102 }, "geometry": { "type": "Point", "coordinates": [ 23.3016076, 42.6769779 ] } },
{ "type": "Feature", "properties": { "NAME": "Miss Sweet Point", "NAME_EN": null, "AMENITY": "fast_food", "SHOP": null, "OSM_TYPE": "node", "OSM_ID": 1699498117 }, "geometry": { "type": "Point", "coordinates": [ 23.3006334, 42.6782799 ] } },
{ "type": "Feature", "properties": { "NAME": "Sasaguri", "NAME_EN": null, "AMENITY": "restaurant", "SHOP": null, "OSM_TYPE": "node", "OSM_ID": 1699545191 }, "geometry": { "type": "Point", "coordinates": [ 23.3035527, 42.6746568 ] } },
{ "type": "Feature", "properties": { "NAME": "Addict", "NAME_EN": null, "AMENITY": "cafe", "SHOP": null, "OSM_TYPE": "node", "OSM_ID": 1706033118 }, "geometry": { "type": "Point", "coordinates": [ 23.3869403, 42.7134577 ] } },
{ "type": "Feature", "properties": { "NAME": null, "NAME_EN": null, "AMENITY": "fast_food", "SHOP": null, "OSM_TYPE": "node", "OSM_ID": 1708813246 }, "geometry": { "type": "Point", "coordinates": [ 23.3414289, 42.8006383 ] } },
{ "type": "Feature", "properties": { "NAME": "Пицария Кумарица", "NAME_EN": null, "AMENITY": "restaurant", "SHOP": null, "OSM_TYPE": "node", "OSM_ID": 1708814183 }, "geometry": { "type": "Point", "coordinates": [ 23.3411486, 42.8001372 ] } },
{ "type": "Feature", "properties": { "NAME": "Свети Дух", "NAME_EN": null, "AMENITY": "restaurant", "SHOP": null, "OSM_TYPE": "node", "OSM_ID": 1708814410 }, "geometry": { "type": "Point", "coordinates": [ 23.3413192, 42.8010457 ] } },
{ "type": "Feature", "properties": { "NAME": null, "NAME_EN": null, "AMENITY": "cafe", "SHOP": null, "OSM_TYPE": "node", "OSM_ID": 1708814531 }, "geometry": { "type": "Point", "coordinates": [ 23.340983, 42.800469 ] } },
{ "type": "Feature", "properties": { "NAME": null, "NAME_EN": null, "AMENITY": "cafe", "SHOP": null, "OSM_TYPE": "node", "OSM_ID": 1708820367 }, "geometry": { "type": "Point", "coordinates": [ 23.3537333, 42.8207843 ] } },
{ "type": "Feature", "properties": { "NAME": "The Jungle", "NAME_EN": null, "AMENITY": "restaurant", "SHOP": null, "OSM_TYPE": "node", "OSM_ID": 1729012422 }, "geometry": { "type": "Point", "coordinates": [ 23.3034418, 42.7343234 ] } },
{ "type": "Feature", "properties": { "NAME": "Елей", "NAME_EN": null, "AMENITY": "cafe", "SHOP": null, "OSM_TYPE": "node", "OSM_ID": 1745952618 }, "geometry": { "type": "Point", "coordinates": [ 23.3113229, 42.6910501 ] } },
{ "type": "Feature", "properties": { "NAME": "Пица Италия", "NAME_EN": null, "AMENITY": "restaurant", "SHOP": null, "OSM_TYPE": "node", "OSM_ID": 1745952633 }, "geometry": { "type": "Point", "coordinates": [ 23.3116791, 42.6915322 ] } },
{ "type": "Feature", "properties": { "NAME": "Starbucks", "NAME_EN": null, "AMENITY": "cafe", "SHOP": null, "OSM_TYPE": "node", "OSM_ID": 1756103897 }, "geometry": { "type": "Point", "coordinates": [ 23.3313399, 42.6898714 ] } },
{ "type": "Feature", "properties": { "NAME": "Дивака", "NAME_EN": "Divaka", "AMENITY": "restaurant", "SHOP": null, "OSM_TYPE": "node", "OSM_ID": 1761486865 }, "geometry": { "type": "Point", "coordinates": [ 23.3211447, 42.6930679 ] } },
{ "type": "Feature", "properties": { "NAME": "Franco's pizza", "NAME_EN": null, "AMENITY": "restaurant", "SHOP": null, "OSM_TYPE": "node", "OSM_ID": 1780967291 }, "geometry": { "type": "Point", "coordinates": [ 23.3370891, 42.6912812 ] } },
{ "type": "Feature", "properties": { "NAME": "Coffee Break", "NAME_EN": null, "AMENITY": "cafe", "SHOP": null, "OSM_TYPE": "node", "OSM_ID": 1839699597 }, "geometry": { "type": "Point", "coordinates": [ 23.328809, 42.696383 ] } },
{ "type": "Feature", "properties": { "NAME": "Happy Bar & Grill", "NAME_EN": "Happy Bar & Grill", "AMENITY": "restaurant", "SHOP": null, "OSM_TYPE": "node", "OSM_ID": 1854248338 }, "geometry": { "type": "Point", "coordinates": [ 23.3206155, 42.6965736 ] } },
{ "type": "Feature", "properties": { "NAME": "RE Club", "NAME_EN": null, "AMENITY": "cafe", "SHOP": null, "OSM_TYPE": "node", "OSM_ID": 1854248352 }, "geometry": { "type": "Point", "coordinates": [ 23.3303604, 42.696832 ] } },
{ "type": "Feature", "properties": { "NAME": "Златните мостове", "NAME_EN": "Golden Bridges", "AMENITY": "restaurant", "SHOP": null, "OSM_TYPE": "node", "OSM_ID": 1875929108 }, "geometry": { "type": "Point", "coordinates": [ 23.2391396, 42.6102936 ] } },
{ "type": "Feature", "properties": { "NAME": "Essentiel", "NAME_EN": null, "AMENITY": "restaurant", "SHOP": null, "OSM_TYPE": "node", "OSM_ID": 1888443489 }, "geometry": { "type": "Point", "coordinates": [ 23.3361659, 42.6919434 ] } },
{ "type": "Feature", "properties": { "NAME": "Aladin Foods", "NAME_EN": null, "AMENITY": "fast_food", "SHOP": null, "OSM_TYPE": "node", "OSM_ID": 1888449789 }, "geometry": { "type": "Point", "coordinates": [ 23.249753, 42.7163426 ] } },
{ "type": "Feature", "properties": { "NAME": "Yalta Club", "NAME_EN": null, "AMENITY": "bar", "SHOP": null, "OSM_TYPE": "node", "OSM_ID": 1893263782 }, "geometry": { "type": "Point", "coordinates": [ 23.3336374, 42.6928125 ] } },
{ "type": "Feature", "properties": { "NAME": null, "NAME_EN": null, "AMENITY": "restaurant", "SHOP": null, "OSM_TYPE": "node", "OSM_ID": 1929699681 }, "geometry": { "type": "Point", "coordinates": [ 23.463714, 42.6633251 ] } },
{ "type": "Feature", "properties": { "NAME": "4ourbar", "NAME_EN": null, "AMENITY": "restaurant", "SHOP": null, "OSM_TYPE": "node", "OSM_ID": 1972946601 }, "geometry": { "type": "Point", "coordinates": [ 23.3691278, 42.6211464 ] } },
{ "type": "Feature", "properties": { "NAME": "Коловоз 41", "NAME_EN": null, "AMENITY": "pub", "SHOP": null, "OSM_TYPE": "node", "OSM_ID": 2009733498 }, "geometry": { "type": "Point", "coordinates": [ 23.35192, 42.6951706 ] } },
{ "type": "Feature", "properties": { "NAME": "McDonald's", "NAME_EN": null, "AMENITY": "fast_food", "SHOP": null, "OSM_TYPE": "node", "OSM_ID": 2093880915 }, "geometry": { "type": "Point", "coordinates": [ 23.3343332, 42.6929085 ] } },
{ "type": "Feature", "properties": { "NAME": "KFC", "NAME_EN": null, "AMENITY": "fast_food", "SHOP": null, "OSM_TYPE": "node", "OSM_ID": 2093880916 }, "geometry": { "type": "Point", "coordinates": [ 23.318074, 42.6974165 ] } },
{ "type": "Feature", "properties": { "NAME": "McDonald's", "NAME_EN": null, "AMENITY": "fast_food", "SHOP": null, "OSM_TYPE": "node", "OSM_ID": 2093888650 }, "geometry": { "type": "Point", "coordinates": [ 23.3210026, 42.694786 ] } },
{ "type": "Feature", "properties": { "NAME": "KFC", "NAME_EN": null, "AMENITY": "fast_food", "SHOP": null, "OSM_TYPE": "node", "OSM_ID": 2093888651 }, "geometry": { "type": "Point", "coordinates": [ 23.322416, 42.6940296 ] } },
{ "type": "Feature", "properties": { "NAME": "Restaurant 507", "NAME_EN": null, "AMENITY": "restaurant", "SHOP": null, "OSM_TYPE": "node", "OSM_ID": 2099470956 }, "geometry": { "type": "Point", "coordinates": [ 23.3278448, 42.6201159 ] } },
{ "type": "Feature", "properties": { "NAME": "Umamido", "NAME_EN": null, "AMENITY": "restaurant", "SHOP": null, "OSM_TYPE": "node", "OSM_ID": 2126133009 }, "geometry": { "type": "Point", "coordinates": [ 23.3248762, 42.6926459 ] } },
{ "type": "Feature", "properties": { "NAME": "Veda House", "NAME_EN": null, "AMENITY": "cafe", "SHOP": null, "OSM_TYPE": "node", "OSM_ID": 2132609030 }, "geometry": { "type": "Point", "coordinates": [ 23.3150892, 42.6922471 ] } },
{ "type": "Feature", "properties": { "NAME": "Еленска механа", "NAME_EN": null, "AMENITY": "restaurant", "SHOP": null, "OSM_TYPE": "node", "OSM_ID": 2136603950 }, "geometry": { "type": "Point", "coordinates": [ 23.3326436, 42.6492106 ] } },
{ "type": "Feature", "properties": { "NAME": "Кара Иван", "NAME_EN": null, "AMENITY": "restaurant", "SHOP": null, "OSM_TYPE": "node", "OSM_ID": 2136761965 }, "geometry": { "type": "Point", "coordinates": [ 23.3170494, 42.6940184 ] } },
{ "type": "Feature", "properties": { "NAME": "Green Deli Cafe", "NAME_EN": null, "AMENITY": "cafe", "SHOP": null, "OSM_TYPE": "node", "OSM_ID": 2183556550 }, "geometry": { "type": "Point", "coordinates": [ 23.3528551, 42.6702445 ] } },
{ "type": "Feature", "properties": { "NAME": null, "NAME_EN": null, "AMENITY": "cafe", "SHOP": null, "OSM_TYPE": "node", "OSM_ID": 2187684660 }, "geometry": { "type": "Point", "coordinates": [ 23.2909661, 42.7071382 ] } },
{ "type": "Feature", "properties": { "NAME": null, "NAME_EN": null, "AMENITY": "restaurant", "SHOP": null, "OSM_TYPE": "node", "OSM_ID": 2188486269 }, "geometry": { "type": "Point", "coordinates": [ 23.2908974, 42.7061393 ] } },
{ "type": "Feature", "properties": { "NAME": null, "NAME_EN": null, "AMENITY": "fast_food", "SHOP": null, "OSM_TYPE": "node", "OSM_ID": 2188508392 }, "geometry": { "type": "Point", "coordinates": [ 23.2936815, 42.705876 ] } },
{ "type": "Feature", "properties": { "NAME": "Fiore 21", "NAME_EN": null, "AMENITY": "restaurant", "SHOP": null, "OSM_TYPE": "node", "OSM_ID": 2188508440 }, "geometry": { "type": "Point", "coordinates": [ 23.293825, 42.70574 ] } },
{ "type": "Feature", "properties": { "NAME": "Дюнер Рафи", "NAME_EN": null, "AMENITY": "fast_food", "SHOP": null, "OSM_TYPE": "node", "OSM_ID": 2188508459 }, "geometry": { "type": "Point", "coordinates": [ 23.2937673, 42.7058277 ] } },
{ "type": "Feature", "properties": { "NAME": "Чайка", "NAME_EN": null, "AMENITY": "restaurant", "SHOP": null, "OSM_TYPE": "node", "OSM_ID": 2188508511 }, "geometry": { "type": "Point", "coordinates": [ 23.2936439, 42.7049964 ] } },
{ "type": "Feature", "properties": { "NAME": "Confetti", "NAME_EN": null, "AMENITY": "restaurant", "SHOP": null, "OSM_TYPE": "node", "OSM_ID": 2196164951 }, "geometry": { "type": "Point", "coordinates": [ 23.3221121, 42.6942233 ] } },
{ "type": "Feature", "properties": { "NAME": "Тон Шин Юан", "NAME_EN": null, "AMENITY": "restaurant", "SHOP": null, "OSM_TYPE": "node", "OSM_ID": 2210481935 }, "geometry": { "type": "Point", "coordinates": [ 23.2920749, 42.6943589 ] } },
{ "type": "Feature", "properties": { "NAME": null, "NAME_EN": null, "AMENITY": "cafe", "SHOP": null, "OSM_TYPE": "node", "OSM_ID": 2217959498 }, "geometry": { "type": "Point", "coordinates": [ 23.2880278, 42.7164647 ] } },
{ "type": "Feature", "properties": { "NAME": "Yugo", "NAME_EN": null, "AMENITY": "cafe", "SHOP": null, "OSM_TYPE": "node", "OSM_ID": 2235021867 }, "geometry": { "type": "Point", "coordinates": [ 23.3295873, 42.698403 ] } },
{ "type": "Feature", "properties": { "NAME": "Рибс енд Стикс", "NAME_EN": null, "AMENITY": "restaurant", "SHOP": null, "OSM_TYPE": "node", "OSM_ID": 2235021892 }, "geometry": { "type": "Point", "coordinates": [ 23.3563181, 42.6847682 ] } },
{ "type": "Feature", "properties": { "NAME": "Totem", "NAME_EN": null, "AMENITY": "restaurant", "SHOP": null, "OSM_TYPE": "node", "OSM_ID": 2286581421 }, "geometry": { "type": "Point", "coordinates": [ 23.364433, 42.6689551 ] } },
{ "type": "Feature", "properties": { "NAME": "GyroLand", "NAME_EN": null, "AMENITY": "fast_food", "SHOP": null, "OSM_TYPE": "node", "OSM_ID": 2302289458 }, "geometry": { "type": "Point", "coordinates": [ 23.3428677, 42.6533075 ] } },
{ "type": "Feature", "properties": { "NAME": "Храна за офиса и дома", "NAME_EN": null, "AMENITY": "fast_food", "SHOP": null, "OSM_TYPE": "node", "OSM_ID": 2306189839 }, "geometry": { "type": "Point", "coordinates": [ 23.3113867, 42.7117879 ] } },
{ "type": "Feature", "properties": { "NAME": "кафе клуб", "NAME_EN": null, "AMENITY": "cafe", "SHOP": null, "OSM_TYPE": "node", "OSM_ID": 2306231309 }, "geometry": { "type": "Point", "coordinates": [ 23.2869645, 42.6999142 ] } },
{ "type": "Feature", "properties": { "NAME": "Лазарин", "NAME_EN": null, "AMENITY": "cafe", "SHOP": null, "OSM_TYPE": "node", "OSM_ID": 2306231317 }, "geometry": { "type": "Point", "coordinates": [ 23.2868169, 42.6998275 ] } },
{ "type": "Feature", "properties": { "NAME": "Пицария Кери", "NAME_EN": null, "AMENITY": "restaurant", "SHOP": null, "OSM_TYPE": "node", "OSM_ID": 2308763568 }, "geometry": { "type": "Point", "coordinates": [ 23.2486651, 42.7128131 ] } },
{ "type": "Feature", "properties": { "NAME": "Nourish Well", "NAME_EN": null, "AMENITY": "fast_food", "SHOP": null, "OSM_TYPE": "node", "OSM_ID": 2324139313 }, "geometry": { "type": "Point", "coordinates": [ 23.3847678, 42.6475715 ] } },
{ "type": "Feature", "properties": { "NAME": "Mr. Pizza", "NAME_EN": null, "AMENITY": "restaurant", "SHOP": null, "OSM_TYPE": "node", "OSM_ID": 2325107691 }, "geometry": { "type": "Point", "coordinates": [ 23.3196827, 42.6657973 ] } },
{ "type": "Feature", "properties": { "NAME": "Пицария Адоро", "NAME_EN": "Adoro Pizza", "AMENITY": "restaurant", "SHOP": null, "OSM_TYPE": "node", "OSM_ID": 2362566023 }, "geometry": { "type": "Point", "coordinates": [ 23.2931405, 42.6771665 ] } },
{ "type": "Feature", "properties": { "NAME": "Saloon", "NAME_EN": null, "AMENITY": "restaurant", "SHOP": null, "OSM_TYPE": "node", "OSM_ID": 2367192925 }, "geometry": { "type": "Point", "coordinates": [ 23.2008345, 42.7229476 ] } },
{ "type": "Feature", "properties": { "NAME": "Ecstacy", "NAME_EN": null, "AMENITY": "cafe", "SHOP": null, "OSM_TYPE": "node", "OSM_ID": 2375386094 }, "geometry": { "type": "Point", "coordinates": [ 23.307152, 42.69171 ] } },
{ "type": "Feature", "properties": { "NAME": null, "NAME_EN": null, "AMENITY": "fast_food", "SHOP": null, "OSM_TYPE": "node", "OSM_ID": 2375387687 }, "geometry": { "type": "Point", "coordinates": [ 23.30977, 42.692877 ] } },
{ "type": "Feature", "properties": { "NAME": "Мън Фу Юен", "NAME_EN": "Meng Fu Yuan", "AMENITY": "restaurant", "SHOP": null, "OSM_TYPE": "node", "OSM_ID": 2375390456 }, "geometry": { "type": "Point", "coordinates": [ 23.2951018, 42.6705255 ] } },
{ "type": "Feature", "properties": { "NAME": "Пей сърце", "NAME_EN": null, "AMENITY": "restaurant", "SHOP": null, "OSM_TYPE": "node", "OSM_ID": 2378134892 }, "geometry": { "type": "Point", "coordinates": [ 23.3063954, 42.6860804 ] } },
{ "type": "Feature", "properties": { "NAME": null, "NAME_EN": null, "AMENITY": "fast_food", "SHOP": null, "OSM_TYPE": "node", "OSM_ID": 2378141388 }, "geometry": { "type": "Point", "coordinates": [ 23.3023299, 42.6844701 ] } },
{ "type": "Feature", "properties": { "NAME": "Шънг Лунг", "NAME_EN": null, "AMENITY": "restaurant", "SHOP": null, "OSM_TYPE": "node", "OSM_ID": 2380000408 }, "geometry": { "type": "Point", "coordinates": [ 23.3050707, 42.6969582 ] } },
{ "type": "Feature", "properties": { "NAME": "Carre", "NAME_EN": null, "AMENITY": "restaurant", "SHOP": null, "OSM_TYPE": "node", "OSM_ID": 2380870010 }, "geometry": { "type": "Point", "coordinates": [ 23.348855, 42.6630089 ] } },
{ "type": "Feature", "properties": { "NAME": "McDonald's", "NAME_EN": null, "AMENITY": "fast_food", "SHOP": null, "OSM_TYPE": "node", "OSM_ID": 2385940961 }, "geometry": { "type": "Point", "coordinates": [ 23.3793732, 42.6617115 ] } },
{ "type": "Feature", "properties": { "NAME": "Rosso Fiore", "NAME_EN": null, "AMENITY": "restaurant", "SHOP": null, "OSM_TYPE": "node", "OSM_ID": 2413627163 }, "geometry": { "type": "Point", "coordinates": [ 23.2919644, 42.6740101 ] } },
{ "type": "Feature", "properties": { "NAME": "Petru's", "NAME_EN": null, "AMENITY": "restaurant", "SHOP": null, "OSM_TYPE": "node", "OSM_ID": 2417955440 }, "geometry": { "type": "Point", "coordinates": [ 23.3291117, 42.6777913 ] } },
{ "type": "Feature", "properties": { "NAME": null, "NAME_EN": null, "AMENITY": "cafe", "SHOP": null, "OSM_TYPE": "node", "OSM_ID": 2417963767 }, "geometry": { "type": "Point", "coordinates": [ 23.3455913, 42.6624482 ] } },
{ "type": "Feature", "properties": { "NAME": "Стария чинар", "NAME_EN": null, "AMENITY": "restaurant", "SHOP": null, "OSM_TYPE": "node", "OSM_ID": 2424462366 }, "geometry": { "type": "Point", "coordinates": [ 23.3366681, 42.6991505 ] } },
{ "type": "Feature", "properties": { "NAME": "Happy Bar & Grill", "NAME_EN": null, "AMENITY": "restaurant", "SHOP": null, "OSM_TYPE": "node", "OSM_ID": 2452545460 }, "geometry": { "type": "Point", "coordinates": [ 23.2815474, 42.6668977 ] } },
{ "type": "Feature", "properties": { "NAME": null, "NAME_EN": null, "AMENITY": "cafe", "SHOP": null, "OSM_TYPE": "node", "OSM_ID": 2460528163 }, "geometry": { "type": "Point", "coordinates": [ 23.2702745, 42.65462 ] } },
{ "type": "Feature", "properties": { "NAME": "При Доктора", "NAME_EN": null, "AMENITY": "fast_food", "SHOP": null, "OSM_TYPE": "node", "OSM_ID": 2471907920 }, "geometry": { "type": "Point", "coordinates": [ 23.3379605, 42.7004057 ] } },
{ "type": "Feature", "properties": { "NAME": "Club 303", "NAME_EN": null, "AMENITY": "bar", "SHOP": null, "OSM_TYPE": "node", "OSM_ID": 2498853744 }, "geometry": { "type": "Point", "coordinates": [ 23.2395698, 42.6869936 ] } },
{ "type": "Feature", "properties": { "NAME": null, "NAME_EN": null, "AMENITY": "cafe", "SHOP": null, "OSM_TYPE": "node", "OSM_ID": 2498881392 }, "geometry": { "type": "Point", "coordinates": [ 23.2396034, 42.6857278 ] } },
{ "type": "Feature", "properties": { "NAME": "Спортела", "NAME_EN": null, "AMENITY": "restaurant", "SHOP": null, "OSM_TYPE": "node", "OSM_ID": 2498912423 }, "geometry": { "type": "Point", "coordinates": [ 23.2481154, 42.689738 ] } },
{ "type": "Feature", "properties": { "NAME": "Фантазия", "NAME_EN": null, "AMENITY": "restaurant", "SHOP": null, "OSM_TYPE": "node", "OSM_ID": 2498920432 }, "geometry": { "type": "Point", "coordinates": [ 23.2388436, 42.6868324 ] } },
{ "type": "Feature", "properties": { "NAME": "100 грама сладки", "NAME_EN": null, "AMENITY": "cafe", "SHOP": null, "OSM_TYPE": "node", "OSM_ID": 2530751004 }, "geometry": { "type": "Point", "coordinates": [ 23.3585528, 42.6929539 ] } },
{ "type": "Feature", "properties": { "NAME": "Старата къща", "NAME_EN": null, "AMENITY": "restaurant", "SHOP": null, "OSM_TYPE": "node", "OSM_ID": 2533674608 }, "geometry": { "type": "Point", "coordinates": [ 23.3571614, 42.6935293 ] } },
{ "type": "Feature", "properties": { "NAME": null, "NAME_EN": null, "AMENITY": "fast_food", "SHOP": null, "OSM_TYPE": "node", "OSM_ID": 2537905387 }, "geometry": { "type": "Point", "coordinates": [ 23.3567193, 42.6951725 ] } },
{ "type": "Feature", "properties": { "NAME": "Quickly cafe", "NAME_EN": null, "AMENITY": "cafe", "SHOP": null, "OSM_TYPE": "node", "OSM_ID": 2539606805 }, "geometry": { "type": "Point", "coordinates": [ 23.3564829, 42.6956759 ] } },
{ "type": "Feature", "properties": { "NAME": null, "NAME_EN": null, "AMENITY": "restaurant", "SHOP": null, "OSM_TYPE": "node", "OSM_ID": 2539607185 }, "geometry": { "type": "Point", "coordinates": [ 23.3565395, 42.6955323 ] } },
{ "type": "Feature", "properties": { "NAME": "Дон Вито", "NAME_EN": null, "AMENITY": "restaurant", "SHOP": null, "OSM_TYPE": "node", "OSM_ID": 2558459879 }, "geometry": { "type": "Point", "coordinates": [ 23.2826317, 42.6930733 ] } },
{ "type": "Feature", "properties": { "NAME": "Папийон", "NAME_EN": null, "AMENITY": "fast_food", "SHOP": null, "OSM_TYPE": "node", "OSM_ID": 2560752165 }, "geometry": { "type": "Point", "coordinates": [ 23.3603445, 42.6925037 ] } },
{ "type": "Feature", "properties": { "NAME": "Аристо", "NAME_EN": null, "AMENITY": "restaurant", "SHOP": null, "OSM_TYPE": "node", "OSM_ID": 2562843612 }, "geometry": { "type": "Point", "coordinates": [ 23.3591681, 42.6910293 ] } },
{ "type": "Feature", "properties": { "NAME": null, "NAME_EN": null, "AMENITY": "cafe", "SHOP": null, "OSM_TYPE": "node", "OSM_ID": 2562855908 }, "geometry": { "type": "Point", "coordinates": [ 23.3597126, 42.6908697 ] } },
{ "type": "Feature", "properties": { "NAME": null, "NAME_EN": null, "AMENITY": "fast_food", "SHOP": null, "OSM_TYPE": "node", "OSM_ID": 2562898041 }, "geometry": { "type": "Point", "coordinates": [ 23.3590721, 42.6908375 ] } },
{ "type": "Feature", "properties": { "NAME": null, "NAME_EN": null, "AMENITY": "cafe", "SHOP": null, "OSM_TYPE": "node", "OSM_ID": 2564486065 }, "geometry": { "type": "Point", "coordinates": [ 23.3583433, 42.6883593 ] } },
{ "type": "Feature", "properties": { "NAME": null, "NAME_EN": null, "AMENITY": "restaurant", "SHOP": null, "OSM_TYPE": "node", "OSM_ID": 2566468583 }, "geometry": { "type": "Point", "coordinates": [ 23.3609904, 42.6902527 ] } },
{ "type": "Feature", "properties": { "NAME": "При Гюро", "NAME_EN": null, "AMENITY": "cafe", "SHOP": null, "OSM_TYPE": "node", "OSM_ID": 2567742294 }, "geometry": { "type": "Point", "coordinates": [ 23.360749, 42.6888365 ] } },
{ "type": "Feature", "properties": { "NAME": null, "NAME_EN": null, "AMENITY": "restaurant", "SHOP": null, "OSM_TYPE": "node", "OSM_ID": 2575868082 }, "geometry": { "type": "Point", "coordinates": [ 23.3639628, 42.6905217 ] } },
{ "type": "Feature", "properties": { "NAME": "Механа При Ловците", "NAME_EN": null, "AMENITY": "restaurant", "SHOP": null, "OSM_TYPE": "node", "OSM_ID": 2575873006 }, "geometry": { "type": "Point", "coordinates": [ 23.3643893, 42.6900898 ] } },
{ "type": "Feature", "properties": { "NAME": "Кафене Джой", "NAME_EN": null, "AMENITY": "cafe", "SHOP": null, "OSM_TYPE": "node", "OSM_ID": 2575894403 }, "geometry": { "type": "Point", "coordinates": [ 23.3646441, 42.6899677 ] } },
{ "type": "Feature", "properties": { "NAME": "Inbet", "NAME_EN": null, "AMENITY": "cafe", "SHOP": null, "OSM_TYPE": "node", "OSM_ID": 2575908902 }, "geometry": { "type": "Point", "coordinates": [ 23.3649498, 42.6889424 ] } },
{ "type": "Feature", "properties": { "NAME": "Green Spot caffe", "NAME_EN": null, "AMENITY": "fast_food", "SHOP": null, "OSM_TYPE": "node", "OSM_ID": 2578310129 }, "geometry": { "type": "Point", "coordinates": [ 23.3621924, 42.6861123 ] } },
{ "type": "Feature", "properties": { "NAME": "О!Шипка", "NAME_EN": null, "AMENITY": "restaurant", "SHOP": null, "OSM_TYPE": "node", "OSM_ID": 2586978570 }, "geometry": { "type": "Point", "coordinates": [ 23.327547, 42.6990584 ] } },
{ "type": "Feature", "properties": { "NAME": "При шопите", "NAME_EN": null, "AMENITY": "restaurant", "SHOP": null, "OSM_TYPE": "node", "OSM_ID": 2588726867 }, "geometry": { "type": "Point", "coordinates": [ 23.3256489, 42.6989035 ] } },
{ "type": "Feature", "properties": { "NAME": "БДС", "NAME_EN": null, "AMENITY": "restaurant", "SHOP": null, "OSM_TYPE": "node", "OSM_ID": 2590612476 }, "geometry": { "type": "Point", "coordinates": [ 23.3263426, 42.6925447 ] } },
{ "type": "Feature", "properties": { "NAME": "Raffy", "NAME_EN": null, "AMENITY": "restaurant", "SHOP": null, "OSM_TYPE": "node", "OSM_ID": 2590712888 }, "geometry": { "type": "Point", "coordinates": [ 23.3201019, 42.6931943 ] } },
{ "type": "Feature", "properties": { "NAME": "Wake & Bake Café & Eatery", "NAME_EN": null, "AMENITY": "fast_food", "SHOP": null, "OSM_TYPE": "node", "OSM_ID": 2610748190 }, "geometry": { "type": "Point", "coordinates": [ 23.3112185, 42.6877662 ] } },
{ "type": "Feature", "properties": { "NAME": "Villa Victoria Ловен парк", "NAME_EN": "Villa Victoria Loven Park", "AMENITY": "restaurant", "SHOP": null, "OSM_TYPE": "node", "OSM_ID": 2617238760 }, "geometry": { "type": "Point", "coordinates": [ 23.3401402, 42.6625452 ] } },
{ "type": "Feature", "properties": { "NAME": "Джорджо", "NAME_EN": null, "AMENITY": "restaurant", "SHOP": null, "OSM_TYPE": "node", "OSM_ID": 2619682918 }, "geometry": { "type": "Point", "coordinates": [ 23.3681934, 42.6434295 ] } },
{ "type": "Feature", "properties": { "NAME": "Momo", "NAME_EN": null, "AMENITY": "cafe", "SHOP": null, "OSM_TYPE": "node", "OSM_ID": 2620866380 }, "geometry": { "type": "Point", "coordinates": [ 23.3203458, 42.6851953 ] } },
{ "type": "Feature", "properties": { "NAME": "Мамин Кольо", "NAME_EN": null, "AMENITY": "restaurant", "SHOP": null, "OSM_TYPE": "node", "OSM_ID": 2624509550 }, "geometry": { "type": "Point", "coordinates": [ 23.3156244, 42.6967461 ] } },
{ "type": "Feature", "properties": { "NAME": "Абди Сити", "NAME_EN": null, "AMENITY": "cafe", "SHOP": null, "OSM_TYPE": "node", "OSM_ID": 2626019498 }, "geometry": { "type": "Point", "coordinates": [ 23.423489, 42.664393 ] } },
{ "type": "Feature", "properties": { "NAME": "Гофрети", "NAME_EN": null, "AMENITY": "restaurant", "SHOP": null, "OSM_TYPE": "node", "OSM_ID": 2637252993 }, "geometry": { "type": "Point", "coordinates": [ 23.2435578, 42.720312 ] } },
{ "type": "Feature", "properties": { "NAME": "Vogue bar and dinner", "NAME_EN": null, "AMENITY": "restaurant", "SHOP": null, "OSM_TYPE": "node", "OSM_ID": 2637275057 }, "geometry": { "type": "Point", "coordinates": [ 23.2640562, 42.7143067 ] } },
{ "type": "Feature", "properties": { "NAME": "Don Vito", "NAME_EN": null, "AMENITY": "restaurant", "SHOP": null, "OSM_TYPE": "node", "OSM_ID": 2640131173 }, "geometry": { "type": "Point", "coordinates": [ 23.3810913, 42.6553075 ] } },
{ "type": "Feature", "properties": { "NAME": null, "NAME_EN": null, "AMENITY": "restaurant", "SHOP": null, "OSM_TYPE": "node", "OSM_ID": 2640142513 }, "geometry": { "type": "Point", "coordinates": [ 23.3730147, 42.6609865 ] } },
{ "type": "Feature", "properties": { "NAME": "Pizza Calabria", "NAME_EN": null, "AMENITY": "restaurant", "SHOP": null, "OSM_TYPE": "node", "OSM_ID": 2641611722 }, "geometry": { "type": "Point", "coordinates": [ 23.3009567, 42.6956231 ] } },
{ "type": "Feature", "properties": { "NAME": "Beso Bar & Dinner", "NAME_EN": null, "AMENITY": "restaurant", "SHOP": null, "OSM_TYPE": "node", "OSM_ID": 2642690025 }, "geometry": { "type": "Point", "coordinates": [ 23.2795162, 42.6680573 ] } },
{ "type": "Feature", "properties": { "NAME": "Класико", "NAME_EN": "Classico", "AMENITY": "restaurant", "SHOP": null, "OSM_TYPE": "node", "OSM_ID": 2644451253 }, "geometry": { "type": "Point", "coordinates": [ 23.3416997, 42.6442626 ] } },
{ "type": "Feature", "properties": { "NAME": "Hesburger", "NAME_EN": null, "AMENITY": "fast_food", "SHOP": null, "OSM_TYPE": "node", "OSM_ID": 2644477357 }, "geometry": { "type": "Point", "coordinates": [ 23.3441706, 42.653539 ] } },
{ "type": "Feature", "properties": { "NAME": "Domino's", "NAME_EN": null, "AMENITY": "fast_food", "SHOP": null, "OSM_TYPE": "node", "OSM_ID": 2651679055 }, "geometry": { "type": "Point", "coordinates": [ 23.2489711, 42.7130185 ] } },
{ "type": "Feature", "properties": { "NAME": "Happy Bar & Grill", "NAME_EN": null, "AMENITY": "restaurant", "SHOP": null, "OSM_TYPE": "node", "OSM_ID": 2661398657 }, "geometry": { "type": "Point", "coordinates": [ 23.3263118, 42.6920116 ] } },
{ "type": "Feature", "properties": { "NAME": "Yops", "NAME_EN": null, "AMENITY": "fast_food", "SHOP": null, "OSM_TYPE": "node", "OSM_ID": 2686961069 }, "geometry": { "type": "Point", "coordinates": [ 23.3139174, 42.6571602 ] } },
{ "type": "Feature", "properties": { "NAME": "Mezeto", "NAME_EN": null, "AMENITY": "pub", "SHOP": null, "OSM_TYPE": "node", "OSM_ID": 2691118636 }, "geometry": { "type": "Point", "coordinates": [ 23.3132373, 42.6933938 ] } },
{ "type": "Feature", "properties": { "NAME": "Spaghetti Kitchen", "NAME_EN": null, "AMENITY": "restaurant", "SHOP": null, "OSM_TYPE": "node", "OSM_ID": 2691126894 }, "geometry": { "type": "Point", "coordinates": [ 23.3206111, 42.6960912 ] } },
{ "type": "Feature", "properties": { "NAME": "Александрия", "NAME_EN": null, "AMENITY": "restaurant", "SHOP": null, "OSM_TYPE": "node", "OSM_ID": 2692375469 }, "geometry": { "type": "Point", "coordinates": [ 23.4022902, 42.6856331 ] } },
{ "type": "Feature", "properties": { "NAME": "Ventana", "NAME_EN": null, "AMENITY": "restaurant", "SHOP": null, "OSM_TYPE": "node", "OSM_ID": 2695154298 }, "geometry": { "type": "Point", "coordinates": [ 23.3675498, 42.6662715 ] } },
{ "type": "Feature", "properties": { "NAME": "My Choice", "NAME_EN": null, "AMENITY": "restaurant", "SHOP": null, "OSM_TYPE": "node", "OSM_ID": 2697765505 }, "geometry": { "type": "Point", "coordinates": [ 23.337694, 42.6149969 ] } },
{ "type": "Feature", "properties": { "NAME": "При молива", "NAME_EN": null, "AMENITY": "restaurant", "SHOP": null, "OSM_TYPE": "node", "OSM_ID": 2701411855 }, "geometry": { "type": "Point", "coordinates": [ 23.3654071, 42.6630126 ] } },
{ "type": "Feature", "properties": { "NAME": "Costa", "NAME_EN": null, "AMENITY": "cafe", "SHOP": null, "OSM_TYPE": "node", "OSM_ID": 2702467224 }, "geometry": { "type": "Point", "coordinates": [ 23.4653209, 42.6303821 ] } },
{ "type": "Feature", "properties": { "NAME": "The GIN House", "NAME_EN": null, "AMENITY": "restaurant", "SHOP": null, "OSM_TYPE": "node", "OSM_ID": 2704763676 }, "geometry": { "type": "Point", "coordinates": [ 23.3314341, 42.6915582 ] } },
{ "type": "Feature", "properties": { "NAME": "Ханче \"Шумако\"", "NAME_EN": null, "AMENITY": "restaurant", "SHOP": null, "OSM_TYPE": "node", "OSM_ID": 2706960724 }, "geometry": { "type": "Point", "coordinates": [ 23.3510173, 42.6019392 ] } },
{ "type": "Feature", "properties": { "NAME": "Лазиза Дюнер", "NAME_EN": "Laziza Döner", "AMENITY": "fast_food", "SHOP": null, "OSM_TYPE": "node", "OSM_ID": 2724962008 }, "geometry": { "type": "Point", "coordinates": [ 23.3036051, 42.6696315 ] } },
{ "type": "Feature", "properties": { "NAME": "Go fresh", "NAME_EN": null, "AMENITY": "fast_food", "SHOP": null, "OSM_TYPE": "node", "OSM_ID": 2806940673 }, "geometry": { "type": "Point", "coordinates": [ 23.3125856, 42.6982562 ] } },
{ "type": "Feature", "properties": { "NAME": "Meat the Greeks", "NAME_EN": null, "AMENITY": "restaurant", "SHOP": null, "OSM_TYPE": "node", "OSM_ID": 2868691486 }, "geometry": { "type": "Point", "coordinates": [ 23.3215437, 42.6942622 ] } },
{ "type": "Feature", "properties": { "NAME": "Ствфанович", "NAME_EN": null, "AMENITY": "restaurant", "SHOP": null, "OSM_TYPE": "node", "OSM_ID": 2876580712 }, "geometry": { "type": "Point", "coordinates": [ 23.3189448, 42.6685027 ] } },
{ "type": "Feature", "properties": { "NAME": "Stani's place", "NAME_EN": null, "AMENITY": "restaurant", "SHOP": null, "OSM_TYPE": "node", "OSM_ID": 2894923680 }, "geometry": { "type": "Point", "coordinates": [ 23.4156176, 42.6634639 ] } },
{ "type": "Feature", "properties": { "NAME": "Art Club", "NAME_EN": null, "AMENITY": "bar", "SHOP": null, "OSM_TYPE": "node", "OSM_ID": 2902654250 }, "geometry": { "type": "Point", "coordinates": [ 23.3393279, 42.6902288 ] } },
{ "type": "Feature", "properties": { "NAME": "Царевецъ", "NAME_EN": null, "AMENITY": "restaurant", "SHOP": null, "OSM_TYPE": "node", "OSM_ID": 2902729075 }, "geometry": { "type": "Point", "coordinates": [ 23.3421544, 42.6896045 ] } },
{ "type": "Feature", "properties": { "NAME": "Pizza Don Vito", "NAME_EN": "Pizza Don Vito", "AMENITY": "restaurant", "SHOP": null, "OSM_TYPE": "node", "OSM_ID": 2902881665 }, "geometry": { "type": "Point", "coordinates": [ 23.3428093, 42.6894615 ] } },
{ "type": "Feature", "properties": { "NAME": null, "NAME_EN": "Soup House", "AMENITY": "cafe", "SHOP": null, "OSM_TYPE": "node", "OSM_ID": 2910142437 }, "geometry": { "type": "Point", "coordinates": [ 23.3161787, 42.6923958 ] } },
{ "type": "Feature", "properties": { "NAME": "Париж", "NAME_EN": null, "AMENITY": "cafe", "SHOP": null, "OSM_TYPE": "node", "OSM_ID": 2910162102 }, "geometry": { "type": "Point", "coordinates": [ 23.3157054, 42.6940591 ] } },
{ "type": "Feature", "properties": { "NAME": "Coyote", "NAME_EN": null, "AMENITY": "cafe", "SHOP": null, "OSM_TYPE": "node", "OSM_ID": 2910167009 }, "geometry": { "type": "Point", "coordinates": [ 23.3165216, 42.6934182 ] } },
{ "type": "Feature", "properties": { "NAME": "Книжарница-кафе \"Защо не?\"", "NAME_EN": null, "AMENITY": "cafe", "SHOP": "books", "OSM_TYPE": "node", "OSM_ID": 2910991034 }, "geometry": { "type": "Point", "coordinates": [ 23.3169428, 42.693106 ] } },
{ "type": "Feature", "properties": { "NAME": "Бумеранг", "NAME_EN": null, "AMENITY": "cafe", "SHOP": null, "OSM_TYPE": "node", "OSM_ID": 2911969668 }, "geometry": { "type": "Point", "coordinates": [ 23.3169715, 42.6902452 ] } },
{ "type": "Feature", "properties": { "NAME": "Wonderland", "NAME_EN": null, "AMENITY": "bar", "SHOP": null, "OSM_TYPE": "node", "OSM_ID": 2912042839 }, "geometry": { "type": "Point", "coordinates": [ 23.3177437, 42.6909707 ] } },
{ "type": "Feature", "properties": { "NAME": "Papous Tsipouradiko", "NAME_EN": null, "AMENITY": "bar", "SHOP": null, "OSM_TYPE": "node", "OSM_ID": 2912075670 }, "geometry": { "type": "Point", "coordinates": [ 23.318503, 42.6916326 ] } },
{ "type": "Feature", "properties": { "NAME": "Seven", "NAME_EN": null, "AMENITY": "bar", "SHOP": null, "OSM_TYPE": "node", "OSM_ID": 2912508768 }, "geometry": { "type": "Point", "coordinates": [ 23.3176287, 42.6923153 ] } },
{ "type": "Feature", "properties": { "NAME": "J.J. Murphy’s", "NAME_EN": null, "AMENITY": "pub", "SHOP": null, "OSM_TYPE": "node", "OSM_ID": 2912518609 }, "geometry": { "type": "Point", "coordinates": [ 23.3185554, 42.6934721 ] } },
{ "type": "Feature", "properties": { "NAME": "Пасторант", "NAME_EN": null, "AMENITY": "restaurant", "SHOP": null, "OSM_TYPE": "node", "OSM_ID": 2912523701 }, "geometry": { "type": "Point", "coordinates": [ 23.318984, 42.6933313 ] } },
{ "type": "Feature", "properties": { "NAME": "Baskerville", "NAME_EN": null, "AMENITY": "bar", "SHOP": null, "OSM_TYPE": "node", "OSM_ID": 2912541949 }, "geometry": { "type": "Point", "coordinates": [ 23.3186521, 42.6940747 ] } },
{ "type": "Feature", "properties": { "NAME": "The Sushi Bar", "NAME_EN": null, "AMENITY": "restaurant", "SHOP": null, "OSM_TYPE": "node", "OSM_ID": 2912565486 }, "geometry": { "type": "Point", "coordinates": [ 23.3188342, 42.6940429 ] } },
{ "type": "Feature", "properties": { "NAME": "Coda", "NAME_EN": null, "AMENITY": "bar", "SHOP": null, "OSM_TYPE": "node", "OSM_ID": 2912710603 }, "geometry": { "type": "Point", "coordinates": [ 23.3190705, 42.6946385 ] } },
{ "type": "Feature", "properties": { "NAME": "Бирария \"1516\"", "NAME_EN": null, "AMENITY": "pub", "SHOP": null, "OSM_TYPE": "node", "OSM_ID": 2912723284 }, "geometry": { "type": "Point", "coordinates": [ 23.3194176, 42.6947607 ] } },
{ "type": "Feature", "properties": { "NAME": "Coffee Fellows", "NAME_EN": null, "AMENITY": "cafe", "SHOP": null, "OSM_TYPE": "node", "OSM_ID": 2912778563 }, "geometry": { "type": "Point", "coordinates": [ 23.3191052, 42.6899954 ] } },
{ "type": "Feature", "properties": { "NAME": "Vitosha Street", "NAME_EN": null, "AMENITY": "cafe", "SHOP": null, "OSM_TYPE": "node", "OSM_ID": 2912783201 }, "geometry": { "type": "Point", "coordinates": [ 23.320409, 42.6942146 ] } },
{ "type": "Feature", "properties": { "NAME": "Sofia bar & dinner", "NAME_EN": null, "AMENITY": "bar", "SHOP": null, "OSM_TYPE": "node", "OSM_ID": 2912788061 }, "geometry": { "type": "Point", "coordinates": [ 23.3208347, 42.6942108 ] } },
{ "type": "Feature", "properties": { "NAME": "Wok to Walk", "NAME_EN": null, "AMENITY": "fast_food", "SHOP": null, "OSM_TYPE": "node", "OSM_ID": 2912788062 }, "geometry": { "type": "Point", "coordinates": [ 23.3204831, 42.6944307 ] } },
{ "type": "Feature", "properties": { "NAME": "Сладоледи Afreddo", "NAME_EN": null, "AMENITY": "ice_cream", "SHOP": null, "OSM_TYPE": "node", "OSM_ID": 2912844104 }, "geometry": { "type": "Point", "coordinates": [ 23.3202918, 42.6937618 ] } },
{ "type": "Feature", "properties": { "NAME": "Memento", "NAME_EN": null, "AMENITY": "cafe", "SHOP": null, "OSM_TYPE": "node", "OSM_ID": 2913294862 }, "geometry": { "type": "Point", "coordinates": [ 23.3197474, 42.6920809 ] } },
{ "type": "Feature", "properties": { "NAME": "Lavele Garden", "NAME_EN": null, "AMENITY": "restaurant", "SHOP": null, "OSM_TYPE": "node", "OSM_ID": 2913324119 }, "geometry": { "type": "Point", "coordinates": [ 23.3196195, 42.6918985 ] } },
{ "type": "Feature", "properties": { "NAME": "Pizza Roma", "NAME_EN": null, "AMENITY": "restaurant", "SHOP": null, "OSM_TYPE": "node", "OSM_ID": 2914115724 }, "geometry": { "type": "Point", "coordinates": [ 23.3188618, 42.6913601 ] } },
{ "type": "Feature", "properties": { "NAME": "Streetbar & Co.", "NAME_EN": null, "AMENITY": "bar", "SHOP": null, "OSM_TYPE": "node", "OSM_ID": 2914145486 }, "geometry": { "type": "Point", "coordinates": [ 23.3194071, 42.6909915 ] } },
{ "type": "Feature", "properties": { "NAME": "Добро", "NAME_EN": "Dobro", "AMENITY": "restaurant", "SHOP": null, "OSM_TYPE": "node", "OSM_ID": 2914151571 }, "geometry": { "type": "Point", "coordinates": [ 23.3185734, 42.6910803 ] } },
{ "type": "Feature", "properties": { "NAME": "Senior Burrito", "NAME_EN": null, "AMENITY": "fast_food", "SHOP": null, "OSM_TYPE": "node", "OSM_ID": 2914215215 }, "geometry": { "type": "Point", "coordinates": [ 23.3192407, 42.6904707 ] } },
{ "type": "Feature", "properties": { "NAME": "Gelateria Italiana", "NAME_EN": null, "AMENITY": "ice_cream", "SHOP": null, "OSM_TYPE": "node", "OSM_ID": 2914448605 }, "geometry": { "type": "Point", "coordinates": [ 23.3189599, 42.6895864 ] } },
{ "type": "Feature", "properties": { "NAME": "Garden House", "NAME_EN": null, "AMENITY": "restaurant", "SHOP": null, "OSM_TYPE": "node", "OSM_ID": 2915068949 }, "geometry": { "type": "Point", "coordinates": [ 23.3194856, 42.689105 ] } },
{ "type": "Feature", "properties": { "NAME": "Franco's", "NAME_EN": null, "AMENITY": "restaurant", "SHOP": null, "OSM_TYPE": "node", "OSM_ID": 2915077197 }, "geometry": { "type": "Point", "coordinates": [ 23.3196512, 42.6897296 ] } },
{ "type": "Feature", "properties": { "NAME": "Ale House", "NAME_EN": null, "AMENITY": "pub", "SHOP": null, "OSM_TYPE": "node", "OSM_ID": 2916021369 }, "geometry": { "type": "Point", "coordinates": [ 23.3204954, 42.6900767 ] } },
{ "type": "Feature", "properties": { "NAME": "Osteria Tartufo", "NAME_EN": null, "AMENITY": "restaurant", "SHOP": null, "OSM_TYPE": "node", "OSM_ID": 2916103482 }, "geometry": { "type": "Point", "coordinates": [ 23.3205483, 42.6911333 ] } },
{ "type": "Feature", "properties": { "NAME": "Caligo", "NAME_EN": null, "AMENITY": "bar", "SHOP": null, "OSM_TYPE": "node", "OSM_ID": 2916105578 }, "geometry": { "type": "Point", "coordinates": [ 23.3205792, 42.6913226 ] } },
{ "type": "Feature", "properties": { "NAME": "Green Bar", "NAME_EN": null, "AMENITY": "bar", "SHOP": null, "OSM_TYPE": "node", "OSM_ID": 2918345864 }, "geometry": { "type": "Point", "coordinates": [ 23.3198726, 42.6909679 ] } },
{ "type": "Feature", "properties": { "NAME": "Уго", "NAME_EN": "Ugo", "AMENITY": "restaurant", "SHOP": null, "OSM_TYPE": "node", "OSM_ID": 2918379080 }, "geometry": { "type": "Point", "coordinates": [ 23.3201603, 42.6916633 ] } },
{ "type": "Feature", "properties": { "NAME": "Constantinoff", "NAME_EN": null, "AMENITY": "bar", "SHOP": null, "OSM_TYPE": "node", "OSM_ID": 2918444635 }, "geometry": { "type": "Point", "coordinates": [ 23.320481, 42.6930493 ] } },
{ "type": "Feature", "properties": { "NAME": "Хаджидрагановите изби", "NAME_EN": "Hadjidraganov's Cellars", "AMENITY": "restaurant", "SHOP": null, "OSM_TYPE": "node", "OSM_ID": 2918462703 }, "geometry": { "type": "Point", "coordinates": [ 23.3210994, 42.6929184 ] } },
{ "type": "Feature", "properties": { "NAME": "Cactus", "NAME_EN": null, "AMENITY": "restaurant", "SHOP": null, "OSM_TYPE": "node", "OSM_ID": 2918463729 }, "geometry": { "type": "Point", "coordinates": [ 23.3210641, 42.6927501 ] } },
{ "type": "Feature", "properties": { "NAME": "bar.bites", "NAME_EN": null, "AMENITY": "restaurant", "SHOP": null, "OSM_TYPE": "node", "OSM_ID": 2919472049 }, "geometry": { "type": "Point", "coordinates": [ 23.3220444, 42.6920504 ] } },
{ "type": "Feature", "properties": { "NAME": "Raffy", "NAME_EN": null, "AMENITY": "restaurant", "SHOP": null, "OSM_TYPE": "node", "OSM_ID": 2919492355 }, "geometry": { "type": "Point", "coordinates": [ 23.3224286, 42.6920426 ] } },
{ "type": "Feature", "properties": { "NAME": "Bistro Pesto", "NAME_EN": null, "AMENITY": "restaurant", "SHOP": null, "OSM_TYPE": "node", "OSM_ID": 2919492356 }, "geometry": { "type": "Point", "coordinates": [ 23.3220553, 42.691851 ] } },
{ "type": "Feature", "properties": { "NAME": "Daro", "NAME_EN": null, "AMENITY": "cafe", "SHOP": null, "OSM_TYPE": "node", "OSM_ID": 2919505570 }, "geometry": { "type": "Point", "coordinates": [ 23.3220191, 42.691507 ] } },
{ "type": "Feature", "properties": { "NAME": "McDonald's", "NAME_EN": null, "AMENITY": "fast_food", "SHOP": null, "OSM_TYPE": "node", "OSM_ID": 2919517679 }, "geometry": { "type": "Point", "coordinates": [ 23.3239967, 42.6919161 ] } },
{ "type": "Feature", "properties": { "NAME": "Уго", "NAME_EN": null, "AMENITY": "restaurant", "SHOP": null, "OSM_TYPE": "node", "OSM_ID": 2919529237 }, "geometry": { "type": "Point", "coordinates": [ 23.3236513, 42.6914593 ] } },
{ "type": "Feature", "properties": { "NAME": "The Cocktail Bar", "NAME_EN": null, "AMENITY": "bar", "SHOP": null, "OSM_TYPE": "node", "OSM_ID": 2920068096 }, "geometry": { "type": "Point", "coordinates": [ 23.3223424, 42.6922439 ] } },
{ "type": "Feature", "properties": { "NAME": "Corgi's Cafe-Food-Bar", "NAME_EN": null, "AMENITY": "cafe", "SHOP": null, "OSM_TYPE": "node", "OSM_ID": 2920169479 }, "geometry": { "type": "Point", "coordinates": [ 23.3214609, 42.6939548 ] } },
{ "type": "Feature", "properties": { "NAME": "Martines", "NAME_EN": null, "AMENITY": "cafe", "SHOP": null, "OSM_TYPE": "node", "OSM_ID": 2920170500 }, "geometry": { "type": "Point", "coordinates": [ 23.3218497, 42.6944284 ] } },
{ "type": "Feature", "properties": { "NAME": "Momo", "NAME_EN": null, "AMENITY": "fast_food", "SHOP": null, "OSM_TYPE": "node", "OSM_ID": 2920189641 }, "geometry": { "type": "Point", "coordinates": [ 23.3223854, 42.6938817 ] } },
{ "type": "Feature", "properties": { "NAME": "Rock 'n Rolla", "NAME_EN": null, "AMENITY": "bar", "SHOP": null, "OSM_TYPE": "node", "OSM_ID": 2921147815 }, "geometry": { "type": "Point", "coordinates": [ 23.3225461, 42.6944292 ] } },
{ "type": "Feature", "properties": { "NAME": "Лампата", "NAME_EN": null, "AMENITY": "restaurant", "SHOP": null, "OSM_TYPE": "node", "OSM_ID": 2921150161 }, "geometry": { "type": "Point", "coordinates": [ 23.321546, 42.690165 ] } },
{ "type": "Feature", "properties": { "NAME": "Fantastic Food", "NAME_EN": null, "AMENITY": "fast_food", "SHOP": null, "OSM_TYPE": "node", "OSM_ID": 2923434101 }, "geometry": { "type": "Point", "coordinates": [ 23.3234779, 42.7043345 ] } },
{ "type": "Feature", "properties": { "NAME": "Ikram", "NAME_EN": null, "AMENITY": "restaurant", "SHOP": null, "OSM_TYPE": "node", "OSM_ID": 2923450401 }, "geometry": { "type": "Point", "coordinates": [ 23.3222798, 42.7004236 ] } },
{ "type": "Feature", "properties": { "NAME": "Мамин Кольо", "NAME_EN": null, "AMENITY": "restaurant", "SHOP": null, "OSM_TYPE": "node", "OSM_ID": 2924272801 }, "geometry": { "type": "Point", "coordinates": [ 23.2958544, 42.6840051 ] } },
{ "type": "Feature", "properties": { "NAME": "Kuzina", "NAME_EN": null, "AMENITY": "restaurant", "SHOP": null, "OSM_TYPE": "node", "OSM_ID": 2930764201 }, "geometry": { "type": "Point", "coordinates": [ 23.3215198, 42.6893374 ] } },
{ "type": "Feature", "properties": { "NAME": "Cafe 44", "NAME_EN": null, "AMENITY": "restaurant", "SHOP": null, "OSM_TYPE": "node", "OSM_ID": 2930775895 }, "geometry": { "type": "Point", "coordinates": [ 23.3209289, 42.6899607 ] } },
{ "type": "Feature", "properties": { "NAME": "Teos bar", "NAME_EN": null, "AMENITY": "cafe", "SHOP": null, "OSM_TYPE": "node", "OSM_ID": 2932603242 }, "geometry": { "type": "Point", "coordinates": [ 23.3219092, 42.6896083 ] } },
{ "type": "Feature", "properties": { "NAME": "Annette", "NAME_EN": "Annette Maroccan Restaurant", "AMENITY": "restaurant", "SHOP": null, "OSM_TYPE": "node", "OSM_ID": 2932624982 }, "geometry": { "type": "Point", "coordinates": [ 23.3220433, 42.6903517 ] } },
{ "type": "Feature", "properties": { "NAME": "Izbata 2", "NAME_EN": null, "AMENITY": "restaurant", "SHOP": null, "OSM_TYPE": "node", "OSM_ID": 2934026456 }, "geometry": { "type": "Point", "coordinates": [ 23.3232546, 42.6911278 ] } },
{ "type": "Feature", "properties": { "NAME": "Дивака", "NAME_EN": null, "AMENITY": "restaurant", "SHOP": null, "OSM_TYPE": "node", "OSM_ID": 2934032371 }, "geometry": { "type": "Point", "coordinates": [ 23.3224714, 42.6911674 ] } },
{ "type": "Feature", "properties": { "NAME": "Niko'las", "NAME_EN": null, "AMENITY": "restaurant", "SHOP": null, "OSM_TYPE": "node", "OSM_ID": 2934789714 }, "geometry": { "type": "Point", "coordinates": [ 23.3226964, 42.692004 ] } },
{ "type": "Feature", "properties": { "NAME": "Дупката", "NAME_EN": null, "AMENITY": "bar", "SHOP": null, "OSM_TYPE": "node", "OSM_ID": 2934794198 }, "geometry": { "type": "Point", "coordinates": [ 23.3235687, 42.6925613 ] } },
{ "type": "Feature", "properties": { "NAME": "Виктория", "NAME_EN": "Victoria", "AMENITY": "restaurant", "SHOP": null, "OSM_TYPE": "node", "OSM_ID": 2936557998 }, "geometry": { "type": "Point", "coordinates": [ 23.3300885, 42.6951341 ] } },
{ "type": "Feature", "properties": { "NAME": "Kanaal", "NAME_EN": null, "AMENITY": "bar", "SHOP": null, "OSM_TYPE": "node", "OSM_ID": 2936560152 }, "geometry": { "type": "Point", "coordinates": [ 23.347275, 42.6959028 ] } },
{ "type": "Feature", "properties": { "NAME": "120ска", "NAME_EN": "120ska", "AMENITY": "bar", "SHOP": null, "OSM_TYPE": "node", "OSM_ID": 2979066403 }, "geometry": { "type": "Point", "coordinates": [ 23.3725373, 42.647392 ] } },
{ "type": "Feature", "properties": { "NAME": null, "NAME_EN": null, "AMENITY": "fast_food", "SHOP": null, "OSM_TYPE": "node", "OSM_ID": 2987238430 }, "geometry": { "type": "Point", "coordinates": [ 23.3415633, 42.6604935 ] } },
{ "type": "Feature", "properties": { "NAME": "Roderic", "NAME_EN": null, "AMENITY": "bar", "SHOP": null, "OSM_TYPE": "node", "OSM_ID": 2992234406 }, "geometry": { "type": "Point", "coordinates": [ 23.3286866, 42.6902086 ] } },
{ "type": "Feature", "properties": { "NAME": "Манастирска Магерница", "NAME_EN": "Manastirska Magernitsa", "AMENITY": "restaurant", "SHOP": null, "OSM_TYPE": "node", "OSM_ID": 3007629877 }, "geometry": { "type": "Point", "coordinates": [ 23.3246, 42.6893428 ] } },
{ "type": "Feature", "properties": { "NAME": "Starbucks", "NAME_EN": null, "AMENITY": "cafe", "SHOP": null, "OSM_TYPE": "node", "OSM_ID": 3011611339 }, "geometry": { "type": "Point", "coordinates": [ 23.3215039, 42.6861238 ] } },
{ "type": "Feature", "properties": { "NAME": "При Орлите", "NAME_EN": null, "AMENITY": "restaurant", "SHOP": null, "OSM_TYPE": "node", "OSM_ID": 3016618977 }, "geometry": { "type": "Point", "coordinates": [ 23.3252195, 42.6937277 ] } },
{ "type": "Feature", "properties": { "NAME": "Forest Cafe", "NAME_EN": null, "AMENITY": "cafe", "SHOP": null, "OSM_TYPE": "node", "OSM_ID": 3016622518 }, "geometry": { "type": "Point", "coordinates": [ 23.3291368, 42.6695349 ] } },
{ "type": "Feature", "properties": { "NAME": "Lege", "NAME_EN": null, "AMENITY": "bar", "SHOP": null, "OSM_TYPE": "node", "OSM_ID": 3019206155 }, "geometry": { "type": "Point", "coordinates": [ 23.3235027, 42.6954437 ] } },
{ "type": "Feature", "properties": { "NAME": "Grand Café", "NAME_EN": null, "AMENITY": "cafe", "SHOP": null, "OSM_TYPE": "node", "OSM_ID": 3019206157 }, "geometry": { "type": "Point", "coordinates": [ 23.3247834, 42.6943152 ] } },
{ "type": "Feature", "properties": { "NAME": "Чекпойнт Чарли", "NAME_EN": "Checkpoint Charly", "AMENITY": "restaurant", "SHOP": null, "OSM_TYPE": "node", "OSM_ID": 3019210968 }, "geometry": { "type": "Point", "coordinates": [ 23.3277671, 42.6928486 ] } },
{ "type": "Feature", "properties": { "NAME": "Жул Верн", "NAME_EN": null, "AMENITY": "bar", "SHOP": null, "OSM_TYPE": "node", "OSM_ID": 3019220124 }, "geometry": { "type": "Point", "coordinates": [ 23.3284539, 42.6938046 ] } },
{ "type": "Feature", "properties": { "NAME": "Бистро Дървеното", "NAME_EN": null, "AMENITY": "restaurant", "SHOP": null, "OSM_TYPE": "node", "OSM_ID": 3020078738 }, "geometry": { "type": "Point", "coordinates": [ 23.3602422, 42.7028362 ] } },
{ "type": "Feature", "properties": { "NAME": "The Irish Harp", "NAME_EN": null, "AMENITY": "pub", "SHOP": null, "OSM_TYPE": "node", "OSM_ID": 3021098136 }, "geometry": { "type": "Point", "coordinates": [ 23.3198442, 42.696494 ] } },
{ "type": "Feature", "properties": { "NAME": "Халбите", "NAME_EN": null, "AMENITY": "pub", "SHOP": null, "OSM_TYPE": "node", "OSM_ID": 3021273930 }, "geometry": { "type": "Point", "coordinates": [ 23.3168245, 42.6955805 ] } },
{ "type": "Feature", "properties": { "NAME": "Green Deli Cafe", "NAME_EN": null, "AMENITY": "cafe", "SHOP": null, "OSM_TYPE": "node", "OSM_ID": 3022268400 }, "geometry": { "type": "Point", "coordinates": [ 23.3177095, 42.6971596 ] } },
{ "type": "Feature", "properties": { "NAME": "Гурманова тайна", "NAME_EN": null, "AMENITY": "restaurant", "SHOP": null, "OSM_TYPE": "node", "OSM_ID": 3022275278 }, "geometry": { "type": "Point", "coordinates": [ 23.3179068, 42.6971242 ] } },
{ "type": "Feature", "properties": { "NAME": "Subway", "NAME_EN": null, "AMENITY": "fast_food", "SHOP": null, "OSM_TYPE": "node", "OSM_ID": 3022275279 }, "geometry": { "type": "Point", "coordinates": [ 23.3180382, 42.697075 ] } },
{ "type": "Feature", "properties": { "NAME": "Mr. Gyros", "NAME_EN": null, "AMENITY": "fast_food", "SHOP": null, "OSM_TYPE": "node", "OSM_ID": 3022368766 }, "geometry": { "type": "Point", "coordinates": [ 23.3176311, 42.696964 ] } },
{ "type": "Feature", "properties": { "NAME": "Versus", "NAME_EN": null, "AMENITY": "bar", "SHOP": null, "OSM_TYPE": "node", "OSM_ID": 3022368769 }, "geometry": { "type": "Point", "coordinates": [ 23.3178366, 42.696899 ] } },
{ "type": "Feature", "properties": { "NAME": "Morgan's Bar", "NAME_EN": null, "AMENITY": "bar", "SHOP": null, "OSM_TYPE": "node", "OSM_ID": 3022431898 }, "geometry": { "type": "Point", "coordinates": [ 23.3170771, 42.6972122 ] } },
{ "type": "Feature", "properties": { "NAME": "The Black Lodge", "NAME_EN": null, "AMENITY": "bar", "SHOP": null, "OSM_TYPE": "node", "OSM_ID": 3022436361 }, "geometry": { "type": "Point", "coordinates": [ 23.3173392, 42.6976107 ] } },
{ "type": "Feature", "properties": { "NAME": "Авразия", "NAME_EN": null, "AMENITY": "restaurant", "SHOP": null, "OSM_TYPE": "node", "OSM_ID": 3025793568 }, "geometry": { "type": "Point", "coordinates": [ 23.3153104, 42.6941084 ] } },
{ "type": "Feature", "properties": { "NAME": "Бешамел", "NAME_EN": null, "AMENITY": "restaurant", "SHOP": null, "OSM_TYPE": "node", "OSM_ID": 3027146720 }, "geometry": { "type": "Point", "coordinates": [ 23.3142725, 42.6915298 ] } },
{ "type": "Feature", "properties": { "NAME": "India House", "NAME_EN": null, "AMENITY": "restaurant", "SHOP": null, "OSM_TYPE": "node", "OSM_ID": 3028739197 }, "geometry": { "type": "Point", "coordinates": [ 23.3146297, 42.6903892 ] } },
{ "type": "Feature", "properties": { "NAME": "Прага 18", "NAME_EN": "Praga 18", "AMENITY": "bar", "SHOP": null, "OSM_TYPE": "node", "OSM_ID": 3030669548 }, "geometry": { "type": "Point", "coordinates": [ 23.3120216, 42.6886491 ] } },
{ "type": "Feature", "properties": { "NAME": "Sushi Express", "NAME_EN": null, "AMENITY": "restaurant", "SHOP": null, "OSM_TYPE": "node", "OSM_ID": 3030673605 }, "geometry": { "type": "Point", "coordinates": [ 23.3121075, 42.6883448 ] } },
{ "type": "Feature", "properties": { "NAME": "Khaola Sara foodз", "NAME_EN": null, "AMENITY": "restaurant", "SHOP": null, "OSM_TYPE": "node", "OSM_ID": 3032594119 }, "geometry": { "type": "Point", "coordinates": [ 23.3117772, 42.6869655 ] } },
{ "type": "Feature", "properties": { "NAME": "3 oz. bar", "NAME_EN": null, "AMENITY": "bar", "SHOP": null, "OSM_TYPE": "node", "OSM_ID": 3035725679 }, "geometry": { "type": "Point", "coordinates": [ 23.3220992, 42.6862595 ] } },
{ "type": "Feature", "properties": { "NAME": "Vita rama", "NAME_EN": null, "AMENITY": "restaurant", "SHOP": null, "OSM_TYPE": "node", "OSM_ID": 3035725681 }, "geometry": { "type": "Point", "coordinates": [ 23.3216539, 42.6853182 ] } },
{ "type": "Feature", "properties": { "NAME": "Manzo", "NAME_EN": null, "AMENITY": "restaurant", "SHOP": null, "OSM_TYPE": "node", "OSM_ID": 3035730812 }, "geometry": { "type": "Point", "coordinates": [ 23.3230491, 42.6858879 ] } },
{ "type": "Feature", "properties": { "NAME": "By the Way", "NAME_EN": null, "AMENITY": "restaurant", "SHOP": null, "OSM_TYPE": "node", "OSM_ID": 3035730813 }, "geometry": { "type": "Point", "coordinates": [ 23.322652, 42.6864966 ] } },
{ "type": "Feature", "properties": { "NAME": "Пицария Бурано", "NAME_EN": "Pizza Burano", "AMENITY": "restaurant", "SHOP": null, "OSM_TYPE": "node", "OSM_ID": 3035743282 }, "geometry": { "type": "Point", "coordinates": [ 23.3229426, 42.6844883 ] } },
{ "type": "Feature", "properties": { "NAME": "Pizza@home", "NAME_EN": null, "AMENITY": "restaurant", "SHOP": null, "OSM_TYPE": "node", "OSM_ID": 3035743283 }, "geometry": { "type": "Point", "coordinates": [ 23.3233, 42.6847058 ] } },
{ "type": "Feature", "properties": { "NAME": "Motto", "NAME_EN": null, "AMENITY": "restaurant", "SHOP": null, "OSM_TYPE": "node", "OSM_ID": 3038829154 }, "geometry": { "type": "Point", "coordinates": [ 23.3301366, 42.6936705 ] } },
{ "type": "Feature", "properties": { "NAME": "Кафе-галерия Synthesis", "NAME_EN": null, "AMENITY": "cafe", "SHOP": null, "OSM_TYPE": "node", "OSM_ID": 3040119376 }, "geometry": { "type": "Point", "coordinates": [ 23.3294992, 42.6888657 ] } },
{ "type": "Feature", "properties": { "NAME": "Mr. Pizza", "NAME_EN": null, "AMENITY": "restaurant", "SHOP": null, "OSM_TYPE": "node", "OSM_ID": 3040125597 }, "geometry": { "type": "Point", "coordinates": [ 23.3292608, 42.6886455 ] } },
{ "type": "Feature", "properties": { "NAME": "Бистро Любимото", "NAME_EN": "Bistro Lyubimoto", "AMENITY": "restaurant", "SHOP": null, "OSM_TYPE": "node", "OSM_ID": 3040127761 }, "geometry": { "type": "Point", "coordinates": [ 23.329245, 42.6894355 ] } },
{ "type": "Feature", "properties": { "NAME": "Мамма Миа", "NAME_EN": null, "AMENITY": "restaurant", "SHOP": null, "OSM_TYPE": "node", "OSM_ID": 3040132420 }, "geometry": { "type": "Point", "coordinates": [ 23.3280345, 42.6894897 ] } },
{ "type": "Feature", "properties": { "NAME": "Namos", "NAME_EN": null, "AMENITY": "restaurant", "SHOP": null, "OSM_TYPE": "node", "OSM_ID": 3040134318 }, "geometry": { "type": "Point", "coordinates": [ 23.3281724, 42.6902241 ] } },
{ "type": "Feature", "properties": { "NAME": "Minibar", "NAME_EN": null, "AMENITY": "bar", "SHOP": null, "OSM_TYPE": "node", "OSM_ID": 3040139081 }, "geometry": { "type": "Point", "coordinates": [ 23.3299491, 42.6906524 ] } },
{ "type": "Feature", "properties": { "NAME": "Yum", "NAME_EN": null, "AMENITY": "restaurant", "SHOP": null, "OSM_TYPE": "node", "OSM_ID": 3040141858 }, "geometry": { "type": "Point", "coordinates": [ 23.3291533, 42.6909107 ] } },
{ "type": "Feature", "properties": { "NAME": "Thin Red Line", "NAME_EN": null, "AMENITY": "bar", "SHOP": null, "OSM_TYPE": "node", "OSM_ID": 3046464566 }, "geometry": { "type": "Point", "coordinates": [ 23.3052025, 42.6970146 ] } },
{ "type": "Feature", "properties": { "NAME": "Burrata Italiana", "NAME_EN": null, "AMENITY": "restaurant", "SHOP": null, "OSM_TYPE": "node", "OSM_ID": 3062912693 }, "geometry": { "type": "Point", "coordinates": [ 23.3188182, 42.6717942 ] } },
{ "type": "Feature", "properties": { "NAME": "Гуркха", "NAME_EN": "Gurkha", "AMENITY": "restaurant", "SHOP": null, "OSM_TYPE": "node", "OSM_ID": 3063061179 }, "geometry": { "type": "Point", "coordinates": [ 23.3152369, 42.6732007 ] } },
{ "type": "Feature", "properties": { "NAME": "Emesa", "NAME_EN": null, "AMENITY": "restaurant", "SHOP": null, "OSM_TYPE": "node", "OSM_ID": 3063077347 }, "geometry": { "type": "Point", "coordinates": [ 23.3184283, 42.6752395 ] } },
{ "type": "Feature", "properties": { "NAME": "Немска бирария Фенерите", "NAME_EN": "The Lanterns German Alehouse", "AMENITY": "restaurant", "SHOP": null, "OSM_TYPE": "node", "OSM_ID": 3063160276 }, "geometry": { "type": "Point", "coordinates": [ 23.3110138, 42.6731868 ] } },
{ "type": "Feature", "properties": { "NAME": null, "NAME_EN": null, "AMENITY": "restaurant", "SHOP": null, "OSM_TYPE": "node", "OSM_ID": 3063298405 }, "geometry": { "type": "Point", "coordinates": [ 23.3179591, 42.6719542 ] } },
{ "type": "Feature", "properties": { "NAME": "Ili Beirut", "NAME_EN": null, "AMENITY": "restaurant", "SHOP": null, "OSM_TYPE": "node", "OSM_ID": 3064049871 }, "geometry": { "type": "Point", "coordinates": [ 23.330787, 42.6706631 ] } },
{ "type": "Feature", "properties": { "NAME": "Straight Club", "NAME_EN": null, "AMENITY": "bar", "SHOP": null, "OSM_TYPE": "node", "OSM_ID": 3065074357 }, "geometry": { "type": "Point", "coordinates": [ 23.3358095, 42.6928578 ] } },
{ "type": "Feature", "properties": { "NAME": "Домашна Кухня Черни Връх", "NAME_EN": null, "AMENITY": "restaurant", "SHOP": null, "OSM_TYPE": "node", "OSM_ID": 3068316307 }, "geometry": { "type": "Point", "coordinates": [ 23.3202192, 42.6706493 ] } },
{ "type": "Feature", "properties": { "NAME": "Green Deli Cafe", "NAME_EN": null, "AMENITY": "cafe", "SHOP": null, "OSM_TYPE": "node", "OSM_ID": 3068334848 }, "geometry": { "type": "Point", "coordinates": [ 23.3202692, 42.6707386 ] } },
{ "type": "Feature", "properties": { "NAME": "Chef's", "NAME_EN": null, "AMENITY": "restaurant", "SHOP": null, "OSM_TYPE": "node", "OSM_ID": 3068344426 }, "geometry": { "type": "Point", "coordinates": [ 23.3180086, 42.6702765 ] } },
{ "type": "Feature", "properties": { "NAME": "Бирария Стамболовъ", "NAME_EN": null, "AMENITY": "restaurant", "SHOP": null, "OSM_TYPE": "node", "OSM_ID": 3069041305 }, "geometry": { "type": "Point", "coordinates": [ 23.3232033, 42.6784976 ] } },
{ "type": "Feature", "properties": { "NAME": "Мама Миа", "NAME_EN": null, "AMENITY": "restaurant", "SHOP": null, "OSM_TYPE": "node", "OSM_ID": 3069073189 }, "geometry": { "type": "Point", "coordinates": [ 23.3239004, 42.6820251 ] } },
{ "type": "Feature", "properties": { "NAME": "Arcadia", "NAME_EN": null, "AMENITY": "restaurant", "SHOP": null, "OSM_TYPE": "node", "OSM_ID": 3069384526 }, "geometry": { "type": "Point", "coordinates": [ 23.3245652, 42.6796998 ] } },
{ "type": "Feature", "properties": { "NAME": "The Old Dutchman", "NAME_EN": null, "AMENITY": "pub", "SHOP": null, "OSM_TYPE": "node", "OSM_ID": 3070859041 }, "geometry": { "type": "Point", "coordinates": [ 23.328806, 42.6796387 ] } },
{ "type": "Feature", "properties": { "NAME": "Forno Cipollini", "NAME_EN": null, "AMENITY": "restaurant", "SHOP": null, "OSM_TYPE": "node", "OSM_ID": 3070860979 }, "geometry": { "type": "Point", "coordinates": [ 23.3315653, 42.6804868 ] } },
{ "type": "Feature", "properties": { "NAME": "Орлово гнездо", "NAME_EN": null, "AMENITY": "restaurant", "SHOP": null, "OSM_TYPE": "node", "OSM_ID": 3070891292 }, "geometry": { "type": "Point", "coordinates": [ 23.3340178, 42.6810585 ] } },
{ "type": "Feature", "properties": { "NAME": "Ротонда", "NAME_EN": "Rotonda", "AMENITY": "cafe", "SHOP": null, "OSM_TYPE": "node", "OSM_ID": 3072121799 }, "geometry": { "type": "Point", "coordinates": [ 23.3227547, 42.6966678 ] } },
{ "type": "Feature", "properties": { "NAME": "Capo", "NAME_EN": null, "AMENITY": "restaurant", "SHOP": null, "OSM_TYPE": "node", "OSM_ID": 3072123896 }, "geometry": { "type": "Point", "coordinates": [ 23.3227299, 42.6966127 ] } },
{ "type": "Feature", "properties": { "NAME": "Art Club Museum", "NAME_EN": null, "AMENITY": "restaurant", "SHOP": null, "OSM_TYPE": "node", "OSM_ID": 3072133700 }, "geometry": { "type": "Point", "coordinates": [ 23.3242413, 42.6963367 ] } },
{ "type": "Feature", "properties": { "NAME": null, "NAME_EN": null, "AMENITY": "restaurant", "SHOP": null, "OSM_TYPE": "node", "OSM_ID": 3072143589 }, "geometry": { "type": "Point", "coordinates": [ 23.3222493, 42.6970983 ] } },
{ "type": "Feature", "properties": { "NAME": "Franco di Roma", "NAME_EN": null, "AMENITY": "restaurant", "SHOP": null, "OSM_TYPE": "node", "OSM_ID": 3073584933 }, "geometry": { "type": "Point", "coordinates": [ 23.2921633, 42.6738813 ] } },
{ "type": "Feature", "properties": { "NAME": "Piu Dolce", "NAME_EN": null, "AMENITY": "cafe", "SHOP": null, "OSM_TYPE": "node", "OSM_ID": 3076004326 }, "geometry": { "type": "Point", "coordinates": [ 23.3233207, 42.69236 ] } },
{ "type": "Feature", "properties": { "NAME": "Golden Nero", "NAME_EN": null, "AMENITY": "restaurant", "SHOP": null, "OSM_TYPE": "node", "OSM_ID": 3079380245 }, "geometry": { "type": "Point", "coordinates": [ 23.3098242, 42.67772 ] } },
{ "type": "Feature", "properties": { "NAME": "Отечество", "NAME_EN": null, "AMENITY": "restaurant", "SHOP": null, "OSM_TYPE": "node", "OSM_ID": 3079380390 }, "geometry": { "type": "Point", "coordinates": [ 23.3103212, 42.6788895 ] } },
{ "type": "Feature", "properties": { "NAME": "The gentlemen", "NAME_EN": null, "AMENITY": "restaurant", "SHOP": null, "OSM_TYPE": "node", "OSM_ID": 3079388107 }, "geometry": { "type": "Point", "coordinates": [ 23.3103723, 42.6790731 ] } },
{ "type": "Feature", "properties": { "NAME": "Donas", "NAME_EN": null, "AMENITY": "fast_food", "SHOP": null, "OSM_TYPE": "node", "OSM_ID": 3079881762 }, "geometry": { "type": "Point", "coordinates": [ 23.3423637, 42.6529971 ] } },
{ "type": "Feature", "properties": { "NAME": "Chillout Cafe", "NAME_EN": null, "AMENITY": "restaurant", "SHOP": null, "OSM_TYPE": "node", "OSM_ID": 3080414470 }, "geometry": { "type": "Point", "coordinates": [ 23.3172487, 42.6845913 ] } },
{ "type": "Feature", "properties": { "NAME": "Macondo", "NAME_EN": null, "AMENITY": "bar", "SHOP": null, "OSM_TYPE": "node", "OSM_ID": 3082248960 }, "geometry": { "type": "Point", "coordinates": [ 23.3252196, 42.6988325 ] } },
{ "type": "Feature", "properties": { "NAME": "Пиано бар Чикаго", "NAME_EN": "Piano Bar Chicago", "AMENITY": "bar", "SHOP": null, "OSM_TYPE": "node", "OSM_ID": 3082324077 }, "geometry": { "type": "Point", "coordinates": [ 23.3271123, 42.6982197 ] } },
{ "type": "Feature", "properties": { "NAME": "Orsetti Pasticceria", "NAME_EN": null, "AMENITY": "restaurant", "SHOP": null, "OSM_TYPE": "node", "OSM_ID": 3083389506 }, "geometry": { "type": "Point", "coordinates": [ 23.32856, 42.6982807 ] } },
{ "type": "Feature", "properties": { "NAME": "SBI", "NAME_EN": null, "AMENITY": "restaurant", "SHOP": null, "OSM_TYPE": "node", "OSM_ID": 3083397700 }, "geometry": { "type": "Point", "coordinates": [ 23.328144, 42.6995895 ] } },
{ "type": "Feature", "properties": { "NAME": "Бюфетъ", "NAME_EN": "Buffet", "AMENITY": "restaurant", "SHOP": null, "OSM_TYPE": "node", "OSM_ID": 3083491439 }, "geometry": { "type": "Point", "coordinates": [ 23.3279954, 42.7003951 ] } },
{ "type": "Feature", "properties": { "NAME": "The Muse", "NAME_EN": null, "AMENITY": "bar", "SHOP": null, "OSM_TYPE": "node", "OSM_ID": 3083498413 }, "geometry": { "type": "Point", "coordinates": [ 23.3266522, 42.7001568 ] } },
{ "type": "Feature", "properties": { "NAME": "Skapto", "NAME_EN": "Skapto", "AMENITY": "fast_food", "SHOP": null, "OSM_TYPE": "node", "OSM_ID": 3083498484 }, "geometry": { "type": "Point", "coordinates": [ 23.3264863, 42.699798 ] } },
{ "type": "Feature", "properties": { "NAME": "Barista Coffee and more", "NAME_EN": null, "AMENITY": "cafe", "SHOP": null, "OSM_TYPE": "node", "OSM_ID": 3083632413 }, "geometry": { "type": "Point", "coordinates": [ 23.3266191, 42.7004951 ] } },
{ "type": "Feature", "properties": { "NAME": "Камелот", "NAME_EN": null, "AMENITY": "restaurant", "SHOP": null, "OSM_TYPE": "node", "OSM_ID": 3087327027 }, "geometry": { "type": "Point", "coordinates": [ 23.5495607, 42.4718605 ] } },
{ "type": "Feature", "properties": { "NAME": "Магданоз", "NAME_EN": null, "AMENITY": "bar", "SHOP": null, "OSM_TYPE": "node", "OSM_ID": 3097124222 }, "geometry": { "type": "Point", "coordinates": [ 23.3107291, 42.6948636 ] } },
{ "type": "Feature", "properties": { "NAME": "Шугър", "NAME_EN": "Sugar", "AMENITY": "bar", "SHOP": null, "OSM_TYPE": "node", "OSM_ID": 3098100743 }, "geometry": { "type": "Point", "coordinates": [ 23.3192556, 42.6985087 ] } },
{ "type": "Feature", "properties": { "NAME": "Largo Di Serdika", "NAME_EN": null, "AMENITY": "bar", "SHOP": null, "OSM_TYPE": "node", "OSM_ID": 3098732423 }, "geometry": { "type": "Point", "coordinates": [ 23.3225686, 42.6980859 ] } },
{ "type": "Feature", "properties": { "NAME": "Шаварма \"Алгафари\"", "NAME_EN": "Shawarma Algafari", "AMENITY": "fast_food", "SHOP": null, "OSM_TYPE": "node", "OSM_ID": 3099463864 }, "geometry": { "type": "Point", "coordinates": [ 23.3237715, 42.7038768 ] } },
{ "type": "Feature", "properties": { "NAME": "Costa", "NAME_EN": null, "AMENITY": "cafe", "SHOP": null, "OSM_TYPE": "node", "OSM_ID": 3104193435 }, "geometry": { "type": "Point", "coordinates": [ 23.336756, 42.6925761 ] } },
{ "type": "Feature", "properties": { "NAME": "Клуб на архитекта", "NAME_EN": "Club of the Architects", "AMENITY": "restaurant", "SHOP": null, "OSM_TYPE": "node", "OSM_ID": 3104193436 }, "geometry": { "type": "Point", "coordinates": [ 23.3373536, 42.6932825 ] } },
{ "type": "Feature", "properties": { "NAME": "Cafe de luxe", "NAME_EN": null, "AMENITY": "cafe", "SHOP": null, "OSM_TYPE": "node", "OSM_ID": 3110296241 }, "geometry": { "type": "Point", "coordinates": [ 23.3612187, 42.6800705 ] } },
{ "type": "Feature", "properties": { "NAME": "Green Deli Cafe", "NAME_EN": null, "AMENITY": "cafe", "SHOP": null, "OSM_TYPE": "node", "OSM_ID": 3111781442 }, "geometry": { "type": "Point", "coordinates": [ 23.3442958, 42.6875965 ] } },
{ "type": "Feature", "properties": { "NAME": "Виктория", "NAME_EN": "Victoria", "AMENITY": "restaurant", "SHOP": null, "OSM_TYPE": "node", "OSM_ID": 3111809958 }, "geometry": { "type": "Point", "coordinates": [ 23.3456833, 42.6880756 ] } },
{ "type": "Feature", "properties": { "NAME": "При Майстор Ибо", "NAME_EN": "Pri Maistor Ibo", "AMENITY": "restaurant", "SHOP": null, "OSM_TYPE": "node", "OSM_ID": 3119999360 }, "geometry": { "type": "Point", "coordinates": [ 23.2878951, 42.6733263 ] } },
{ "type": "Feature", "properties": { "NAME": "Nature bar& food", "NAME_EN": null, "AMENITY": "restaurant", "SHOP": null, "OSM_TYPE": "node", "OSM_ID": 3120014629 }, "geometry": { "type": "Point", "coordinates": [ 23.2841455, 42.6690315 ] } },
{ "type": "Feature", "properties": { "NAME": "Банкович", "NAME_EN": null, "AMENITY": "restaurant", "SHOP": null, "OSM_TYPE": "node", "OSM_ID": 3120016035 }, "geometry": { "type": "Point", "coordinates": [ 23.2847481, 42.6682745 ] } },
{ "type": "Feature", "properties": { "NAME": "Бандера", "NAME_EN": null, "AMENITY": "cafe", "SHOP": null, "OSM_TYPE": "node", "OSM_ID": 3120016929 }, "geometry": { "type": "Point", "coordinates": [ 23.284762, 42.668687 ] } },
{ "type": "Feature", "properties": { "NAME": "Papa John's", "NAME_EN": null, "AMENITY": "fast_food", "SHOP": null, "OSM_TYPE": "node", "OSM_ID": 3120028431 }, "geometry": { "type": "Point", "coordinates": [ 23.2867503, 42.6652701 ] } },
{ "type": "Feature", "properties": { "NAME": "Diana", "NAME_EN": null, "AMENITY": "ice_cream", "SHOP": null, "OSM_TYPE": "node", "OSM_ID": 3130698330 }, "geometry": { "type": "Point", "coordinates": [ 23.2875878, 42.6708361 ] } },
{ "type": "Feature", "properties": { "NAME": null, "NAME_EN": null, "AMENITY": "fast_food", "SHOP": null, "OSM_TYPE": "node", "OSM_ID": 3130699629 }, "geometry": { "type": "Point", "coordinates": [ 23.2874917, 42.6707429 ] } },
{ "type": "Feature", "properties": { "NAME": "Класик", "NAME_EN": null, "AMENITY": "cafe", "SHOP": null, "OSM_TYPE": "node", "OSM_ID": 3130704229 }, "geometry": { "type": "Point", "coordinates": [ 23.2895035, 42.6687934 ] } },
{ "type": "Feature", "properties": { "NAME": "Mr. Pizza", "NAME_EN": null, "AMENITY": "restaurant", "SHOP": null, "OSM_TYPE": "node", "OSM_ID": 3130710430 }, "geometry": { "type": "Point", "coordinates": [ 23.2899534, 42.6667657 ] } },
{ "type": "Feature", "properties": { "NAME": "Таратор", "NAME_EN": null, "AMENITY": "restaurant", "SHOP": null, "OSM_TYPE": "node", "OSM_ID": 3160288418 }, "geometry": { "type": "Point", "coordinates": [ 23.3169625, 42.7040572 ] } },
{ "type": "Feature", "properties": { "NAME": "L'Étranger", "NAME_EN": null, "AMENITY": "restaurant", "SHOP": null, "OSM_TYPE": "node", "OSM_ID": 3167584812 }, "geometry": { "type": "Point", "coordinates": [ 23.3239895, 42.7011238 ] } },
{ "type": "Feature", "properties": { "NAME": "Viva Cafe", "NAME_EN": null, "AMENITY": "cafe", "SHOP": null, "OSM_TYPE": "node", "OSM_ID": 3167845086 }, "geometry": { "type": "Point", "coordinates": [ 23.3107837, 42.7034089 ] } },
{ "type": "Feature", "properties": { "NAME": "Coffee & Croissant to Go", "NAME_EN": null, "AMENITY": "cafe", "SHOP": null, "OSM_TYPE": "node", "OSM_ID": 3167851713 }, "geometry": { "type": "Point", "coordinates": [ 23.3102099, 42.700927 ] } },
{ "type": "Feature", "properties": { "NAME": "Royal Thai", "NAME_EN": null, "AMENITY": "restaurant", "SHOP": null, "OSM_TYPE": "node", "OSM_ID": 3171724665 }, "geometry": { "type": "Point", "coordinates": [ 23.3304271, 42.6921553 ] } },
{ "type": "Feature", "properties": { "NAME": "KFC", "NAME_EN": null, "AMENITY": "fast_food", "SHOP": null, "OSM_TYPE": "node", "OSM_ID": 3179877677 }, "geometry": { "type": "Point", "coordinates": [ 23.308836, 42.698069 ] } },
{ "type": "Feature", "properties": { "NAME": "Happy Bar & Grill", "NAME_EN": "Happy Bar & Grill", "AMENITY": "restaurant", "SHOP": null, "OSM_TYPE": "node", "OSM_ID": 3179877684 }, "geometry": { "type": "Point", "coordinates": [ 23.3079793, 42.6983125 ] } },
{ "type": "Feature", "properties": { "NAME": "Хъшове", "NAME_EN": "Hashove", "AMENITY": "restaurant", "SHOP": null, "OSM_TYPE": "node", "OSM_ID": 3182025199 }, "geometry": { "type": "Point", "coordinates": [ 23.2890665, 42.7003551 ] } },
{ "type": "Feature", "properties": { "NAME": "Mon ami", "NAME_EN": null, "AMENITY": "restaurant", "SHOP": null, "OSM_TYPE": "node", "OSM_ID": 3183667163 }, "geometry": { "type": "Point", "coordinates": [ 23.2961826, 42.6803012 ] } },
{ "type": "Feature", "properties": { "NAME": "Дегея", "NAME_EN": "Degeq", "AMENITY": "restaurant", "SHOP": null, "OSM_TYPE": "node", "OSM_ID": 3183687813 }, "geometry": { "type": "Point", "coordinates": [ 23.2909475, 42.6815 ] } },
{ "type": "Feature", "properties": { "NAME": "Antique", "NAME_EN": null, "AMENITY": "restaurant", "SHOP": null, "OSM_TYPE": "node", "OSM_ID": 3183687814 }, "geometry": { "type": "Point", "coordinates": [ 23.29334, 42.6819593 ] } },
{ "type": "Feature", "properties": { "NAME": "О!Шипка", "NAME_EN": null, "AMENITY": "restaurant", "SHOP": null, "OSM_TYPE": "node", "OSM_ID": 3191317922 }, "geometry": { "type": "Point", "coordinates": [ 23.2768112, 42.6708658 ] } },
{ "type": "Feature", "properties": { "NAME": "Bacon", "NAME_EN": null, "AMENITY": "restaurant", "SHOP": null, "OSM_TYPE": "node", "OSM_ID": 3193735085 }, "geometry": { "type": "Point", "coordinates": [ 23.2954537, 42.669877 ] } },
{ "type": "Feature", "properties": { "NAME": "Spaghetti Company", "NAME_EN": null, "AMENITY": "restaurant", "SHOP": null, "OSM_TYPE": "node", "OSM_ID": 3194948488 }, "geometry": { "type": "Point", "coordinates": [ 23.289305, 42.6640943 ] } },
{ "type": "Feature", "properties": { "NAME": "Nuevo", "NAME_EN": null, "AMENITY": "restaurant", "SHOP": null, "OSM_TYPE": "node", "OSM_ID": 3196340890 }, "geometry": { "type": "Point", "coordinates": [ 23.3102237, 42.6807466 ] } },
{ "type": "Feature", "properties": { "NAME": "Лъчони", "NAME_EN": null, "AMENITY": "restaurant", "SHOP": null, "OSM_TYPE": "node", "OSM_ID": 3218262211 }, "geometry": { "type": "Point", "coordinates": [ 23.3513868, 42.7081376 ] } },
{ "type": "Feature", "properties": { "NAME": "Viva", "NAME_EN": null, "AMENITY": "cafe", "SHOP": null, "OSM_TYPE": "node", "OSM_ID": 3231624293 }, "geometry": { "type": "Point", "coordinates": [ 23.2908157, 42.6676989 ] } },
{ "type": "Feature", "properties": { "NAME": "Делиция", "NAME_EN": "Delicia", "AMENITY": "cafe", "SHOP": null, "OSM_TYPE": "node", "OSM_ID": 3254955861 }, "geometry": { "type": "Point", "coordinates": [ 23.3671675, 42.6426847 ] } },
{ "type": "Feature", "properties": { "NAME": "Верона", "NAME_EN": null, "AMENITY": "restaurant", "SHOP": null, "OSM_TYPE": "node", "OSM_ID": 3267863836 }, "geometry": { "type": "Point", "coordinates": [ 23.3033381, 42.7294069 ] } },
{ "type": "Feature", "properties": { "NAME": "Червен Изток", "NAME_EN": null, "AMENITY": "restaurant", "SHOP": null, "OSM_TYPE": "node", "OSM_ID": 3292300863 }, "geometry": { "type": "Point", "coordinates": [ 23.2897835, 42.6711595 ] } },
{ "type": "Feature", "properties": { "NAME": "Витоша", "NAME_EN": null, "AMENITY": "restaurant", "SHOP": null, "OSM_TYPE": "node", "OSM_ID": 3297207114 }, "geometry": { "type": "Point", "coordinates": [ 23.365703, 42.5338605 ] } },
{ "type": "Feature", "properties": { "NAME": "Бар Пойнт", "NAME_EN": "Bar Point", "AMENITY": "bar", "SHOP": null, "OSM_TYPE": "node", "OSM_ID": 3317525470 }, "geometry": { "type": "Point", "coordinates": [ 23.3034117, 42.7259195 ] } },
{ "type": "Feature", "properties": { "NAME": "Aladin Foods", "NAME_EN": null, "AMENITY": "fast_food", "SHOP": null, "OSM_TYPE": "node", "OSM_ID": 3317525471 }, "geometry": { "type": "Point", "coordinates": [ 23.3035693, 42.7257506 ] } },
{ "type": "Feature", "properties": { "NAME": null, "NAME_EN": null, "AMENITY": "fast_food", "SHOP": null, "OSM_TYPE": "node", "OSM_ID": 3317525472 }, "geometry": { "type": "Point", "coordinates": [ 23.3035374, 42.7257848 ] } },
{ "type": "Feature", "properties": { "NAME": "Happy Bar & Grill", "NAME_EN": "Happy Bar & Grill", "AMENITY": "restaurant", "SHOP": null, "OSM_TYPE": "node", "OSM_ID": 3355481518 }, "geometry": { "type": "Point", "coordinates": [ 23.379277, 42.6482292 ] } },
{ "type": "Feature", "properties": { "NAME": "E-Motion", "NAME_EN": null, "AMENITY": "bar", "SHOP": null, "OSM_TYPE": "node", "OSM_ID": 3366735385 }, "geometry": { "type": "Point", "coordinates": [ 23.3759251, 42.6554071 ] } },
{ "type": "Feature", "properties": { "NAME": null, "NAME_EN": null, "AMENITY": "fast_food", "SHOP": null, "OSM_TYPE": "node", "OSM_ID": 3380818507 }, "geometry": { "type": "Point", "coordinates": [ 23.3114568, 42.6984163 ] } },
{ "type": "Feature", "properties": { "NAME": "ATA", "NAME_EN": null, "AMENITY": "restaurant", "SHOP": null, "OSM_TYPE": "node", "OSM_ID": 3406043749 }, "geometry": { "type": "Point", "coordinates": [ 23.3543086, 42.6672093 ] } },
{ "type": "Feature", "properties": { "NAME": "Bar & Dinner 88", "NAME_EN": null, "AMENITY": "restaurant", "SHOP": null, "OSM_TYPE": "node", "OSM_ID": 3468532186 }, "geometry": { "type": "Point", "coordinates": [ 23.320311, 42.693813 ] } },
{ "type": "Feature", "properties": { "NAME": "Castello", "NAME_EN": null, "AMENITY": "cafe", "SHOP": null, "OSM_TYPE": "node", "OSM_ID": 3475113394 }, "geometry": { "type": "Point", "coordinates": [ 23.2952558, 42.6758567 ] } },
{ "type": "Feature", "properties": { "NAME": "Старата госпожа", "NAME_EN": null, "AMENITY": "restaurant", "SHOP": null, "OSM_TYPE": "node", "OSM_ID": 3477199493 }, "geometry": { "type": "Point", "coordinates": [ 23.342324, 42.6945412 ] } },
{ "type": "Feature", "properties": { "NAME": null, "NAME_EN": null, "AMENITY": "cafe", "SHOP": null, "OSM_TYPE": "node", "OSM_ID": 3491709493 }, "geometry": { "type": "Point", "coordinates": [ 23.2954204, 42.6870941 ] } },
{ "type": "Feature", "properties": { "NAME": "Червеното", "NAME_EN": null, "AMENITY": "cafe", "SHOP": null, "OSM_TYPE": "node", "OSM_ID": 3491729793 }, "geometry": { "type": "Point", "coordinates": [ 23.2917351, 42.6851278 ] } },
{ "type": "Feature", "properties": { "NAME": null, "NAME_EN": null, "AMENITY": "fast_food", "SHOP": null, "OSM_TYPE": "node", "OSM_ID": 3491730865 }, "geometry": { "type": "Point", "coordinates": [ 23.2920795, 42.6854566 ] } },
{ "type": "Feature", "properties": { "NAME": "Comedy Club", "NAME_EN": null, "AMENITY": "bar", "SHOP": null, "OSM_TYPE": "node", "OSM_ID": 3504370477 }, "geometry": { "type": "Point", "coordinates": [ 23.3264615, 42.6974939 ] } },
{ "type": "Feature", "properties": { "NAME": "Gravity", "NAME_EN": null, "AMENITY": "bar", "SHOP": null, "OSM_TYPE": "node", "OSM_ID": 3504370478 }, "geometry": { "type": "Point", "coordinates": [ 23.3261987, 42.6975117 ] } },
{ "type": "Feature", "properties": { "NAME": "After Five", "NAME_EN": null, "AMENITY": "bar", "SHOP": null, "OSM_TYPE": "node", "OSM_ID": 3504377639 }, "geometry": { "type": "Point", "coordinates": [ 23.3267056, 42.6974505 ] } },
{ "type": "Feature", "properties": { "NAME": "Бирария Дондуковъ", "NAME_EN": null, "AMENITY": "pub", "SHOP": null, "OSM_TYPE": "node", "OSM_ID": 3504388546 }, "geometry": { "type": "Point", "coordinates": [ 23.3276409, 42.6976673 ] } },
{ "type": "Feature", "properties": { "NAME": "Go Grill горнооряховска скара", "NAME_EN": null, "AMENITY": "fast_food", "SHOP": null, "OSM_TYPE": "node", "OSM_ID": 3504395376 }, "geometry": { "type": "Point", "coordinates": [ 23.327311, 42.6981088 ] } },
{ "type": "Feature", "properties": { "NAME": "Фабрика Дъга", "NAME_EN": "Rainbow factory", "AMENITY": "cafe", "SHOP": null, "OSM_TYPE": "node", "OSM_ID": 3506792233 }, "geometry": { "type": "Point", "coordinates": [ 23.3259351, 42.698897 ] } },
{ "type": "Feature", "properties": { "NAME": "Костис", "NAME_EN": "Kostis", "AMENITY": "cafe", "SHOP": null, "OSM_TYPE": "node", "OSM_ID": 3511830144 }, "geometry": { "type": "Point", "coordinates": [ 23.3282486, 42.6982261 ] } },
{ "type": "Feature", "properties": { "NAME": "Ninja Bowl", "NAME_EN": null, "AMENITY": "fast_food", "SHOP": null, "OSM_TYPE": "node", "OSM_ID": 3511834081 }, "geometry": { "type": "Point", "coordinates": [ 23.3298021, 42.6977169 ] } },
{ "type": "Feature", "properties": { "NAME": "Тортила флет", "NAME_EN": null, "AMENITY": "cafe", "SHOP": null, "OSM_TYPE": "node", "OSM_ID": 3511914057 }, "geometry": { "type": "Point", "coordinates": [ 23.3330781, 42.6977588 ] } },
{ "type": "Feature", "properties": { "NAME": "Август", "NAME_EN": "August", "AMENITY": "cafe", "SHOP": null, "OSM_TYPE": "node", "OSM_ID": 3511915295 }, "geometry": { "type": "Point", "coordinates": [ 23.3322236, 42.6979126 ] } },
{ "type": "Feature", "properties": { "NAME": "Taj Mahal", "NAME_EN": null, "AMENITY": "restaurant", "SHOP": null, "OSM_TYPE": "node", "OSM_ID": 3511915296 }, "geometry": { "type": "Point", "coordinates": [ 23.3320922, 42.6980939 ] } },
{ "type": "Feature", "properties": { "NAME": "Дюнери", "NAME_EN": null, "AMENITY": "fast_food", "SHOP": null, "OSM_TYPE": "node", "OSM_ID": 3511918146 }, "geometry": { "type": "Point", "coordinates": [ 23.3323865, 42.6981557 ] } },
{ "type": "Feature", "properties": { "NAME": null, "NAME_EN": null, "AMENITY": "restaurant", "SHOP": null, "OSM_TYPE": "node", "OSM_ID": 3511927305 }, "geometry": { "type": "Point", "coordinates": [ 23.3284819, 42.6970473 ] } },
{ "type": "Feature", "properties": { "NAME": "Tobacco Garden", "NAME_EN": null, "AMENITY": "cafe", "SHOP": null, "OSM_TYPE": "node", "OSM_ID": 3514046460 }, "geometry": { "type": "Point", "coordinates": [ 23.327063, 42.6964786 ] } },
{ "type": "Feature", "properties": { "NAME": "Unica", "NAME_EN": null, "AMENITY": "restaurant", "SHOP": null, "OSM_TYPE": "node", "OSM_ID": 3514096211 }, "geometry": { "type": "Point", "coordinates": [ 23.3288098, 42.6952452 ] } },
{ "type": "Feature", "properties": { "NAME": "Дървеното", "NAME_EN": null, "AMENITY": "restaurant", "SHOP": null, "OSM_TYPE": "node", "OSM_ID": 3516114054 }, "geometry": { "type": "Point", "coordinates": [ 23.3386416, 42.6973891 ] } },
{ "type": "Feature", "properties": { "NAME": "KFC", "NAME_EN": null, "AMENITY": "fast_food", "SHOP": null, "OSM_TYPE": "node", "OSM_ID": 3522548197 }, "geometry": { "type": "Point", "coordinates": [ 23.3198913, 42.6784387 ] } },
{ "type": "Feature", "properties": { "NAME": "thang long", "NAME_EN": null, "AMENITY": "restaurant", "SHOP": null, "OSM_TYPE": "node", "OSM_ID": 3522548198 }, "geometry": { "type": "Point", "coordinates": [ 23.32013, 42.6785453 ] } },
{ "type": "Feature", "properties": { "NAME": "Росини", "NAME_EN": null, "AMENITY": "cafe", "SHOP": null, "OSM_TYPE": "node", "OSM_ID": 3522591293 }, "geometry": { "type": "Point", "coordinates": [ 23.3476259, 42.6959508 ] } },
{ "type": "Feature", "properties": { "NAME": "Мадрид", "NAME_EN": null, "AMENITY": "bar", "SHOP": null, "OSM_TYPE": "node", "OSM_ID": 3522593744 }, "geometry": { "type": "Point", "coordinates": [ 23.3479482, 42.6959787 ] } },
{ "type": "Feature", "properties": { "NAME": "Чорбаджийница Байонет", "NAME_EN": null, "AMENITY": "restaurant", "SHOP": null, "OSM_TYPE": "node", "OSM_ID": 3522631031 }, "geometry": { "type": "Point", "coordinates": [ 23.3487768, 42.6959941 ] } },
{ "type": "Feature", "properties": { "NAME": "Дюнер Мадрид", "NAME_EN": null, "AMENITY": "fast_food", "SHOP": null, "OSM_TYPE": "node", "OSM_ID": 3522648581 }, "geometry": { "type": "Point", "coordinates": [ 23.3490536, 42.6962075 ] } },
{ "type": "Feature", "properties": { "NAME": "Foodpoint", "NAME_EN": null, "AMENITY": "fast_food", "SHOP": null, "OSM_TYPE": "node", "OSM_ID": 3522660791 }, "geometry": { "type": "Point", "coordinates": [ 23.3496117, 42.6965432 ] } },
{ "type": "Feature", "properties": { "NAME": null, "NAME_EN": null, "AMENITY": "fast_food", "SHOP": null, "OSM_TYPE": "node", "OSM_ID": 3522700396 }, "geometry": { "type": "Point", "coordinates": [ 23.3539578, 42.6972826 ] } },
{ "type": "Feature", "properties": { "NAME": "Гостилницата", "NAME_EN": null, "AMENITY": "restaurant", "SHOP": null, "OSM_TYPE": "node", "OSM_ID": 3522705105 }, "geometry": { "type": "Point", "coordinates": [ 23.3536683, 42.6972243 ] } },
{ "type": "Feature", "properties": { "NAME": "И. Нел", "NAME_EN": null, "AMENITY": "cafe", "SHOP": null, "OSM_TYPE": "node", "OSM_ID": 3522708922 }, "geometry": { "type": "Point", "coordinates": [ 23.3532657, 42.696774 ] } },
{ "type": "Feature", "properties": { "NAME": "Дъбчето", "NAME_EN": null, "AMENITY": "cafe", "SHOP": null, "OSM_TYPE": "node", "OSM_ID": 3522713107 }, "geometry": { "type": "Point", "coordinates": [ 23.3528527, 42.697037 ] } },
{ "type": "Feature", "properties": { "NAME": "Pavilion 24", "NAME_EN": null, "AMENITY": "fast_food", "SHOP": null, "OSM_TYPE": "node", "OSM_ID": 3522713225 }, "geometry": { "type": "Point", "coordinates": [ 23.3526876, 42.6967055 ] } },
{ "type": "Feature", "properties": { "NAME": "Мистър панда", "NAME_EN": null, "AMENITY": "restaurant", "SHOP": null, "OSM_TYPE": "node", "OSM_ID": 3522720838 }, "geometry": { "type": "Point", "coordinates": [ 23.3475794, 42.6958027 ] } },
{ "type": "Feature", "properties": { "NAME": "Щастливеца", "NAME_EN": "Shtastlivetsa", "AMENITY": "restaurant", "SHOP": null, "OSM_TYPE": "node", "OSM_ID": 3522739677 }, "geometry": { "type": "Point", "coordinates": [ 23.3205572, 42.6933136 ] } },
{ "type": "Feature", "properties": { "NAME": "Costa", "NAME_EN": null, "AMENITY": "cafe", "SHOP": null, "OSM_TYPE": "node", "OSM_ID": 3522742539 }, "geometry": { "type": "Point", "coordinates": [ 23.3242871, 42.6951622 ] } },
{ "type": "Feature", "properties": { "NAME": "Hesburger", "NAME_EN": null, "AMENITY": "fast_food", "SHOP": null, "OSM_TYPE": "node", "OSM_ID": 3523716417 }, "geometry": { "type": "Point", "coordinates": [ 23.3210486, 42.694978 ] } },
{ "type": "Feature", "properties": { "NAME": "Бързото кебапче", "NAME_EN": null, "AMENITY": "fast_food", "SHOP": null, "OSM_TYPE": "node", "OSM_ID": 3524236655 }, "geometry": { "type": "Point", "coordinates": [ 23.3216734, 42.6946266 ] } },
{ "type": "Feature", "properties": { "NAME": "Hacienda Canteen", "NAME_EN": null, "AMENITY": "restaurant", "SHOP": null, "OSM_TYPE": "node", "OSM_ID": 3524265293 }, "geometry": { "type": "Point", "coordinates": [ 23.3212295, 42.6933438 ] } },
{ "type": "Feature", "properties": { "NAME": "Mona Lisa", "NAME_EN": null, "AMENITY": "ice_cream", "SHOP": null, "OSM_TYPE": "node", "OSM_ID": 3524287356 }, "geometry": { "type": "Point", "coordinates": [ 23.3204049, 42.6927715 ] } },
{ "type": "Feature", "properties": { "NAME": "Sofia Club", "NAME_EN": null, "AMENITY": "bar", "SHOP": null, "OSM_TYPE": "node", "OSM_ID": 3527006445 }, "geometry": { "type": "Point", "coordinates": [ 23.3250699, 42.694035 ] } },
{ "type": "Feature", "properties": { "NAME": "Yam Yam", "NAME_EN": null, "AMENITY": "fast_food", "SHOP": null, "OSM_TYPE": "node", "OSM_ID": 3527019769 }, "geometry": { "type": "Point", "coordinates": [ 23.3252893, 42.6924562 ] } },
{ "type": "Feature", "properties": { "NAME": "Синият лъв", "NAME_EN": null, "AMENITY": "restaurant", "SHOP": null, "OSM_TYPE": "node", "OSM_ID": 3531592234 }, "geometry": { "type": "Point", "coordinates": [ 23.3265436, 42.6935827 ] } },
{ "type": "Feature", "properties": { "NAME": "Ciccione", "NAME_EN": null, "AMENITY": "restaurant", "SHOP": null, "OSM_TYPE": "node", "OSM_ID": 3531604212 }, "geometry": { "type": "Point", "coordinates": [ 23.3261118, 42.6931038 ] } },
{ "type": "Feature", "properties": { "NAME": "Гозби", "NAME_EN": null, "AMENITY": "fast_food", "SHOP": null, "OSM_TYPE": "node", "OSM_ID": 3531604213 }, "geometry": { "type": "Point", "coordinates": [ 23.3259535, 42.6931905 ] } },
{ "type": "Feature", "properties": { "NAME": "Биад", "NAME_EN": null, "AMENITY": "bar", "SHOP": null, "OSM_TYPE": "node", "OSM_ID": 3531631144 }, "geometry": { "type": "Point", "coordinates": [ 23.3263237, 42.6927133 ] } },
{ "type": "Feature", "properties": { "NAME": "Карусел", "NAME_EN": null, "AMENITY": "bar", "SHOP": null, "OSM_TYPE": "node", "OSM_ID": 3531648020 }, "geometry": { "type": "Point", "coordinates": [ 23.3262459, 42.6924807 ] } },
{ "type": "Feature", "properties": { "NAME": null, "NAME_EN": null, "AMENITY": "fast_food", "SHOP": null, "OSM_TYPE": "node", "OSM_ID": 3531653198 }, "geometry": { "type": "Point", "coordinates": [ 23.3254037, 42.6926286 ] } },
{ "type": "Feature", "properties": { "NAME": "Макси", "NAME_EN": null, "AMENITY": "fast_food", "SHOP": null, "OSM_TYPE": "node", "OSM_ID": 3531727449 }, "geometry": { "type": "Point", "coordinates": [ 23.3286414, 42.6944522 ] } },
{ "type": "Feature", "properties": { "NAME": "Doris", "NAME_EN": null, "AMENITY": "cafe", "SHOP": null, "OSM_TYPE": "node", "OSM_ID": 3531742163 }, "geometry": { "type": "Point", "coordinates": [ 23.3292455, 42.6934887 ] } },
{ "type": "Feature", "properties": { "NAME": "Градски легенди", "NAME_EN": null, "AMENITY": "restaurant", "SHOP": null, "OSM_TYPE": "node", "OSM_ID": 3531751001 }, "geometry": { "type": "Point", "coordinates": [ 23.3295883, 42.6938578 ] } },
{ "type": "Feature", "properties": { "NAME": "Caldo", "NAME_EN": null, "AMENITY": "bar", "SHOP": null, "OSM_TYPE": "node", "OSM_ID": 3532688080 }, "geometry": { "type": "Point", "coordinates": [ 23.3286719, 42.6940182 ] } },
{ "type": "Feature", "properties": { "NAME": "Silicone", "NAME_EN": null, "AMENITY": "restaurant", "SHOP": null, "OSM_TYPE": "node", "OSM_ID": 3532693237 }, "geometry": { "type": "Point", "coordinates": [ 23.3286014, 42.6939491 ] } },
{ "type": "Feature", "properties": { "NAME": "Confetti", "NAME_EN": null, "AMENITY": "cafe", "SHOP": null, "OSM_TYPE": "node", "OSM_ID": 3539974919 }, "geometry": { "type": "Point", "coordinates": [ 23.3193183, 42.6907429 ] } },
{ "type": "Feature", "properties": { "NAME": "Twist & Go", "NAME_EN": null, "AMENITY": "fast_food", "SHOP": null, "OSM_TYPE": "node", "OSM_ID": 3539976605 }, "geometry": { "type": "Point", "coordinates": [ 23.319282, 42.6906156 ] } },
{ "type": "Feature", "properties": { "NAME": "Bamboo Flavor Factory", "NAME_EN": null, "AMENITY": "fast_food", "SHOP": null, "OSM_TYPE": "node", "OSM_ID": 3540098013 }, "geometry": { "type": "Point", "coordinates": [ 23.3251018, 42.6916122 ] } },
{ "type": "Feature", "properties": { "NAME": "БитБургер Клуб", "NAME_EN": "BitBurger Club Beer Garden & Restaurant", "AMENITY": "bar", "SHOP": null, "OSM_TYPE": "node", "OSM_ID": 3540737618 }, "geometry": { "type": "Point", "coordinates": [ 23.32549, 42.6922478 ] } },
{ "type": "Feature", "properties": { "NAME": "Club Long John", "NAME_EN": null, "AMENITY": "cafe", "SHOP": null, "OSM_TYPE": "node", "OSM_ID": 3540752433 }, "geometry": { "type": "Point", "coordinates": [ 23.3257928, 42.690107 ] } },
{ "type": "Feature", "properties": { "NAME": "Хамбара", "NAME_EN": null, "AMENITY": "bar", "SHOP": null, "OSM_TYPE": "node", "OSM_ID": 3540763511 }, "geometry": { "type": "Point", "coordinates": [ 23.3255166, 42.6901512 ] } },
{ "type": "Feature", "properties": { "NAME": "Мон Парнас", "NAME_EN": null, "AMENITY": "restaurant", "SHOP": null, "OSM_TYPE": "node", "OSM_ID": 3540768694 }, "geometry": { "type": "Point", "coordinates": [ 23.325941, 42.6899344 ] } },
{ "type": "Feature", "properties": { "NAME": "Gyroland", "NAME_EN": null, "AMENITY": "restaurant", "SHOP": null, "OSM_TYPE": "node", "OSM_ID": 3540768727 }, "geometry": { "type": "Point", "coordinates": [ 23.3261722, 42.6903038 ] } },
{ "type": "Feature", "properties": { "NAME": "Phine", "NAME_EN": null, "AMENITY": "bar", "SHOP": null, "OSM_TYPE": "node", "OSM_ID": 3540782520 }, "geometry": { "type": "Point", "coordinates": [ 23.3257207, 42.6897973 ] } },
{ "type": "Feature", "properties": { "NAME": "Bar 75", "NAME_EN": null, "AMENITY": "bar", "SHOP": null, "OSM_TYPE": "node", "OSM_ID": 3542450528 }, "geometry": { "type": "Point", "coordinates": [ 23.3315543, 42.6905581 ] } },
{ "type": "Feature", "properties": { "NAME": "Pop Up Chicken", "NAME_EN": null, "AMENITY": "fast_food", "SHOP": null, "OSM_TYPE": "node", "OSM_ID": 3542511229 }, "geometry": { "type": "Point", "coordinates": [ 23.3292372, 42.6909867 ] } },
{ "type": "Feature", "properties": { "NAME": "Skinny", "NAME_EN": null, "AMENITY": "bar", "SHOP": null, "OSM_TYPE": "node", "OSM_ID": 3542522192 }, "geometry": { "type": "Point", "coordinates": [ 23.3274356, 42.6924291 ] } },
{ "type": "Feature", "properties": { "NAME": "Старецът и морето", "NAME_EN": null, "AMENITY": "restaurant", "SHOP": null, "OSM_TYPE": "node", "OSM_ID": 3545399635 }, "geometry": { "type": "Point", "coordinates": [ 23.3375838, 42.6898055 ] } },
{ "type": "Feature", "properties": { "NAME": "Costa", "NAME_EN": null, "AMENITY": "cafe", "SHOP": null, "OSM_TYPE": "node", "OSM_ID": 3545560018 }, "geometry": { "type": "Point", "coordinates": [ 23.3190378, 42.6897742 ] } },
{ "type": "Feature", "properties": { "NAME": "Paradiso", "NAME_EN": null, "AMENITY": "restaurant", "SHOP": null, "OSM_TYPE": "node", "OSM_ID": 3552031812 }, "geometry": { "type": "Point", "coordinates": [ 23.3173743, 42.6861716 ] } },
{ "type": "Feature", "properties": { "NAME": "Атене", "NAME_EN": null, "AMENITY": "cafe", "SHOP": null, "OSM_TYPE": "node", "OSM_ID": 3552047119 }, "geometry": { "type": "Point", "coordinates": [ 23.317314, 42.6860433 ] } },
{ "type": "Feature", "properties": { "NAME": "Палачинките", "NAME_EN": null, "AMENITY": "fast_food", "SHOP": null, "OSM_TYPE": "node", "OSM_ID": 3552051018 }, "geometry": { "type": "Point", "coordinates": [ 23.3177288, 42.6862898 ] } },
{ "type": "Feature", "properties": { "NAME": "Aladin Foods", "NAME_EN": null, "AMENITY": "fast_food", "SHOP": null, "OSM_TYPE": "node", "OSM_ID": 3557008083 }, "geometry": { "type": "Point", "coordinates": [ 23.2934983, 42.7355521 ] } },
{ "type": "Feature", "properties": { "NAME": "Бистро Търтей", "NAME_EN": null, "AMENITY": "restaurant", "SHOP": null, "OSM_TYPE": "node", "OSM_ID": 3578816249 }, "geometry": { "type": "Point", "coordinates": [ 23.3242901, 42.6853912 ] } },
{ "type": "Feature", "properties": { "NAME": null, "NAME_EN": null, "AMENITY": "fast_food", "SHOP": null, "OSM_TYPE": "node", "OSM_ID": 3583434118 }, "geometry": { "type": "Point", "coordinates": [ 23.286025, 42.6781081 ] } },
{ "type": "Feature", "properties": { "NAME": "Манджа станция", "NAME_EN": null, "AMENITY": "fast_food", "SHOP": null, "OSM_TYPE": "node", "OSM_ID": 3590712748 }, "geometry": { "type": "Point", "coordinates": [ 23.3225532, 42.6887884 ] } },
{ "type": "Feature", "properties": { "NAME": "При Илко", "NAME_EN": null, "AMENITY": "restaurant", "SHOP": null, "OSM_TYPE": "node", "OSM_ID": 3590723686 }, "geometry": { "type": "Point", "coordinates": [ 23.3532544, 42.6843347 ] } },
{ "type": "Feature", "properties": { "NAME": "Бърза закуска Ситняково", "NAME_EN": null, "AMENITY": "fast_food", "SHOP": null, "OSM_TYPE": "node", "OSM_ID": 3590734801 }, "geometry": { "type": "Point", "coordinates": [ 23.3534073, 42.684863 ] } },
{ "type": "Feature", "properties": { "NAME": "Пица Попай", "NAME_EN": null, "AMENITY": "fast_food", "SHOP": null, "OSM_TYPE": "node", "OSM_ID": 3590734804 }, "geometry": { "type": "Point", "coordinates": [ 23.3533624, 42.6847426 ] } },
{ "type": "Feature", "properties": { "NAME": "Виктория", "NAME_EN": "Victoria", "AMENITY": "restaurant", "SHOP": null, "OSM_TYPE": "node", "OSM_ID": 3590796068 }, "geometry": { "type": "Point", "coordinates": [ 23.355037, 42.6820491 ] } },
{ "type": "Feature", "properties": { "NAME": "Син гуейбин лоу", "NAME_EN": null, "AMENITY": "restaurant", "SHOP": null, "OSM_TYPE": "node", "OSM_ID": 3590796070 }, "geometry": { "type": "Point", "coordinates": [ 23.3549684, 42.6825779 ] } },
{ "type": "Feature", "properties": { "NAME": "Pizza Max", "NAME_EN": null, "AMENITY": "fast_food", "SHOP": null, "OSM_TYPE": "node", "OSM_ID": 3592488625 }, "geometry": { "type": "Point", "coordinates": [ 23.3031506, 42.7332387 ] } },
{ "type": "Feature", "properties": { "NAME": "Цорко", "NAME_EN": null, "AMENITY": "fast_food", "SHOP": null, "OSM_TYPE": "node", "OSM_ID": 3592492415 }, "geometry": { "type": "Point", "coordinates": [ 23.2958895, 42.7329811 ] } },
{ "type": "Feature", "properties": { "NAME": "Джорджо Джани", "NAME_EN": null, "AMENITY": "cafe", "SHOP": null, "OSM_TYPE": "node", "OSM_ID": 3593868716 }, "geometry": { "type": "Point", "coordinates": [ 23.3556782, 42.6826238 ] } },
{ "type": "Feature", "properties": { "NAME": "Блян", "NAME_EN": null, "AMENITY": "cafe", "SHOP": null, "OSM_TYPE": "node", "OSM_ID": 3593915768 }, "geometry": { "type": "Point", "coordinates": [ 23.3584474, 42.6834597 ] } },
{ "type": "Feature", "properties": { "NAME": "В двора", "NAME_EN": null, "AMENITY": "restaurant", "SHOP": null, "OSM_TYPE": "node", "OSM_ID": 3593962563 }, "geometry": { "type": "Point", "coordinates": [ 23.3603385, 42.6825785 ] } },
{ "type": "Feature", "properties": { "NAME": "Пицария Джиков", "NAME_EN": "Pizza Djikov", "AMENITY": "restaurant", "SHOP": null, "OSM_TYPE": "node", "OSM_ID": 3593963604 }, "geometry": { "type": "Point", "coordinates": [ 23.3605491, 42.6836471 ] } },
{ "type": "Feature", "properties": { "NAME": "Нещо Бар и 20", "NAME_EN": null, "AMENITY": "bar", "SHOP": null, "OSM_TYPE": "node", "OSM_ID": 3610551803 }, "geometry": { "type": "Point", "coordinates": [ 23.3487141, 42.6941642 ] } },
{ "type": "Feature", "properties": { "NAME": "Иначе", "NAME_EN": null, "AMENITY": "restaurant", "SHOP": null, "OSM_TYPE": "node", "OSM_ID": 3620740515 }, "geometry": { "type": "Point", "coordinates": [ 23.3643025, 42.6823477 ] } },
{ "type": "Feature", "properties": { "NAME": "Matinee", "NAME_EN": null, "AMENITY": "cafe", "SHOP": null, "OSM_TYPE": "node", "OSM_ID": 3620742341 }, "geometry": { "type": "Point", "coordinates": [ 23.3621406, 42.6810503 ] } },
{ "type": "Feature", "properties": { "NAME": "Трафа", "NAME_EN": null, "AMENITY": "restaurant", "SHOP": null, "OSM_TYPE": "node", "OSM_ID": 3620742342 }, "geometry": { "type": "Point", "coordinates": [ 23.3635407, 42.6807525 ] } },
{ "type": "Feature", "properties": { "NAME": "Мечките", "NAME_EN": null, "AMENITY": "restaurant", "SHOP": null, "OSM_TYPE": "node", "OSM_ID": 3620747102 }, "geometry": { "type": "Point", "coordinates": [ 23.3632806, 42.6800203 ] } },
{ "type": "Feature", "properties": { "NAME": "Family mood", "NAME_EN": null, "AMENITY": "restaurant", "SHOP": null, "OSM_TYPE": "node", "OSM_ID": 3620807399 }, "geometry": { "type": "Point", "coordinates": [ 23.3734474, 42.6804955 ] } },
{ "type": "Feature", "properties": { "NAME": "Балев Органик Кафе", "NAME_EN": "Balev Organic Cafe", "AMENITY": "cafe", "SHOP": null, "OSM_TYPE": "node", "OSM_ID": 3624029856 }, "geometry": { "type": "Point", "coordinates": [ 23.308358, 42.675047 ] } },
{ "type": "Feature", "properties": { "NAME": "Little Sofia", "NAME_EN": null, "AMENITY": "restaurant", "SHOP": null, "OSM_TYPE": "node", "OSM_ID": 3624041909 }, "geometry": { "type": "Point", "coordinates": [ 23.3083064, 42.674766 ] } },
{ "type": "Feature", "properties": { "NAME": null, "NAME_EN": null, "AMENITY": "restaurant", "SHOP": null, "OSM_TYPE": "node", "OSM_ID": 3631997757 }, "geometry": { "type": "Point", "coordinates": [ 23.4388675, 42.640231 ] } },
{ "type": "Feature", "properties": { "NAME": "Tea & Eat", "NAME_EN": null, "AMENITY": "restaurant", "SHOP": null, "OSM_TYPE": "node", "OSM_ID": 3633883227 }, "geometry": { "type": "Point", "coordinates": [ 23.3550341, 42.6740608 ] } },
{ "type": "Feature", "properties": { "NAME": "Старата къща", "NAME_EN": "The Old House", "AMENITY": "restaurant", "SHOP": null, "OSM_TYPE": "node", "OSM_ID": 3634308281 }, "geometry": { "type": "Point", "coordinates": [ 23.3585006, 42.6731962 ] } },
{ "type": "Feature", "properties": { "NAME": "Джамбо", "NAME_EN": null, "AMENITY": "restaurant", "SHOP": null, "OSM_TYPE": "node", "OSM_ID": 3634309368 }, "geometry": { "type": "Point", "coordinates": [ 23.3590343, 42.672427 ] } },
{ "type": "Feature", "properties": { "NAME": null, "NAME_EN": null, "AMENITY": "fast_food", "SHOP": null, "OSM_TYPE": "node", "OSM_ID": 3635403731 }, "geometry": { "type": "Point", "coordinates": [ 23.3685039, 42.6776935 ] } },
{ "type": "Feature", "properties": { "NAME": null, "NAME_EN": null, "AMENITY": "cafe", "SHOP": null, "OSM_TYPE": "node", "OSM_ID": 3635428725 }, "geometry": { "type": "Point", "coordinates": [ 23.3640004, 42.6768218 ] } },
{ "type": "Feature", "properties": { "NAME": "Тава", "NAME_EN": null, "AMENITY": "restaurant", "SHOP": null, "OSM_TYPE": "node", "OSM_ID": 3635598094 }, "geometry": { "type": "Point", "coordinates": [ 23.3591142, 42.6761704 ] } },
{ "type": "Feature", "properties": { "NAME": "Ловците", "NAME_EN": null, "AMENITY": "restaurant", "SHOP": null, "OSM_TYPE": "node", "OSM_ID": 3635598095 }, "geometry": { "type": "Point", "coordinates": [ 23.3598815, 42.6762515 ] } },
{ "type": "Feature", "properties": { "NAME": "Механа Нашенци", "NAME_EN": null, "AMENITY": "restaurant", "SHOP": null, "OSM_TYPE": "node", "OSM_ID": 3635627259 }, "geometry": { "type": "Point", "coordinates": [ 23.3547203, 42.6780345 ] } },
{ "type": "Feature", "properties": { "NAME": null, "NAME_EN": null, "AMENITY": "fast_food", "SHOP": null, "OSM_TYPE": "node", "OSM_ID": 3635922951 }, "geometry": { "type": "Point", "coordinates": [ 23.3086409, 42.6726468 ] } },
{ "type": "Feature", "properties": { "NAME": "Siesta", "NAME_EN": null, "AMENITY": "restaurant", "SHOP": null, "OSM_TYPE": "node", "OSM_ID": 3635952431 }, "geometry": { "type": "Point", "coordinates": [ 23.3065063, 42.6664484 ] } },
{ "type": "Feature", "properties": { "NAME": "Ahora", "NAME_EN": null, "AMENITY": "restaurant", "SHOP": null, "OSM_TYPE": "node", "OSM_ID": 3635956647 }, "geometry": { "type": "Point", "coordinates": [ 23.3158961, 42.664253 ] } },
{ "type": "Feature", "properties": { "NAME": "Кафе Портокал", "NAME_EN": null, "AMENITY": "cafe", "SHOP": null, "OSM_TYPE": "node", "OSM_ID": 3639224346 }, "geometry": { "type": "Point", "coordinates": [ 23.3144888, 42.710339 ] } },
{ "type": "Feature", "properties": { "NAME": "При Кораба", "NAME_EN": null, "AMENITY": "cafe", "SHOP": null, "OSM_TYPE": "node", "OSM_ID": 3646716190 }, "geometry": { "type": "Point", "coordinates": [ 23.3414591, 42.6605323 ] } },
{ "type": "Feature", "properties": { "NAME": "Кьошето", "NAME_EN": null, "AMENITY": "restaurant", "SHOP": null, "OSM_TYPE": "node", "OSM_ID": 3646726424 }, "geometry": { "type": "Point", "coordinates": [ 23.3361084, 42.6596733 ] } },
{ "type": "Feature", "properties": { "NAME": "Adagio", "NAME_EN": null, "AMENITY": "cafe", "SHOP": null, "OSM_TYPE": "node", "OSM_ID": 3647454483 }, "geometry": { "type": "Point", "coordinates": [ 23.345984, 42.6688593 ] } },
{ "type": "Feature", "properties": { "NAME": "Monroe", "NAME_EN": null, "AMENITY": "cafe", "SHOP": null, "OSM_TYPE": "node", "OSM_ID": 3649758474 }, "geometry": { "type": "Point", "coordinates": [ 23.3233786, 42.6851368 ] } },
{ "type": "Feature", "properties": { "NAME": "My crepes", "NAME_EN": null, "AMENITY": "fast_food", "SHOP": null, "OSM_TYPE": "node", "OSM_ID": 3649759526 }, "geometry": { "type": "Point", "coordinates": [ 23.3229482, 42.6867174 ] } },
{ "type": "Feature", "properties": { "NAME": "Pizzarco", "NAME_EN": null, "AMENITY": "fast_food", "SHOP": null, "OSM_TYPE": "node", "OSM_ID": 3649759527 }, "geometry": { "type": "Point", "coordinates": [ 23.3229878, 42.6869576 ] } },
{ "type": "Feature", "properties": { "NAME": "Le soleil", "NAME_EN": null, "AMENITY": "cafe", "SHOP": null, "OSM_TYPE": "node", "OSM_ID": 3649759529 }, "geometry": { "type": "Point", "coordinates": [ 23.3233561, 42.6845855 ] } },
{ "type": "Feature", "properties": { "NAME": "Цър-Пър", "NAME_EN": null, "AMENITY": "fast_food", "SHOP": null, "OSM_TYPE": "node", "OSM_ID": 3649767003 }, "geometry": { "type": "Point", "coordinates": [ 23.3258639, 42.6825161 ] } },
{ "type": "Feature", "properties": { "NAME": "Corner Club", "NAME_EN": null, "AMENITY": "bar", "SHOP": null, "OSM_TYPE": "node", "OSM_ID": 3649767214 }, "geometry": { "type": "Point", "coordinates": [ 23.3268778, 42.683784 ] } },
{ "type": "Feature", "properties": { "NAME": "Haiku Sushi", "NAME_EN": null, "AMENITY": "restaurant", "SHOP": null, "OSM_TYPE": "node", "OSM_ID": 3651381898 }, "geometry": { "type": "Point", "coordinates": [ 23.3260658, 42.6723937 ] } },
{ "type": "Feature", "properties": { "NAME": "Bigla Bar", "NAME_EN": null, "AMENITY": "bar", "SHOP": null, "OSM_TYPE": "node", "OSM_ID": 3651398046 }, "geometry": { "type": "Point", "coordinates": [ 23.3272719, 42.6711722 ] } },
{ "type": "Feature", "properties": { "NAME": "Culture Beat", "NAME_EN": null, "AMENITY": "bar", "SHOP": null, "OSM_TYPE": "node", "OSM_ID": 3653902200 }, "geometry": { "type": "Point", "coordinates": [ 23.3194949, 42.6844351 ] } },
{ "type": "Feature", "properties": { "NAME": "Costa", "NAME_EN": null, "AMENITY": "cafe", "SHOP": null, "OSM_TYPE": "node", "OSM_ID": 3656047825 }, "geometry": { "type": "Point", "coordinates": [ 23.4156579, 42.6886915 ] } },
{ "type": "Feature", "properties": { "NAME": null, "NAME_EN": null, "AMENITY": "restaurant", "SHOP": null, "OSM_TYPE": "node", "OSM_ID": 3656115427 }, "geometry": { "type": "Point", "coordinates": [ 23.4293965, 42.7094652 ] } },
{ "type": "Feature", "properties": { "NAME": "Клуб на финансиста", "NAME_EN": null, "AMENITY": "cafe", "SHOP": null, "OSM_TYPE": "node", "OSM_ID": 3656483688 }, "geometry": { "type": "Point", "coordinates": [ 23.327925, 42.6943426 ] } },
{ "type": "Feature", "properties": { "NAME": "Cafe House", "NAME_EN": null, "AMENITY": "cafe", "SHOP": null, "OSM_TYPE": "node", "OSM_ID": 3656485981 }, "geometry": { "type": "Point", "coordinates": [ 23.3284547, 42.6945141 ] } },
{ "type": "Feature", "properties": { "NAME": "Le Muse", "NAME_EN": null, "AMENITY": "restaurant", "SHOP": null, "OSM_TYPE": "node", "OSM_ID": 3656516305 }, "geometry": { "type": "Point", "coordinates": [ 23.3212451, 42.6912563 ] } },
{ "type": "Feature", "properties": { "NAME": "Vitamin C", "NAME_EN": null, "AMENITY": "cafe", "SHOP": null, "OSM_TYPE": "node", "OSM_ID": 3656604997 }, "geometry": { "type": "Point", "coordinates": [ 23.3252134, 42.6910794 ] } },
{ "type": "Feature", "properties": { "NAME": "Grafa", "NAME_EN": null, "AMENITY": "restaurant", "SHOP": null, "OSM_TYPE": "node", "OSM_ID": 3656626432 }, "geometry": { "type": "Point", "coordinates": [ 23.3252952, 42.690894 ] } },
{ "type": "Feature", "properties": { "NAME": "Мамините гозби", "NAME_EN": null, "AMENITY": "fast_food", "SHOP": null, "OSM_TYPE": "node", "OSM_ID": 3657737522 }, "geometry": { "type": "Point", "coordinates": [ 23.3253739, 42.690935 ] } },
{ "type": "Feature", "properties": { "NAME": "Мекица и кафе", "NAME_EN": null, "AMENITY": "cafe", "SHOP": null, "OSM_TYPE": "node", "OSM_ID": 3657752176 }, "geometry": { "type": "Point", "coordinates": [ 23.3254787, 42.6908516 ] } },
{ "type": "Feature", "properties": { "NAME": "Залива", "NAME_EN": "Garden Bistro Zaliva", "AMENITY": "restaurant", "SHOP": null, "OSM_TYPE": "node", "OSM_ID": 3657805257 }, "geometry": { "type": "Point", "coordinates": [ 23.329547, 42.6880072 ] } },
{ "type": "Feature", "properties": { "NAME": null, "NAME_EN": null, "AMENITY": "fast_food", "SHOP": null, "OSM_TYPE": "node", "OSM_ID": 3657901480 }, "geometry": { "type": "Point", "coordinates": [ 23.3297364, 42.6885816 ] } },
{ "type": "Feature", "properties": { "NAME": "Зиенбинг къуъдзъ", "NAME_EN": null, "AMENITY": "fast_food", "SHOP": null, "OSM_TYPE": "node", "OSM_ID": 3657901481 }, "geometry": { "type": "Point", "coordinates": [ 23.3296593, 42.688518 ] } },
{ "type": "Feature", "properties": { "NAME": "Мимас", "NAME_EN": "Mimas", "AMENITY": "fast_food", "SHOP": null, "OSM_TYPE": "node", "OSM_ID": 3657927687 }, "geometry": { "type": "Point", "coordinates": [ 23.3292361, 42.6881538 ] } },
{ "type": "Feature", "properties": { "NAME": "Sushi King", "NAME_EN": null, "AMENITY": "restaurant", "SHOP": null, "OSM_TYPE": "node", "OSM_ID": 3657953282 }, "geometry": { "type": "Point", "coordinates": [ 23.3300881, 42.6893031 ] } },
{ "type": "Feature", "properties": { "NAME": "Gyros Planet", "NAME_EN": null, "AMENITY": "fast_food", "SHOP": null, "OSM_TYPE": "node", "OSM_ID": 3657974839 }, "geometry": { "type": "Point", "coordinates": [ 23.3305297, 42.6896911 ] } },
{ "type": "Feature", "properties": { "NAME": "Spaghetti Company", "NAME_EN": null, "AMENITY": "restaurant", "SHOP": null, "OSM_TYPE": "node", "OSM_ID": 3663833601 }, "geometry": { "type": "Point", "coordinates": [ 23.3113787, 42.6802264 ] } },
{ "type": "Feature", "properties": { "NAME": "Green Sport", "NAME_EN": null, "AMENITY": "cafe", "SHOP": null, "OSM_TYPE": "node", "OSM_ID": 3672217864 }, "geometry": { "type": "Point", "coordinates": [ 23.3808642, 42.6770124 ] } },
{ "type": "Feature", "properties": { "NAME": "Betys", "NAME_EN": null, "AMENITY": "cafe", "SHOP": null, "OSM_TYPE": "node", "OSM_ID": 3675839425 }, "geometry": { "type": "Point", "coordinates": [ 23.2935125, 42.6787063 ] } },
{ "type": "Feature", "properties": { "NAME": "Сръбска скара", "NAME_EN": null, "AMENITY": "fast_food", "SHOP": null, "OSM_TYPE": "node", "OSM_ID": 3681459067 }, "geometry": { "type": "Point", "coordinates": [ 23.3657341, 42.6827021 ] } },
{ "type": "Feature", "properties": { "NAME": "Pavilion 24", "NAME_EN": null, "AMENITY": "cafe", "SHOP": null, "OSM_TYPE": "node", "OSM_ID": 3681494952 }, "geometry": { "type": "Point", "coordinates": [ 23.3632018, 42.6831658 ] } },
{ "type": "Feature", "properties": { "NAME": "Grill house", "NAME_EN": null, "AMENITY": "fast_food", "SHOP": null, "OSM_TYPE": "node", "OSM_ID": 3681502202 }, "geometry": { "type": "Point", "coordinates": [ 23.3555594, 42.6934993 ] } },
{ "type": "Feature", "properties": { "NAME": null, "NAME_EN": null, "AMENITY": "restaurant", "SHOP": null, "OSM_TYPE": "node", "OSM_ID": 3681519999 }, "geometry": { "type": "Point", "coordinates": [ 23.4173076, 42.7080239 ] } },
{ "type": "Feature", "properties": { "NAME": "Сръбска скара", "NAME_EN": null, "AMENITY": "restaurant", "SHOP": null, "OSM_TYPE": "node", "OSM_ID": 3681520000 }, "geometry": { "type": "Point", "coordinates": [ 23.436582, 42.7083629 ] } },
{ "type": "Feature", "properties": { "NAME": "Слатина", "NAME_EN": null, "AMENITY": "restaurant", "SHOP": null, "OSM_TYPE": "node", "OSM_ID": 3683034408 }, "geometry": { "type": "Point", "coordinates": [ 23.3740454, 42.6809804 ] } },
{ "type": "Feature", "properties": { "NAME": "При Перо", "NAME_EN": null, "AMENITY": "restaurant", "SHOP": null, "OSM_TYPE": "node", "OSM_ID": 3683035746 }, "geometry": { "type": "Point", "coordinates": [ 23.3665022, 42.6778358 ] } },
{ "type": "Feature", "properties": { "NAME": "Вилици и Лъжици", "NAME_EN": null, "AMENITY": "restaurant", "SHOP": null, "OSM_TYPE": "node", "OSM_ID": 3683061270 }, "geometry": { "type": "Point", "coordinates": [ 23.3996636, 42.6779205 ] } },
{ "type": "Feature", "properties": { "NAME": null, "NAME_EN": null, "AMENITY": "fast_food", "SHOP": null, "OSM_TYPE": "node", "OSM_ID": 3686160424 }, "geometry": { "type": "Point", "coordinates": [ 23.2412378, 42.6586819 ] } },
{ "type": "Feature", "properties": { "NAME": "Софийска баница", "NAME_EN": null, "AMENITY": "fast_food", "SHOP": null, "OSM_TYPE": "node", "OSM_ID": 3686236281 }, "geometry": { "type": "Point", "coordinates": [ 23.2720568, 42.67115 ] } },
{ "type": "Feature", "properties": { "NAME": null, "NAME_EN": null, "AMENITY": "fast_food", "SHOP": null, "OSM_TYPE": "node", "OSM_ID": 3688550886 }, "geometry": { "type": "Point", "coordinates": [ 23.364204, 42.672044 ] } },
{ "type": "Feature", "properties": { "NAME": "Fresh foods", "NAME_EN": null, "AMENITY": "fast_food", "SHOP": null, "OSM_TYPE": "node", "OSM_ID": 3688611379 }, "geometry": { "type": "Point", "coordinates": [ 23.366117, 42.6787923 ] } },
{ "type": "Feature", "properties": { "NAME": "Villa Park", "NAME_EN": null, "AMENITY": "restaurant", "SHOP": null, "OSM_TYPE": "node", "OSM_ID": 3688625092 }, "geometry": { "type": "Point", "coordinates": [ 23.3140794, 42.6753095 ] } },
{ "type": "Feature", "properties": { "NAME": "Paesano", "NAME_EN": null, "AMENITY": "restaurant", "SHOP": null, "OSM_TYPE": "node", "OSM_ID": 3688632288 }, "geometry": { "type": "Point", "coordinates": [ 23.3137432, 42.674575 ] } },
{ "type": "Feature", "properties": { "NAME": "Fish & Grill", "NAME_EN": null, "AMENITY": "restaurant", "SHOP": null, "OSM_TYPE": "node", "OSM_ID": 3688634502 }, "geometry": { "type": "Point", "coordinates": [ 23.3126605, 42.6745227 ] } },
{ "type": "Feature", "properties": { "NAME": "Arnold fit Food", "NAME_EN": null, "AMENITY": "restaurant", "SHOP": null, "OSM_TYPE": "node", "OSM_ID": 3688635164 }, "geometry": { "type": "Point", "coordinates": [ 23.3133324, 42.6742733 ] } },
{ "type": "Feature", "properties": { "NAME": "Floret", "NAME_EN": null, "AMENITY": "restaurant", "SHOP": null, "OSM_TYPE": "node", "OSM_ID": 3688638183 }, "geometry": { "type": "Point", "coordinates": [ 23.3319853, 42.6932602 ] } },
{ "type": "Feature", "properties": { "NAME": "Козела", "NAME_EN": null, "AMENITY": "restaurant", "SHOP": null, "OSM_TYPE": "node", "OSM_ID": 3703592594 }, "geometry": { "type": "Point", "coordinates": [ 23.288111, 42.6767099 ] } },
{ "type": "Feature", "properties": { "NAME": "Двата Лъва", "NAME_EN": null, "AMENITY": "restaurant", "SHOP": null, "OSM_TYPE": "node", "OSM_ID": 3703607319 }, "geometry": { "type": "Point", "coordinates": [ 23.289649, 42.6751433 ] } },
{ "type": "Feature", "properties": { "NAME": "Механа Пломари", "NAME_EN": null, "AMENITY": "restaurant", "SHOP": null, "OSM_TYPE": "node", "OSM_ID": 3703647077 }, "geometry": { "type": "Point", "coordinates": [ 23.4021637, 42.6676862 ] } },
{ "type": "Feature", "properties": { "NAME": "Lucafe", "NAME_EN": null, "AMENITY": "cafe", "SHOP": null, "OSM_TYPE": "node", "OSM_ID": 3715173532 }, "geometry": { "type": "Point", "coordinates": [ 23.2844692, 42.6642431 ] } },
{ "type": "Feature", "properties": { "NAME": "Пица Лъчони", "NAME_EN": "Pizza Lachoni", "AMENITY": "restaurant", "SHOP": null, "OSM_TYPE": "node", "OSM_ID": 3729925118 }, "geometry": { "type": "Point", "coordinates": [ 23.4023908, 42.647731 ] } },
{ "type": "Feature", "properties": { "NAME": "Да поседнем", "NAME_EN": null, "AMENITY": "restaurant", "SHOP": null, "OSM_TYPE": "node", "OSM_ID": 3764303550 }, "geometry": { "type": "Point", "coordinates": [ 23.2637243, 42.648402 ] } },
{ "type": "Feature", "properties": { "NAME": "Сандвичарница", "NAME_EN": null, "AMENITY": "fast_food", "SHOP": null, "OSM_TYPE": "node", "OSM_ID": 3764954875 }, "geometry": { "type": "Point", "coordinates": [ 23.3102836, 42.6928744 ] } },
{ "type": "Feature", "properties": { "NAME": "Кафе-аператив Айвъри", "NAME_EN": "Cafe Ayvari", "AMENITY": "cafe", "SHOP": null, "OSM_TYPE": "node", "OSM_ID": 3774198500 }, "geometry": { "type": "Point", "coordinates": [ 23.3051727, 42.7142956 ] } },
{ "type": "Feature", "properties": { "NAME": "Имунитет", "NAME_EN": null, "AMENITY": "restaurant", "SHOP": null, "OSM_TYPE": "node", "OSM_ID": 3782049928 }, "geometry": { "type": "Point", "coordinates": [ 23.2943116, 42.7094186 ] } },
{ "type": "Feature", "properties": { "NAME": "The family", "NAME_EN": null, "AMENITY": "cafe", "SHOP": null, "OSM_TYPE": "node", "OSM_ID": 3783849327 }, "geometry": { "type": "Point", "coordinates": [ 23.323583, 42.6902374 ] } },
{ "type": "Feature", "properties": { "NAME": "Monterey", "NAME_EN": "Monterey", "AMENITY": "restaurant", "SHOP": null, "OSM_TYPE": "node", "OSM_ID": 3796566194 }, "geometry": { "type": "Point", "coordinates": [ 23.3517687, 42.6720317 ] } },
{ "type": "Feature", "properties": { "NAME": "Пиле на грил", "NAME_EN": null, "AMENITY": "fast_food", "SHOP": null, "OSM_TYPE": "node", "OSM_ID": 3809767249 }, "geometry": { "type": "Point", "coordinates": [ 23.3007927, 42.7027129 ] } },
{ "type": "Feature", "properties": { "NAME": "Restaurant with beer garden", "NAME_EN": null, "AMENITY": "restaurant", "SHOP": null, "OSM_TYPE": "node", "OSM_ID": 3830892769 }, "geometry": { "type": "Point", "coordinates": [ 23.5204207, 42.7091878 ] } },
{ "type": "Feature", "properties": { "NAME": "Motor City", "NAME_EN": null, "AMENITY": "bar", "SHOP": null, "OSM_TYPE": "node", "OSM_ID": 3832491611 }, "geometry": { "type": "Point", "coordinates": [ 23.3182344, 42.6943858 ] } },
{ "type": "Feature", "properties": { "NAME": "Пиано бар Poison", "NAME_EN": null, "AMENITY": "bar", "SHOP": null, "OSM_TYPE": "node", "OSM_ID": 3840553985 }, "geometry": { "type": "Point", "coordinates": [ 23.3311035, 42.6935919 ] } },
{ "type": "Feature", "properties": { "NAME": "Savage Garden", "NAME_EN": null, "AMENITY": "restaurant", "SHOP": null, "OSM_TYPE": "node", "OSM_ID": 3856618057 }, "geometry": { "type": "Point", "coordinates": [ 23.291788, 42.670225 ] } },
{ "type": "Feature", "properties": { "NAME": "Simit Evi", "NAME_EN": null, "AMENITY": "cafe", "SHOP": null, "OSM_TYPE": "node", "OSM_ID": 3857004160 }, "geometry": { "type": "Point", "coordinates": [ 23.2885037, 42.6754295 ] } },
{ "type": "Feature", "properties": { "NAME": "Domino's", "NAME_EN": null, "AMENITY": "fast_food", "SHOP": null, "OSM_TYPE": "node", "OSM_ID": 3857007758 }, "geometry": { "type": "Point", "coordinates": [ 23.285638, 42.672881 ] } },
{ "type": "Feature", "properties": { "NAME": "Борето", "NAME_EN": null, "AMENITY": "restaurant", "SHOP": null, "OSM_TYPE": "node", "OSM_ID": 3857020957 }, "geometry": { "type": "Point", "coordinates": [ 23.2882668, 42.6753352 ] } },
{ "type": "Feature", "properties": { "NAME": "Social Cafe", "NAME_EN": null, "AMENITY": "restaurant", "SHOP": null, "OSM_TYPE": "node", "OSM_ID": 3869053731 }, "geometry": { "type": "Point", "coordinates": [ 23.3201667, 42.693429 ] } },
{ "type": "Feature", "properties": { "NAME": "Raketa", "NAME_EN": null, "AMENITY": "restaurant", "SHOP": null, "OSM_TYPE": "node", "OSM_ID": 3869638878 }, "geometry": { "type": "Point", "coordinates": [ 23.3420071, 42.6982758 ] } },
{ "type": "Feature", "properties": { "NAME": "Бистро Релакс", "NAME_EN": null, "AMENITY": "restaurant", "SHOP": null, "OSM_TYPE": "node", "OSM_ID": 3869867291 }, "geometry": { "type": "Point", "coordinates": [ 23.3183103, 42.6953345 ] } },
{ "type": "Feature", "properties": { "NAME": "Adams", "NAME_EN": null, "AMENITY": "bar", "SHOP": null, "OSM_TYPE": "node", "OSM_ID": 3881522590 }, "geometry": { "type": "Point", "coordinates": [ 23.3339503, 42.7038693 ] } },
{ "type": "Feature", "properties": { "NAME": null, "NAME_EN": null, "AMENITY": "fast_food", "SHOP": null, "OSM_TYPE": "node", "OSM_ID": 3883570160 }, "geometry": { "type": "Point", "coordinates": [ 23.2922843, 42.6767638 ] } },
{ "type": "Feature", "properties": { "NAME": "Ресторант Деметра Обеля", "NAME_EN": null, "AMENITY": "restaurant", "SHOP": null, "OSM_TYPE": "node", "OSM_ID": 3887349623 }, "geometry": { "type": "Point", "coordinates": [ 23.2618996, 42.7382907 ] } },
{ "type": "Feature", "properties": { "NAME": "Тинята", "NAME_EN": null, "AMENITY": "cafe", "SHOP": null, "OSM_TYPE": "node", "OSM_ID": 3887967393 }, "geometry": { "type": "Point", "coordinates": [ 23.3949926, 42.6705561 ] } },
{ "type": "Feature", "properties": { "NAME": "Piano Bar Braga", "NAME_EN": null, "AMENITY": "bar", "SHOP": null, "OSM_TYPE": "node", "OSM_ID": 3901978504 }, "geometry": { "type": "Point", "coordinates": [ 23.3173566, 42.6874597 ] } },
{ "type": "Feature", "properties": { "NAME": null, "NAME_EN": null, "AMENITY": "fast_food", "SHOP": null, "OSM_TYPE": "node", "OSM_ID": 3976109066 }, "geometry": { "type": "Point", "coordinates": [ 23.3401364, 42.6450261 ] } },
{ "type": "Feature", "properties": { "NAME": "RepEat", "NAME_EN": null, "AMENITY": "fast_food", "SHOP": null, "OSM_TYPE": "node", "OSM_ID": 3976109067 }, "geometry": { "type": "Point", "coordinates": [ 23.3398472, 42.6421607 ] } },
{ "type": "Feature", "properties": { "NAME": "Пала Бургер", "NAME_EN": "Palla Burger", "AMENITY": "fast_food", "SHOP": null, "OSM_TYPE": "node", "OSM_ID": 3984966037 }, "geometry": { "type": "Point", "coordinates": [ 23.3414692, 42.6446321 ] } },
{ "type": "Feature", "properties": { "NAME": "Magellan", "NAME_EN": null, "AMENITY": "pub", "SHOP": null, "OSM_TYPE": "node", "OSM_ID": 3991144054 }, "geometry": { "type": "Point", "coordinates": [ 23.3307116, 42.699446 ] } },
{ "type": "Feature", "properties": { "NAME": "Lucky Kitchen", "NAME_EN": null, "AMENITY": "restaurant", "SHOP": null, "OSM_TYPE": "node", "OSM_ID": 3997125019 }, "geometry": { "type": "Point", "coordinates": [ 23.3941426, 42.6792494 ] } },
{ "type": "Feature", "properties": { "NAME": null, "NAME_EN": null, "AMENITY": "restaurant", "SHOP": null, "OSM_TYPE": "node", "OSM_ID": 4002276843 }, "geometry": { "type": "Point", "coordinates": [ 23.1978899, 42.6276782 ] } },
{ "type": "Feature", "properties": { "NAME": "Crafter", "NAME_EN": null, "AMENITY": "pub", "SHOP": null, "OSM_TYPE": "node", "OSM_ID": 4007509918 }, "geometry": { "type": "Point", "coordinates": [ 23.3215751, 42.6943459 ] } },
{ "type": "Feature", "properties": { "NAME": "Кафе-сладкарница Дворецът", "NAME_EN": null, "AMENITY": "cafe", "SHOP": null, "OSM_TYPE": "node", "OSM_ID": 4011767247 }, "geometry": { "type": "Point", "coordinates": [ 23.3763389, 42.6524005 ] } },
{ "type": "Feature", "properties": { "NAME": "Сладкарница \"Мараскини\"", "NAME_EN": null, "AMENITY": "cafe", "SHOP": null, "OSM_TYPE": "node", "OSM_ID": 4053669217 }, "geometry": { "type": "Point", "coordinates": [ 23.3678704, 42.6465266 ] } },
{ "type": "Feature", "properties": { "NAME": "Tahini kitchen", "NAME_EN": null, "AMENITY": "restaurant", "SHOP": null, "OSM_TYPE": "node", "OSM_ID": 4054354543 }, "geometry": { "type": "Point", "coordinates": [ 23.3441681, 42.6936666 ] } },
{ "type": "Feature", "properties": { "NAME": "One Way", "NAME_EN": null, "AMENITY": "restaurant", "SHOP": null, "OSM_TYPE": "node", "OSM_ID": 4075755945 }, "geometry": { "type": "Point", "coordinates": [ 23.3258213, 42.6937861 ] } },
{ "type": "Feature", "properties": { "NAME": "Laplaza", "NAME_EN": null, "AMENITY": "restaurant", "SHOP": null, "OSM_TYPE": "node", "OSM_ID": 4081106641 }, "geometry": { "type": "Point", "coordinates": [ 23.3612916, 42.7072736 ] } },
{ "type": "Feature", "properties": { "NAME": "Фаворит", "NAME_EN": null, "AMENITY": "restaurant", "SHOP": null, "OSM_TYPE": "node", "OSM_ID": 4084917418 }, "geometry": { "type": "Point", "coordinates": [ 23.3218157, 42.7067936 ] } },
{ "type": "Feature", "properties": { "NAME": null, "NAME_EN": null, "AMENITY": "restaurant", "SHOP": null, "OSM_TYPE": "node", "OSM_ID": 4133650092 }, "geometry": { "type": "Point", "coordinates": [ 23.2861008, 42.6820186 ] } },
{ "type": "Feature", "properties": { "NAME": "Pavilion 24", "NAME_EN": null, "AMENITY": "cafe", "SHOP": null, "OSM_TYPE": "node", "OSM_ID": 4133659392 }, "geometry": { "type": "Point", "coordinates": [ 23.2846643, 42.6806974 ] } },
{ "type": "Feature", "properties": { "NAME": "Фантазия", "NAME_EN": null, "AMENITY": "fast_food", "SHOP": null, "OSM_TYPE": "node", "OSM_ID": 4133663689 }, "geometry": { "type": "Point", "coordinates": [ 23.2855744, 42.6784279 ] } },
{ "type": "Feature", "properties": { "NAME": "Сараево", "NAME_EN": null, "AMENITY": "restaurant", "SHOP": null, "OSM_TYPE": "node", "OSM_ID": 4133663690 }, "geometry": { "type": "Point", "coordinates": [ 23.2857022, 42.6812901 ] } },
{ "type": "Feature", "properties": { "NAME": null, "NAME_EN": null, "AMENITY": "cafe", "SHOP": null, "OSM_TYPE": "node", "OSM_ID": 4133663790 }, "geometry": { "type": "Point", "coordinates": [ 23.2830385, 42.6806546 ] } },
{ "type": "Feature", "properties": { "NAME": "Романтика", "NAME_EN": null, "AMENITY": "cafe", "SHOP": "pastry", "OSM_TYPE": "node", "OSM_ID": 4133663892 }, "geometry": { "type": "Point", "coordinates": [ 23.2847408, 42.6757016 ] } },
{ "type": "Feature", "properties": { "NAME": "Мама Мия", "NAME_EN": "Mamma Mia", "AMENITY": "restaurant", "SHOP": null, "OSM_TYPE": "node", "OSM_ID": 4141418189 }, "geometry": { "type": "Point", "coordinates": [ 23.360655, 42.6805425 ] } },
{ "type": "Feature", "properties": { "NAME": "Sisi Fish", "NAME_EN": null, "AMENITY": "fast_food", "SHOP": null, "OSM_TYPE": "node", "OSM_ID": 4148986728 }, "geometry": { "type": "Point", "coordinates": [ 23.2989764, 42.7057993 ] } },
{ "type": "Feature", "properties": { "NAME": "Phoenix", "NAME_EN": "N&K Bakery", "AMENITY": "fast_food", "SHOP": null, "OSM_TYPE": "node", "OSM_ID": 4151193333 }, "geometry": { "type": "Point", "coordinates": [ 23.304877, 42.7142426 ] } },
{ "type": "Feature", "properties": { "NAME": "Кухнята на мама", "NAME_EN": null, "AMENITY": "fast_food", "SHOP": null, "OSM_TYPE": "node", "OSM_ID": 4152281692 }, "geometry": { "type": "Point", "coordinates": [ 23.2854049, 42.6768819 ] } },
{ "type": "Feature", "properties": { "NAME": "Cairo", "NAME_EN": null, "AMENITY": "restaurant", "SHOP": null, "OSM_TYPE": "node", "OSM_ID": 4152281695 }, "geometry": { "type": "Point", "coordinates": [ 23.2869702, 42.6769685 ] } },
{ "type": "Feature", "properties": { "NAME": "Hasienda", "NAME_EN": null, "AMENITY": "restaurant", "SHOP": null, "OSM_TYPE": "node", "OSM_ID": 4152317795 }, "geometry": { "type": "Point", "coordinates": [ 23.2873756, 42.6806062 ] } },
{ "type": "Feature", "properties": { "NAME": "Mon Macaron", "NAME_EN": null, "AMENITY": "cafe", "SHOP": null, "OSM_TYPE": "node", "OSM_ID": 4152341593 }, "geometry": { "type": "Point", "coordinates": [ 23.2864208, 42.6808234 ] } },
{ "type": "Feature", "properties": { "NAME": "Dejavu Bar", "NAME_EN": null, "AMENITY": "bar", "SHOP": null, "OSM_TYPE": "node", "OSM_ID": 4152341689 }, "geometry": { "type": "Point", "coordinates": [ 23.2845413, 42.6806894 ] } },
{ "type": "Feature", "properties": { "NAME": "Il Forno", "NAME_EN": null, "AMENITY": "restaurant", "SHOP": null, "OSM_TYPE": "node", "OSM_ID": 4152341693 }, "geometry": { "type": "Point", "coordinates": [ 23.2853098, 42.6730922 ] } },
{ "type": "Feature", "properties": { "NAME": "Нели", "NAME_EN": null, "AMENITY": "cafe", "SHOP": null, "OSM_TYPE": "node", "OSM_ID": 4152341694 }, "geometry": { "type": "Point", "coordinates": [ 23.2824869, 42.6769756 ] } },
{ "type": "Feature", "properties": { "NAME": "Go Grill", "NAME_EN": null, "AMENITY": "fast_food", "SHOP": null, "OSM_TYPE": "node", "OSM_ID": 4161457893 }, "geometry": { "type": "Point", "coordinates": [ 23.3956074, 42.6682549 ] } },
{ "type": "Feature", "properties": { "NAME": "Supa Star", "NAME_EN": null, "AMENITY": "restaurant", "SHOP": null, "OSM_TYPE": "node", "OSM_ID": 4162679589 }, "geometry": { "type": "Point", "coordinates": [ 23.3311016, 42.6926533 ] } },
{ "type": "Feature", "properties": { "NAME": "Софийска баница", "NAME_EN": null, "AMENITY": "restaurant", "SHOP": null, "OSM_TYPE": "node", "OSM_ID": 4170065489 }, "geometry": { "type": "Point", "coordinates": [ 23.3220075, 42.6914361 ] } },
{ "type": "Feature", "properties": { "NAME": "Витамин Б", "NAME_EN": "Vitamin B", "AMENITY": "bar", "SHOP": null, "OSM_TYPE": "node", "OSM_ID": 4171971689 }, "geometry": { "type": "Point", "coordinates": [ 23.3356214, 42.6978713 ] } },
{ "type": "Feature", "properties": { "NAME": "Есте", "NAME_EN": null, "AMENITY": "restaurant", "SHOP": null, "OSM_TYPE": "node", "OSM_ID": 4176129414 }, "geometry": { "type": "Point", "coordinates": [ 23.35315, 42.6703252 ] } },
{ "type": "Feature", "properties": { "NAME": "MetCake", "NAME_EN": null, "AMENITY": "cafe", "SHOP": null, "OSM_TYPE": "node", "OSM_ID": 4186858396 }, "geometry": { "type": "Point", "coordinates": [ 23.3215458, 42.671324 ] } },
{ "type": "Feature", "properties": { "NAME": "Local", "NAME_EN": null, "AMENITY": "bar", "SHOP": null, "OSM_TYPE": "node", "OSM_ID": 4198049600 }, "geometry": { "type": "Point", "coordinates": [ 23.3248697, 42.6877404 ] } },
{ "type": "Feature", "properties": { "NAME": "Крайпътна къща Старт", "NAME_EN": null, "AMENITY": "cafe", "SHOP": null, "OSM_TYPE": "node", "OSM_ID": 4208030689 }, "geometry": { "type": "Point", "coordinates": [ 23.3029848, 42.7134248 ] } },
{ "type": "Feature", "properties": { "NAME": "Анкора", "NAME_EN": null, "AMENITY": "restaurant", "SHOP": null, "OSM_TYPE": "node", "OSM_ID": 4212058589 }, "geometry": { "type": "Point", "coordinates": [ 23.287044, 42.7091214 ] } },
{ "type": "Feature", "properties": { "NAME": "Ам Гъл", "NAME_EN": null, "AMENITY": "restaurant", "SHOP": null, "OSM_TYPE": "node", "OSM_ID": 4219859090 }, "geometry": { "type": "Point", "coordinates": [ 23.3401551, 42.6961577 ] } },
{ "type": "Feature", "properties": { "NAME": "Пица Лъчони", "NAME_EN": null, "AMENITY": "restaurant", "SHOP": null, "OSM_TYPE": "node", "OSM_ID": 4225059294 }, "geometry": { "type": "Point", "coordinates": [ 23.3692446, 42.6375796 ] } },
{ "type": "Feature", "properties": { "NAME": "Пици Фрици", "NAME_EN": null, "AMENITY": "restaurant", "SHOP": null, "OSM_TYPE": "node", "OSM_ID": 4225206898 }, "geometry": { "type": "Point", "coordinates": [ 23.3803666, 42.6487459 ] } },
{ "type": "Feature", "properties": { "NAME": "Domino's", "NAME_EN": "Domino's", "AMENITY": "fast_food", "SHOP": null, "OSM_TYPE": "node", "OSM_ID": 4225313189 }, "geometry": { "type": "Point", "coordinates": [ 23.3170972, 42.6972721 ] } },
{ "type": "Feature", "properties": { "NAME": "Сръбска скара", "NAME_EN": null, "AMENITY": "restaurant", "SHOP": null, "OSM_TYPE": "node", "OSM_ID": 4230972513 }, "geometry": { "type": "Point", "coordinates": [ 23.2545095, 42.6893774 ] } },
{ "type": "Feature", "properties": { "NAME": "Дюнер бургер", "NAME_EN": null, "AMENITY": "fast_food", "SHOP": null, "OSM_TYPE": "node", "OSM_ID": 4230972535 }, "geometry": { "type": "Point", "coordinates": [ 23.2549589, 42.6878513 ] } },
{ "type": "Feature", "properties": { "NAME": "Палачинките", "NAME_EN": null, "AMENITY": "fast_food", "SHOP": null, "OSM_TYPE": "node", "OSM_ID": 4230981655 }, "geometry": { "type": "Point", "coordinates": [ 23.2549709, 42.687803 ] } },
{ "type": "Feature", "properties": { "NAME": "Skapto", "NAME_EN": "Skapto", "AMENITY": "fast_food", "SHOP": null, "OSM_TYPE": "node", "OSM_ID": 4232118636 }, "geometry": { "type": "Point", "coordinates": [ 23.3297647, 42.6914587 ] } },
{ "type": "Feature", "properties": { "NAME": "Modera Mood Bar", "NAME_EN": null, "AMENITY": "cafe", "SHOP": null, "OSM_TYPE": "node", "OSM_ID": 4235120898 }, "geometry": { "type": "Point", "coordinates": [ 23.3451413, 42.6538512 ] } },
{ "type": "Feature", "properties": { "NAME": "Gelateria Naturale", "NAME_EN": null, "AMENITY": "ice_cream", "SHOP": null, "OSM_TYPE": "node", "OSM_ID": 4236514247 }, "geometry": { "type": "Point", "coordinates": [ 23.330779, 42.6924277 ] } },
{ "type": "Feature", "properties": { "NAME": "Космос", "NAME_EN": null, "AMENITY": "restaurant", "SHOP": null, "OSM_TYPE": "node", "OSM_ID": 4239020790 }, "geometry": { "type": "Point", "coordinates": [ 23.3190422, 42.6947558 ] } },
{ "type": "Feature", "properties": { "NAME": "Пица Пронто", "NAME_EN": "Pizza Pronto", "AMENITY": "restaurant", "SHOP": null, "OSM_TYPE": "node", "OSM_ID": 4244113499 }, "geometry": { "type": "Point", "coordinates": [ 23.3494342, 42.64509 ] } },
{ "type": "Feature", "properties": { "NAME": null, "NAME_EN": null, "AMENITY": "fast_food", "SHOP": null, "OSM_TYPE": "node", "OSM_ID": 4266619323 }, "geometry": { "type": "Point", "coordinates": [ 23.3598034, 42.676341 ] } },
{ "type": "Feature", "properties": { "NAME": "Дюнерите до Плиска", "NAME_EN": null, "AMENITY": "fast_food", "SHOP": null, "OSM_TYPE": "node", "OSM_ID": 4266619327 }, "geometry": { "type": "Point", "coordinates": [ 23.359778, 42.6762932 ] } },
{ "type": "Feature", "properties": { "NAME": "Марти", "NAME_EN": null, "AMENITY": "restaurant", "SHOP": null, "OSM_TYPE": "node", "OSM_ID": 4278164024 }, "geometry": { "type": "Point", "coordinates": [ 23.264991, 42.6619357 ] } },
{ "type": "Feature", "properties": { "NAME": "CoKitchen", "NAME_EN": "CoKitchen", "AMENITY": "restaurant", "SHOP": null, "OSM_TYPE": "node", "OSM_ID": 4282186721 }, "geometry": { "type": "Point", "coordinates": [ 23.3309061, 42.6931951 ] } },
{ "type": "Feature", "properties": { "NAME": null, "NAME_EN": null, "AMENITY": "cafe", "SHOP": null, "OSM_TYPE": "node", "OSM_ID": 4290924691 }, "geometry": { "type": "Point", "coordinates": [ 23.379924, 42.6659345 ] } },
{ "type": "Feature", "properties": { "NAME": "Delight", "NAME_EN": null, "AMENITY": "restaurant", "SHOP": null, "OSM_TYPE": "node", "OSM_ID": 4308089683 }, "geometry": { "type": "Point", "coordinates": [ 23.3737813, 42.6418635 ] } },
{ "type": "Feature", "properties": { "NAME": null, "NAME_EN": null, "AMENITY": "cafe", "SHOP": null, "OSM_TYPE": "node", "OSM_ID": 4310427789 }, "geometry": { "type": "Point", "coordinates": [ 23.2903793, 42.7345899 ] } },
{ "type": "Feature", "properties": { "NAME": "Soul Kitchen", "NAME_EN": null, "AMENITY": "restaurant", "SHOP": null, "OSM_TYPE": "node", "OSM_ID": 4315554111 }, "geometry": { "type": "Point", "coordinates": [ 23.3273666, 42.6843333 ] } },
{ "type": "Feature", "properties": { "NAME": "Made in Blue", "NAME_EN": null, "AMENITY": "restaurant", "SHOP": null, "OSM_TYPE": "node", "OSM_ID": 4315566137 }, "geometry": { "type": "Point", "coordinates": [ 23.3292463, 42.6900638 ] } },
{ "type": "Feature", "properties": { "NAME": "Стара София Дамарче", "NAME_EN": null, "AMENITY": "restaurant", "SHOP": null, "OSM_TYPE": "node", "OSM_ID": 4315581892 }, "geometry": { "type": "Point", "coordinates": [ 23.3269986, 42.698419 ] } },
{ "type": "Feature", "properties": { "NAME": "Фантазия", "NAME_EN": null, "AMENITY": "restaurant", "SHOP": null, "OSM_TYPE": "node", "OSM_ID": 4317522637 }, "geometry": { "type": "Point", "coordinates": [ 23.2993563, 42.6669008 ] } },
{ "type": "Feature", "properties": { "NAME": "Bianco Carrello", "NAME_EN": null, "AMENITY": "restaurant", "SHOP": null, "OSM_TYPE": "node", "OSM_ID": 4318174587 }, "geometry": { "type": "Point", "coordinates": [ 23.3033731, 42.6648945 ] } },
{ "type": "Feature", "properties": { "NAME": null, "NAME_EN": null, "AMENITY": "cafe", "SHOP": null, "OSM_TYPE": "node", "OSM_ID": 4318187313 }, "geometry": { "type": "Point", "coordinates": [ 23.3369226, 42.6947453 ] } },
{ "type": "Feature", "properties": { "NAME": "Сладкарница \"Роза\"", "NAME_EN": null, "AMENITY": "cafe", "SHOP": null, "OSM_TYPE": "node", "OSM_ID": 4326325012 }, "geometry": { "type": "Point", "coordinates": [ 23.2840341, 42.6957387 ] } },
{ "type": "Feature", "properties": { "NAME": "Domino's", "NAME_EN": null, "AMENITY": "fast_food", "SHOP": null, "OSM_TYPE": "node", "OSM_ID": 4330831632 }, "geometry": { "type": "Point", "coordinates": [ 23.2650477, 42.66161 ] } },
{ "type": "Feature", "properties": { "NAME": "Ritz", "NAME_EN": null, "AMENITY": "cafe", "SHOP": null, "OSM_TYPE": "node", "OSM_ID": 4331338232 }, "geometry": { "type": "Point", "coordinates": [ 23.3305759, 42.6944676 ] } },
{ "type": "Feature", "properties": { "NAME": "Тюркоаз", "NAME_EN": "Turquoise", "AMENITY": "restaurant", "SHOP": null, "OSM_TYPE": "node", "OSM_ID": 4332035118 }, "geometry": { "type": "Point", "coordinates": [ 23.2724959, 42.6591063 ] } },
{ "type": "Feature", "properties": { "NAME": "При Гаваза", "NAME_EN": null, "AMENITY": "restaurant", "SHOP": null, "OSM_TYPE": "node", "OSM_ID": 4332287265 }, "geometry": { "type": "Point", "coordinates": [ 23.3677798, 42.6458048 ] } },
{ "type": "Feature", "properties": { "NAME": "Витоша", "NAME_EN": null, "AMENITY": "cafe", "SHOP": null, "OSM_TYPE": "node", "OSM_ID": 4332818045 }, "geometry": { "type": "Point", "coordinates": [ 23.2659012, 42.6662142 ] } },
{ "type": "Feature", "properties": { "NAME": "Алф", "NAME_EN": null, "AMENITY": "fast_food", "SHOP": null, "OSM_TYPE": "node", "OSM_ID": 4335059256 }, "geometry": { "type": "Point", "coordinates": [ 23.3679265, 42.6466438 ] } },
{ "type": "Feature", "properties": { "NAME": "Sweet Bar & Grill Фестивална", "NAME_EN": null, "AMENITY": "restaurant", "SHOP": null, "OSM_TYPE": "node", "OSM_ID": 4336682703 }, "geometry": { "type": "Point", "coordinates": [ 23.3655975, 42.6845704 ] } },
{ "type": "Feature", "properties": { "NAME": "Fresh Up", "NAME_EN": null, "AMENITY": "fast_food", "SHOP": null, "OSM_TYPE": "node", "OSM_ID": 4336755589 }, "geometry": { "type": "Point", "coordinates": [ 23.3244134, 42.6952793 ] } },
{ "type": "Feature", "properties": { "NAME": "Ресторант Сердика", "NAME_EN": "Serdika", "AMENITY": "restaurant", "SHOP": null, "OSM_TYPE": "node", "OSM_ID": 4343740634 }, "geometry": { "type": "Point", "coordinates": [ 23.3207767, 42.6990723 ] } },
{ "type": "Feature", "properties": { "NAME": "Vetrilo", "NAME_EN": null, "AMENITY": "restaurant", "SHOP": null, "OSM_TYPE": "node", "OSM_ID": 4344969247 }, "geometry": { "type": "Point", "coordinates": [ 23.3745281, 42.6572176 ] } },
{ "type": "Feature", "properties": { "NAME": "Площадчето", "NAME_EN": null, "AMENITY": "restaurant", "SHOP": null, "OSM_TYPE": "node", "OSM_ID": 4349079991 }, "geometry": { "type": "Point", "coordinates": [ 23.3204089, 42.6770144 ] } },
{ "type": "Feature", "properties": { "NAME": "Casa de Cuba", "NAME_EN": null, "AMENITY": "bar", "SHOP": null, "OSM_TYPE": "node", "OSM_ID": 4349102989 }, "geometry": { "type": "Point", "coordinates": [ 23.3207658, 42.6773009 ] } },
{ "type": "Feature", "properties": { "NAME": null, "NAME_EN": null, "AMENITY": "cafe", "SHOP": null, "OSM_TYPE": "node", "OSM_ID": 4349411443 }, "geometry": { "type": "Point", "coordinates": [ 23.2932505, 42.6976067 ] } },
{ "type": "Feature", "properties": { "NAME": null, "NAME_EN": null, "AMENITY": "cafe", "SHOP": null, "OSM_TYPE": "node", "OSM_ID": 4349411444 }, "geometry": { "type": "Point", "coordinates": [ 23.2929834, 42.6954877 ] } },
{ "type": "Feature", "properties": { "NAME": "Боримечката", "NAME_EN": null, "AMENITY": "cafe", "SHOP": null, "OSM_TYPE": "node", "OSM_ID": 4349411445 }, "geometry": { "type": "Point", "coordinates": [ 23.2948833, 42.6971294 ] } },
{ "type": "Feature", "properties": { "NAME": "The Wrong Bar", "NAME_EN": null, "AMENITY": "bar", "SHOP": null, "OSM_TYPE": "node", "OSM_ID": 4357102893 }, "geometry": { "type": "Point", "coordinates": [ 23.3399958, 42.6921694 ] } },
{ "type": "Feature", "properties": { "NAME": "Интернет клуб", "NAME_EN": null, "AMENITY": "cafe", "SHOP": null, "OSM_TYPE": "node", "OSM_ID": 4357959496 }, "geometry": { "type": "Point", "coordinates": [ 23.3062541, 42.7291618 ] } },
{ "type": "Feature", "properties": { "NAME": "Piccola Italia", "NAME_EN": null, "AMENITY": "restaurant", "SHOP": null, "OSM_TYPE": "node", "OSM_ID": 4363555589 }, "geometry": { "type": "Point", "coordinates": [ 23.3377182, 42.6964599 ] } },
{ "type": "Feature", "properties": { "NAME": "максима стил", "NAME_EN": null, "AMENITY": "cafe", "SHOP": null, "OSM_TYPE": "node", "OSM_ID": 4365794999 }, "geometry": { "type": "Point", "coordinates": [ 23.3547983, 42.6733824 ] } },
{ "type": "Feature", "properties": { "NAME": "Ла Катедрале", "NAME_EN": "La Cattedrale", "AMENITY": "restaurant", "SHOP": null, "OSM_TYPE": "node", "OSM_ID": 4369652390 }, "geometry": { "type": "Point", "coordinates": [ 23.3338638, 42.6954938 ] } },
{ "type": "Feature", "properties": { "NAME": "Мамбо", "NAME_EN": null, "AMENITY": "fast_food", "SHOP": null, "OSM_TYPE": "node", "OSM_ID": 4373670260 }, "geometry": { "type": "Point", "coordinates": [ 23.3125067, 42.6936473 ] } },
{ "type": "Feature", "properties": { "NAME": "Кафе-аператив \"Симпатико\"", "NAME_EN": "\"Simpatico\" café", "AMENITY": "cafe", "SHOP": null, "OSM_TYPE": "node", "OSM_ID": 4379110324 }, "geometry": { "type": "Point", "coordinates": [ 23.2985222, 42.7145758 ] } },
{ "type": "Feature", "properties": { "NAME": "Aladin Foods", "NAME_EN": null, "AMENITY": "fast_food", "SHOP": null, "OSM_TYPE": "node", "OSM_ID": 4381395821 }, "geometry": { "type": "Point", "coordinates": [ 23.3738641, 42.6528741 ] } },
{ "type": "Feature", "properties": { "NAME": "Скарата.бг", "NAME_EN": null, "AMENITY": "fast_food", "SHOP": null, "OSM_TYPE": "node", "OSM_ID": 4381403029 }, "geometry": { "type": "Point", "coordinates": [ 23.3733189, 42.6522102 ] } },
{ "type": "Feature", "properties": { "NAME": null, "NAME_EN": "Checkpoint Charlie", "AMENITY": "pub", "SHOP": null, "OSM_TYPE": "node", "OSM_ID": 4384426189 }, "geometry": { "type": "Point", "coordinates": [ 23.3040208, 42.6881272 ] } },
{ "type": "Feature", "properties": { "NAME": null, "NAME_EN": null, "AMENITY": "fast_food", "SHOP": null, "OSM_TYPE": "node", "OSM_ID": 4384565889 }, "geometry": { "type": "Point", "coordinates": [ 23.3438227, 42.6506586 ] } },
{ "type": "Feature", "properties": { "NAME": "American Saloon", "NAME_EN": null, "AMENITY": "bar", "SHOP": null, "OSM_TYPE": "node", "OSM_ID": 4384566290 }, "geometry": { "type": "Point", "coordinates": [ 23.3390224, 42.6515199 ] } },
{ "type": "Feature", "properties": { "NAME": "Warsteiner Pub", "NAME_EN": null, "AMENITY": "pub", "SHOP": null, "OSM_TYPE": "node", "OSM_ID": 4389544490 }, "geometry": { "type": "Point", "coordinates": [ 23.3235694, 42.6901376 ] } },
{ "type": "Feature", "properties": { "NAME": "Авангард клуб", "NAME_EN": null, "AMENITY": "cafe", "SHOP": null, "OSM_TYPE": "node", "OSM_ID": 4389645190 }, "geometry": { "type": "Point", "coordinates": [ 23.3162853, 42.6901581 ] } },
{ "type": "Feature", "properties": { "NAME": "Пицата на Скобелев", "NAME_EN": null, "AMENITY": "fast_food", "SHOP": null, "OSM_TYPE": "node", "OSM_ID": 4389674489 }, "geometry": { "type": "Point", "coordinates": [ 23.3127316, 42.6906799 ] } },
{ "type": "Feature", "properties": { "NAME": "Mr. Cook", "NAME_EN": null, "AMENITY": "restaurant", "SHOP": null, "OSM_TYPE": "node", "OSM_ID": 4393664589 }, "geometry": { "type": "Point", "coordinates": [ 23.3184645, 42.690901 ] } },
{ "type": "Feature", "properties": { "NAME": "The New Fox & Hound", "NAME_EN": null, "AMENITY": "pub", "SHOP": null, "OSM_TYPE": "node", "OSM_ID": 4394967313 }, "geometry": { "type": "Point", "coordinates": [ 23.3214789, 42.6890614 ] } },
{ "type": "Feature", "properties": { "NAME": "Бистро \"Галерията\"", "NAME_EN": null, "AMENITY": "restaurant", "SHOP": null, "OSM_TYPE": "node", "OSM_ID": 4396174093 }, "geometry": { "type": "Point", "coordinates": [ 23.3507373, 42.70331 ] } },
{ "type": "Feature", "properties": { "NAME": "Fastburger", "NAME_EN": null, "AMENITY": "fast_food", "SHOP": null, "OSM_TYPE": "node", "OSM_ID": 4401168891 }, "geometry": { "type": "Point", "coordinates": [ 23.3068073, 42.6896733 ] } },
{ "type": "Feature", "properties": { "NAME": "Червено слънце", "NAME_EN": "Red Sun", "AMENITY": "restaurant", "SHOP": null, "OSM_TYPE": "node", "OSM_ID": 4403315186 }, "geometry": { "type": "Point", "coordinates": [ 23.2983021, 42.7055722 ] } },
{ "type": "Feature", "properties": { "NAME": "Joy Station", "NAME_EN": null, "AMENITY": "bar", "SHOP": null, "OSM_TYPE": "node", "OSM_ID": 4403414893 }, "geometry": { "type": "Point", "coordinates": [ 23.3470069, 42.6543999 ] } },
{ "type": "Feature", "properties": { "NAME": "Бирария 5те кьошета", "NAME_EN": "5 Corners Alehouse", "AMENITY": "pub", "SHOP": null, "OSM_TYPE": "node", "OSM_ID": 4404332993 }, "geometry": { "type": "Point", "coordinates": [ 23.3147556, 42.6886174 ] } },
{ "type": "Feature", "properties": { "NAME": null, "NAME_EN": null, "AMENITY": "restaurant", "SHOP": null, "OSM_TYPE": "node", "OSM_ID": 4407559090 }, "geometry": { "type": "Point", "coordinates": [ 23.2845812, 42.7011416 ] } },
{ "type": "Feature", "properties": { "NAME": "Пауновата къща", "NAME_EN": "Paunovata Kyshta", "AMENITY": "restaurant", "SHOP": null, "OSM_TYPE": "node", "OSM_ID": 4413054090 }, "geometry": { "type": "Point", "coordinates": [ 23.5012622, 42.53588 ] } },
{ "type": "Feature", "properties": { "NAME": "Охо", "NAME_EN": "Oho", "AMENITY": "restaurant", "SHOP": null, "OSM_TYPE": "node", "OSM_ID": 4431148689 }, "geometry": { "type": "Point", "coordinates": [ 23.3845763, 42.6264455 ] } },
{ "type": "Feature", "properties": { "NAME": "Лейди Мариана", "NAME_EN": "Lady Mariana", "AMENITY": "restaurant", "SHOP": null, "OSM_TYPE": "node", "OSM_ID": 4437320789 }, "geometry": { "type": "Point", "coordinates": [ 23.3757402, 42.6598642 ] } },
{ "type": "Feature", "properties": { "NAME": null, "NAME_EN": null, "AMENITY": "fast_food", "SHOP": null, "OSM_TYPE": "node", "OSM_ID": 4438711890 }, "geometry": { "type": "Point", "coordinates": [ 23.3760883, 42.662159 ] } },
{ "type": "Feature", "properties": { "NAME": "Ravello Caffè Pasticceria", "NAME_EN": null, "AMENITY": "cafe", "SHOP": null, "OSM_TYPE": "node", "OSM_ID": 4438744189 }, "geometry": { "type": "Point", "coordinates": [ 23.3763407, 42.657731 ] } },
{ "type": "Feature", "properties": { "NAME": "Механа Младостъ", "NAME_EN": "Mladosta", "AMENITY": "restaurant", "SHOP": null, "OSM_TYPE": "node", "OSM_ID": 4438744389 }, "geometry": { "type": "Point", "coordinates": [ 23.3754923, 42.6617117 ] } },
{ "type": "Feature", "properties": { "NAME": "Експо кристал", "NAME_EN": "Expo kristal", "AMENITY": "restaurant", "SHOP": null, "OSM_TYPE": "node", "OSM_ID": 4440466489 }, "geometry": { "type": "Point", "coordinates": [ 23.3949103, 42.6493695 ] } },
{ "type": "Feature", "properties": { "NAME": "Liguria", "NAME_EN": null, "AMENITY": "restaurant", "SHOP": null, "OSM_TYPE": "node", "OSM_ID": 4453523744 }, "geometry": { "type": "Point", "coordinates": [ 23.3765545, 42.6610787 ] } },
{ "type": "Feature", "properties": { "NAME": "Гостилница „Сервиза“", "NAME_EN": null, "AMENITY": "restaurant", "SHOP": null, "OSM_TYPE": "node", "OSM_ID": 4456392675 }, "geometry": { "type": "Point", "coordinates": [ 23.2883449, 42.7143828 ] } },
{ "type": "Feature", "properties": { "NAME": "Шкембеджийница", "NAME_EN": null, "AMENITY": "restaurant", "SHOP": null, "OSM_TYPE": "node", "OSM_ID": 4456409595 }, "geometry": { "type": "Point", "coordinates": [ 23.3023272, 42.7077708 ] } },
{ "type": "Feature", "properties": { "NAME": "Хаджи Митко", "NAME_EN": null, "AMENITY": "restaurant", "SHOP": null, "OSM_TYPE": "node", "OSM_ID": 4457791389 }, "geometry": { "type": "Point", "coordinates": [ 23.3518663, 42.7071206 ] } },
{ "type": "Feature", "properties": { "NAME": "Kaffeine", "NAME_EN": "Kaffeine", "AMENITY": "cafe", "SHOP": null, "OSM_TYPE": "node", "OSM_ID": 4462402895 }, "geometry": { "type": "Point", "coordinates": [ 23.3379651, 42.6424532 ] } },
{ "type": "Feature", "properties": { "NAME": "Relax", "NAME_EN": null, "AMENITY": "cafe", "SHOP": null, "OSM_TYPE": "node", "OSM_ID": 4463205000 }, "geometry": { "type": "Point", "coordinates": [ 23.376899, 42.7156763 ] } },
{ "type": "Feature", "properties": { "NAME": "BMS Българска кухня", "NAME_EN": null, "AMENITY": "fast_food", "SHOP": null, "OSM_TYPE": "node", "OSM_ID": 4464944080 }, "geometry": { "type": "Point", "coordinates": [ 23.3144007, 42.6575881 ] } },
{ "type": "Feature", "properties": { "NAME": "Burger King", "NAME_EN": null, "AMENITY": "fast_food", "SHOP": null, "OSM_TYPE": "node", "OSM_ID": 4464944081 }, "geometry": { "type": "Point", "coordinates": [ 23.3140962, 42.657235 ] } },
{ "type": "Feature", "properties": { "NAME": "Burrata Italiana", "NAME_EN": null, "AMENITY": "restaurant", "SHOP": null, "OSM_TYPE": "node", "OSM_ID": 4464944084 }, "geometry": { "type": "Point", "coordinates": [ 23.3133842, 42.6572683 ] } },
{ "type": "Feature", "properties": { "NAME": "Happy Bar & Grill", "NAME_EN": null, "AMENITY": "restaurant", "SHOP": null, "OSM_TYPE": "node", "OSM_ID": 4464944085 }, "geometry": { "type": "Point", "coordinates": [ 23.3146831, 42.6576015 ] } },
{ "type": "Feature", "properties": { "NAME": "KFC", "NAME_EN": null, "AMENITY": "fast_food", "SHOP": null, "OSM_TYPE": "node", "OSM_ID": 4464944087 }, "geometry": { "type": "Point", "coordinates": [ 23.3145054, 42.6576392 ] } },
{ "type": "Feature", "properties": { "NAME": "McDonald's", "NAME_EN": null, "AMENITY": "fast_food", "SHOP": null, "OSM_TYPE": "node", "OSM_ID": 4464944088 }, "geometry": { "type": "Point", "coordinates": [ 23.3140832, 42.6571459 ] } },
{ "type": "Feature", "properties": { "NAME": "KETE", "NAME_EN": null, "AMENITY": "fast_food", "SHOP": null, "OSM_TYPE": "node", "OSM_ID": 4464944192 }, "geometry": { "type": "Point", "coordinates": [ 23.3141365, 42.6573498 ] } },
{ "type": "Feature", "properties": { "NAME": "Senior Burrito", "NAME_EN": null, "AMENITY": "fast_food", "SHOP": null, "OSM_TYPE": "node", "OSM_ID": 4464944193 }, "geometry": { "type": "Point", "coordinates": [ 23.3141574, 42.6573957 ] } },
{ "type": "Feature", "properties": { "NAME": "American cheese steak", "NAME_EN": null, "AMENITY": "fast_food", "SHOP": null, "OSM_TYPE": "node", "OSM_ID": 4464944196 }, "geometry": { "type": "Point", "coordinates": [ 23.3142255, 42.6574642 ] } },
{ "type": "Feature", "properties": { "NAME": "Ola Taste of Med", "NAME_EN": null, "AMENITY": "fast_food", "SHOP": null, "OSM_TYPE": "node", "OSM_ID": 4464944197 }, "geometry": { "type": "Point", "coordinates": [ 23.3142704, 42.6574923 ] } },
{ "type": "Feature", "properties": { "NAME": "Turkish House Adana", "NAME_EN": null, "AMENITY": "fast_food", "SHOP": null, "OSM_TYPE": "node", "OSM_ID": 4464944198 }, "geometry": { "type": "Point", "coordinates": [ 23.3141102, 42.6572991 ] } },
{ "type": "Feature", "properties": { "NAME": "skarra", "NAME_EN": null, "AMENITY": "fast_food", "SHOP": null, "OSM_TYPE": "node", "OSM_ID": 4464944219 }, "geometry": { "type": "Point", "coordinates": [ 23.3143424, 42.6575494 ] } },
{ "type": "Feature", "properties": { "NAME": "Жули", "NAME_EN": null, "AMENITY": "restaurant", "SHOP": null, "OSM_TYPE": "node", "OSM_ID": 4467992389 }, "geometry": { "type": "Point", "coordinates": [ 23.3035868, 42.7042127 ] } },
{ "type": "Feature", "properties": { "NAME": "Бирария Бавария", "NAME_EN": "Pub Bavaria", "AMENITY": "pub", "SHOP": null, "OSM_TYPE": "node", "OSM_ID": 4472358396 }, "geometry": { "type": "Point", "coordinates": [ 23.2818715, 42.7092116 ] } },
{ "type": "Feature", "properties": { "NAME": "Мистър Ули", "NAME_EN": "Mr. Uli", "AMENITY": "restaurant", "SHOP": null, "OSM_TYPE": "node", "OSM_ID": 4473459842 }, "geometry": { "type": "Point", "coordinates": [ 23.3326613, 42.7010936 ] } },
{ "type": "Feature", "properties": { "NAME": "Чудно", "NAME_EN": null, "AMENITY": "restaurant", "SHOP": null, "OSM_TYPE": "node", "OSM_ID": 4475252392 }, "geometry": { "type": "Point", "coordinates": [ 23.2473652, 42.7162716 ] } },
{ "type": "Feature", "properties": { "NAME": null, "NAME_EN": null, "AMENITY": "cafe", "SHOP": null, "OSM_TYPE": "node", "OSM_ID": 4475340191 }, "geometry": { "type": "Point", "coordinates": [ 23.2487357, 42.7167883 ] } },
{ "type": "Feature", "properties": { "NAME": "Баш бар", "NAME_EN": "Bash Bar", "AMENITY": "bar", "SHOP": null, "OSM_TYPE": "node", "OSM_ID": 4479756885 }, "geometry": { "type": "Point", "coordinates": [ 23.3446475, 42.6890454 ] } },
{ "type": "Feature", "properties": { "NAME": "Клуб Алкохол", "NAME_EN": null, "AMENITY": "bar", "SHOP": null, "OSM_TYPE": "node", "OSM_ID": 4485495691 }, "geometry": { "type": "Point", "coordinates": [ 23.3240455, 42.6916551 ] } },
{ "type": "Feature", "properties": { "NAME": "Дюнер Лилан", "NAME_EN": null, "AMENITY": "fast_food", "SHOP": null, "OSM_TYPE": "node", "OSM_ID": 4485754999 }, "geometry": { "type": "Point", "coordinates": [ 23.3416895, 42.6897793 ] } },
{ "type": "Feature", "properties": { "NAME": "Solo for friends", "NAME_EN": null, "AMENITY": "restaurant", "SHOP": null, "OSM_TYPE": "node", "OSM_ID": 4485755006 }, "geometry": { "type": "Point", "coordinates": [ 23.3431165, 42.6926763 ] } },
{ "type": "Feature", "properties": { "NAME": "Burrata", "NAME_EN": null, "AMENITY": "restaurant", "SHOP": null, "OSM_TYPE": "node", "OSM_ID": 4485755018 }, "geometry": { "type": "Point", "coordinates": [ 23.340503, 42.692962 ] } },
{ "type": "Feature", "properties": { "NAME": "Crystal Palace", "NAME_EN": null, "AMENITY": "restaurant", "SHOP": null, "OSM_TYPE": "node", "OSM_ID": 4485755029 }, "geometry": { "type": "Point", "coordinates": [ 23.3375756, 42.6937654 ] } },
{ "type": "Feature", "properties": { "NAME": "Costa", "NAME_EN": null, "AMENITY": "cafe", "SHOP": null, "OSM_TYPE": "node", "OSM_ID": 4485755040 }, "geometry": { "type": "Point", "coordinates": [ 23.3195748, 42.6851684 ] } },
{ "type": "Feature", "properties": { "NAME": null, "NAME_EN": null, "AMENITY": "fast_food", "SHOP": null, "OSM_TYPE": "node", "OSM_ID": 4485755047 }, "geometry": { "type": "Point", "coordinates": [ 23.3419019, 42.6897238 ] } },
{ "type": "Feature", "properties": { "NAME": "Амбианс", "NAME_EN": "Ambians", "AMENITY": "restaurant", "SHOP": null, "OSM_TYPE": "node", "OSM_ID": 4485755055 }, "geometry": { "type": "Point", "coordinates": [ 23.3407595, 42.6900153 ] } },
{ "type": "Feature", "properties": { "NAME": "Бирен бар Тони", "NAME_EN": "Beer Bar Toni", "AMENITY": "bar", "SHOP": null, "OSM_TYPE": "node", "OSM_ID": 4485755069 }, "geometry": { "type": "Point", "coordinates": [ 23.3388322, 42.6935349 ] } },
{ "type": "Feature", "properties": { "NAME": "Мая", "NAME_EN": null, "AMENITY": "cafe", "SHOP": null, "OSM_TYPE": "node", "OSM_ID": 4485755398 }, "geometry": { "type": "Point", "coordinates": [ 23.338881, 42.6935253 ] } },
{ "type": "Feature", "properties": { "NAME": "Стил", "NAME_EN": null, "AMENITY": "bar", "SHOP": null, "OSM_TYPE": "node", "OSM_ID": 4485755399 }, "geometry": { "type": "Point", "coordinates": [ 23.3435289, 42.6891904 ] } },
{ "type": "Feature", "properties": { "NAME": "Bar de rouge", "NAME_EN": null, "AMENITY": "bar", "SHOP": null, "OSM_TYPE": "node", "OSM_ID": 4485755400 }, "geometry": { "type": "Point", "coordinates": [ 23.3364868, 42.6940173 ] } },
{ "type": "Feature", "properties": { "NAME": "Грозд", "NAME_EN": null, "AMENITY": "restaurant", "SHOP": null, "OSM_TYPE": "node", "OSM_ID": 4485755402 }, "geometry": { "type": "Point", "coordinates": [ 23.3363082, 42.6918489 ] } },
{ "type": "Feature", "properties": { "NAME": "Bar Me", "NAME_EN": null, "AMENITY": "bar", "SHOP": null, "OSM_TYPE": "node", "OSM_ID": 4485755409 }, "geometry": { "type": "Point", "coordinates": [ 23.3297073, 42.6954112 ] } },
{ "type": "Feature", "properties": { "NAME": "Jimmy's", "NAME_EN": null, "AMENITY": "ice_cream", "SHOP": null, "OSM_TYPE": "node", "OSM_ID": 4485755416 }, "geometry": { "type": "Point", "coordinates": [ 23.3380284, 42.6937018 ] } },
{ "type": "Feature", "properties": { "NAME": "Tokyo", "NAME_EN": null, "AMENITY": "bar", "SHOP": null, "OSM_TYPE": "node", "OSM_ID": 4485755420 }, "geometry": { "type": "Point", "coordinates": [ 23.3400411, 42.690505 ] } },
{ "type": "Feature", "properties": { "NAME": "Tartufo", "NAME_EN": null, "AMENITY": "restaurant", "SHOP": null, "OSM_TYPE": "node", "OSM_ID": 4485755422 }, "geometry": { "type": "Point", "coordinates": [ 23.3403452, 42.6934625 ] } },
{ "type": "Feature", "properties": { "NAME": "Rusty Grill", "NAME_EN": null, "AMENITY": "fast_food", "SHOP": null, "OSM_TYPE": "node", "OSM_ID": 4485755426 }, "geometry": { "type": "Point", "coordinates": [ 23.3367976, 42.6939548 ] } },
{ "type": "Feature", "properties": { "NAME": "Egur Egur", "NAME_EN": null, "AMENITY": "restaurant", "SHOP": null, "OSM_TYPE": "node", "OSM_ID": 4485755436 }, "geometry": { "type": "Point", "coordinates": [ 23.3296164, 42.6962753 ] } },
{ "type": "Feature", "properties": { "NAME": null, "NAME_EN": null, "AMENITY": "restaurant", "SHOP": null, "OSM_TYPE": "node", "OSM_ID": 4486117140 }, "geometry": { "type": "Point", "coordinates": [ 23.3424029, 42.6895895 ] } },
{ "type": "Feature", "properties": { "NAME": "Art restaurant Dali", "NAME_EN": null, "AMENITY": "restaurant", "SHOP": null, "OSM_TYPE": "node", "OSM_ID": 4486788827 }, "geometry": { "type": "Point", "coordinates": [ 23.3457392, 42.6879905 ] } },
{ "type": "Feature", "properties": { "NAME": "При Мая", "NAME_EN": null, "AMENITY": "cafe", "SHOP": null, "OSM_TYPE": "node", "OSM_ID": 4486788858 }, "geometry": { "type": "Point", "coordinates": [ 23.3496645, 42.6936525 ] } },
{ "type": "Feature", "properties": { "NAME": "Българска баница", "NAME_EN": null, "AMENITY": "fast_food", "SHOP": null, "OSM_TYPE": "node", "OSM_ID": 4486788869 }, "geometry": { "type": "Point", "coordinates": [ 23.3517374, 42.6935985 ] } },
{ "type": "Feature", "properties": { "NAME": "Компанията", "NAME_EN": null, "AMENITY": "cafe", "SHOP": null, "OSM_TYPE": "node", "OSM_ID": 4486788879 }, "geometry": { "type": "Point", "coordinates": [ 23.3526097, 42.6934789 ] } },
{ "type": "Feature", "properties": { "NAME": null, "NAME_EN": null, "AMENITY": "fast_food", "SHOP": null, "OSM_TYPE": "node", "OSM_ID": 4486788882 }, "geometry": { "type": "Point", "coordinates": [ 23.3466276, 42.6880095 ] } },
{ "type": "Feature", "properties": { "NAME": "Basement", "NAME_EN": null, "AMENITY": "bar", "SHOP": null, "OSM_TYPE": "node", "OSM_ID": 4486789500 }, "geometry": { "type": "Point", "coordinates": [ 23.3485072, 42.686452 ] } },
{ "type": "Feature", "properties": { "NAME": "Кралско пиле", "NAME_EN": null, "AMENITY": "fast_food", "SHOP": null, "OSM_TYPE": "node", "OSM_ID": 4486789554 }, "geometry": { "type": "Point", "coordinates": [ 23.3488337, 42.6937472 ] } },
{ "type": "Feature", "properties": { "NAME": "Fresh & go", "NAME_EN": null, "AMENITY": "fast_food", "SHOP": null, "OSM_TYPE": "node", "OSM_ID": 4486789557 }, "geometry": { "type": "Point", "coordinates": [ 23.3514149, 42.6937924 ] } },
{ "type": "Feature", "properties": { "NAME": "Street Bar", "NAME_EN": null, "AMENITY": "bar", "SHOP": null, "OSM_TYPE": "node", "OSM_ID": 4493725490 }, "geometry": { "type": "Point", "coordinates": [ 23.3289117, 42.7027957 ] } },
{ "type": "Feature", "properties": { "NAME": "Оскар", "NAME_EN": null, "AMENITY": "fast_food", "SHOP": null, "OSM_TYPE": "node", "OSM_ID": 4497528403 }, "geometry": { "type": "Point", "coordinates": [ 23.3167997, 42.694961 ] } },
{ "type": "Feature", "properties": { "NAME": "Пърленка", "NAME_EN": null, "AMENITY": "fast_food", "SHOP": null, "OSM_TYPE": "node", "OSM_ID": 4497528412 }, "geometry": { "type": "Point", "coordinates": [ 23.3168747, 42.6949665 ] } },
{ "type": "Feature", "properties": { "NAME": "Трикракото пиле", "NAME_EN": null, "AMENITY": "restaurant", "SHOP": null, "OSM_TYPE": "node", "OSM_ID": 4497528429 }, "geometry": { "type": "Point", "coordinates": [ 23.3173462, 42.6945225 ] } },
{ "type": "Feature", "properties": { "NAME": "Мали Београд", "NAME_EN": null, "AMENITY": "restaurant", "SHOP": null, "OSM_TYPE": "node", "OSM_ID": 4501418203 }, "geometry": { "type": "Point", "coordinates": [ 23.319388, 42.6946714 ] } },
{ "type": "Feature", "properties": { "NAME": "Кратуните", "NAME_EN": null, "AMENITY": "restaurant", "SHOP": null, "OSM_TYPE": "node", "OSM_ID": 4501446144 }, "geometry": { "type": "Point", "coordinates": [ 23.3198468, 42.6946024 ] } },
{ "type": "Feature", "properties": { "NAME": null, "NAME_EN": null, "AMENITY": "cafe", "SHOP": null, "OSM_TYPE": "node", "OSM_ID": 4501878608 }, "geometry": { "type": "Point", "coordinates": [ 23.3490634, 42.7047213 ] } },
{ "type": "Feature", "properties": { "NAME": "Ха наздраве!", "NAME_EN": null, "AMENITY": "restaurant", "SHOP": null, "OSM_TYPE": "node", "OSM_ID": 4501878609 }, "geometry": { "type": "Point", "coordinates": [ 23.3485378, 42.7058704 ] } },
{ "type": "Feature", "properties": { "NAME": "при Хаджията", "NAME_EN": null, "AMENITY": "restaurant", "SHOP": null, "OSM_TYPE": "node", "OSM_ID": 4501878610 }, "geometry": { "type": "Point", "coordinates": [ 23.3482057, 42.7066785 ] } },
{ "type": "Feature", "properties": { "NAME": "Gyroland", "NAME_EN": null, "AMENITY": "fast_food", "SHOP": null, "OSM_TYPE": "node", "OSM_ID": 4503127370 }, "geometry": { "type": "Point", "coordinates": [ 23.3208914, 42.6944043 ] } },
{ "type": "Feature", "properties": { "NAME": "Али Баба", "NAME_EN": null, "AMENITY": "fast_food", "SHOP": null, "OSM_TYPE": "node", "OSM_ID": 4503154526 }, "geometry": { "type": "Point", "coordinates": [ 23.3216352, 42.6947039 ] } },
{ "type": "Feature", "properties": { "NAME": "Русский клуб \"Большой\"", "NAME_EN": null, "AMENITY": "restaurant", "SHOP": null, "OSM_TYPE": "node", "OSM_ID": 4503231174 }, "geometry": { "type": "Point", "coordinates": [ 23.3224547, 42.6940922 ] } },
{ "type": "Feature", "properties": { "NAME": "Tap Local", "NAME_EN": null, "AMENITY": "pub", "SHOP": null, "OSM_TYPE": "node", "OSM_ID": 4503273617 }, "geometry": { "type": "Point", "coordinates": [ 23.328277, 42.6949301 ] } },
{ "type": "Feature", "properties": { "NAME": "Satsanga", "NAME_EN": null, "AMENITY": "restaurant", "SHOP": null, "OSM_TYPE": "node", "OSM_ID": 4503273625 }, "geometry": { "type": "Point", "coordinates": [ 23.328354, 42.6950233 ] } },
{ "type": "Feature", "properties": { "NAME": "Quche", "NAME_EN": null, "AMENITY": "pub", "SHOP": null, "OSM_TYPE": "node", "OSM_ID": 4503732691 }, "geometry": { "type": "Point", "coordinates": [ 23.342097, 42.6947754 ] } },
{ "type": "Feature", "properties": { "NAME": "Audrey", "NAME_EN": null, "AMENITY": "restaurant", "SHOP": null, "OSM_TYPE": "node", "OSM_ID": 4505199134 }, "geometry": { "type": "Point", "coordinates": [ 23.3303067, 42.6950338 ] } },
{ "type": "Feature", "properties": { "NAME": "Boom! Burgers", "NAME_EN": null, "AMENITY": "restaurant", "SHOP": null, "OSM_TYPE": "node", "OSM_ID": 4505199135 }, "geometry": { "type": "Point", "coordinates": [ 23.3308253, 42.6944227 ] } },
{ "type": "Feature", "properties": { "NAME": "Angus Revolution", "NAME_EN": null, "AMENITY": "restaurant", "SHOP": null, "OSM_TYPE": "node", "OSM_ID": 4505199145 }, "geometry": { "type": "Point", "coordinates": [ 23.3296533, 42.6940745 ] } },
{ "type": "Feature", "properties": { "NAME": "Chefs", "NAME_EN": null, "AMENITY": "restaurant", "SHOP": null, "OSM_TYPE": "node", "OSM_ID": 4505211884 }, "geometry": { "type": "Point", "coordinates": [ 23.3314359, 42.6941866 ] } },
{ "type": "Feature", "properties": { "NAME": "Grape Central", "NAME_EN": null, "AMENITY": "bar", "SHOP": null, "OSM_TYPE": "node", "OSM_ID": 4505226007 }, "geometry": { "type": "Point", "coordinates": [ 23.3166894, 42.6938251 ] } },
{ "type": "Feature", "properties": { "NAME": "65 Светулки", "NAME_EN": null, "AMENITY": "bar", "SHOP": null, "OSM_TYPE": "node", "OSM_ID": 4505226028 }, "geometry": { "type": "Point", "coordinates": [ 23.3153728, 42.6933399 ] } },
{ "type": "Feature", "properties": { "NAME": "Rawwbite", "NAME_EN": null, "AMENITY": "cafe", "SHOP": null, "OSM_TYPE": "node", "OSM_ID": 4507262297 }, "geometry": { "type": "Point", "coordinates": [ 23.3180228, 42.6935744 ] } },
{ "type": "Feature", "properties": { "NAME": "Barkley", "NAME_EN": null, "AMENITY": "bar", "SHOP": null, "OSM_TYPE": "node", "OSM_ID": 4507330434 }, "geometry": { "type": "Point", "coordinates": [ 23.3180903, 42.693762 ] } },
{ "type": "Feature", "properties": { "NAME": "Leo Crepes", "NAME_EN": null, "AMENITY": "fast_food", "SHOP": null, "OSM_TYPE": "node", "OSM_ID": 4507330457 }, "geometry": { "type": "Point", "coordinates": [ 23.3180782, 42.6936074 ] } },
{ "type": "Feature", "properties": { "NAME": "Мома", "NAME_EN": null, "AMENITY": "restaurant", "SHOP": null, "OSM_TYPE": "node", "OSM_ID": 4507347216 }, "geometry": { "type": "Point", "coordinates": [ 23.3188788, 42.6930222 ] } },
{ "type": "Feature", "properties": { "NAME": "Prado", "NAME_EN": null, "AMENITY": "ice_cream", "SHOP": null, "OSM_TYPE": "node", "OSM_ID": 4509356526 }, "geometry": { "type": "Point", "coordinates": [ 23.3202619, 42.693669 ] } },
{ "type": "Feature", "properties": { "NAME": "Щастливеца", "NAME_EN": null, "AMENITY": "restaurant", "SHOP": null, "OSM_TYPE": "node", "OSM_ID": 4509356533 }, "geometry": { "type": "Point", "coordinates": [ 23.3205309, 42.6932283 ] } },
{ "type": "Feature", "properties": { "NAME": "Kotva", "NAME_EN": null, "AMENITY": "restaurant", "SHOP": null, "OSM_TYPE": "node", "OSM_ID": 4509356546 }, "geometry": { "type": "Point", "coordinates": [ 23.3200047, 42.6940606 ] } },
{ "type": "Feature", "properties": { "NAME": "French Tacos Factory", "NAME_EN": null, "AMENITY": "fast_food", "SHOP": null, "OSM_TYPE": "node", "OSM_ID": 4509422543 }, "geometry": { "type": "Point", "coordinates": [ 23.3198374, 42.6928386 ] } },
{ "type": "Feature", "properties": { "NAME": "Djanam", "NAME_EN": null, "AMENITY": "restaurant", "SHOP": null, "OSM_TYPE": "node", "OSM_ID": 4509422558 }, "geometry": { "type": "Point", "coordinates": [ 23.3200298, 42.6929639 ] } },
{ "type": "Feature", "properties": { "NAME": "Secret Room", "NAME_EN": null, "AMENITY": "bar", "SHOP": null, "OSM_TYPE": "node", "OSM_ID": 4511203071 }, "geometry": { "type": "Point", "coordinates": [ 23.3212068, 42.6932694 ] } },
{ "type": "Feature", "properties": { "NAME": "Red Bell", "NAME_EN": null, "AMENITY": "cafe", "SHOP": null, "OSM_TYPE": "node", "OSM_ID": 4511203085 }, "geometry": { "type": "Point", "coordinates": [ 23.3211181, 42.6936866 ] } },
{ "type": "Feature", "properties": { "NAME": "Домашни ястия", "NAME_EN": null, "AMENITY": "restaurant", "SHOP": null, "OSM_TYPE": "node", "OSM_ID": 4511203308 }, "geometry": { "type": "Point", "coordinates": [ 23.3212776, 42.693679 ] } },
{ "type": "Feature", "properties": { "NAME": "Комеди клуб", "NAME_EN": null, "AMENITY": "bar", "SHOP": null, "OSM_TYPE": "node", "OSM_ID": 4511277565 }, "geometry": { "type": "Point", "coordinates": [ 23.3229874, 42.6933215 ] } },
{ "type": "Feature", "properties": { "NAME": "Filiyka", "NAME_EN": null, "AMENITY": "fast_food", "SHOP": null, "OSM_TYPE": "node", "OSM_ID": 4511277572 }, "geometry": { "type": "Point", "coordinates": [ 23.323162, 42.6931359 ] } },
{ "type": "Feature", "properties": { "NAME": "Q-Ftetaria", "NAME_EN": null, "AMENITY": "restaurant", "SHOP": null, "OSM_TYPE": "node", "OSM_ID": 4511278793 }, "geometry": { "type": "Point", "coordinates": [ 23.3226004, 42.6932626 ] } },
{ "type": "Feature", "properties": { "NAME": "I love falafel", "NAME_EN": null, "AMENITY": "fast_food", "SHOP": null, "OSM_TYPE": "node", "OSM_ID": 4511278796 }, "geometry": { "type": "Point", "coordinates": [ 23.3224113, 42.6939715 ] } },
{ "type": "Feature", "properties": { "NAME": null, "NAME_EN": null, "AMENITY": "cafe", "SHOP": null, "OSM_TYPE": "node", "OSM_ID": 4511278843 }, "geometry": { "type": "Point", "coordinates": [ 23.3226178, 42.6933592 ] } },
{ "type": "Feature", "properties": { "NAME": "Софийска баница", "NAME_EN": "Sofiyska Banitsa", "AMENITY": "fast_food", "SHOP": null, "OSM_TYPE": "node", "OSM_ID": 4511286829 }, "geometry": { "type": "Point", "coordinates": [ 23.3231243, 42.6937528 ] } },
{ "type": "Feature", "properties": { "NAME": "Djani's Pizza", "NAME_EN": null, "AMENITY": "fast_food", "SHOP": null, "OSM_TYPE": "node", "OSM_ID": 4511291631 }, "geometry": { "type": "Point", "coordinates": [ 23.3229717, 42.6939766 ] } },
{ "type": "Feature", "properties": { "NAME": "Хаджидрагановите къщи", "NAME_EN": "Hadjidraganov's Houses", "AMENITY": "restaurant", "SHOP": null, "OSM_TYPE": "node", "OSM_ID": 4511573391 }, "geometry": { "type": "Point", "coordinates": [ 23.3226108, 42.7065851 ] } },
{ "type": "Feature", "properties": { "NAME": "Legendary Barbecue", "NAME_EN": "Legendary Barbecue", "AMENITY": "fast_food", "SHOP": null, "OSM_TYPE": "node", "OSM_ID": 4511604389 }, "geometry": { "type": "Point", "coordinates": [ 23.3455095, 42.6522598 ] } },
{ "type": "Feature", "properties": { "NAME": "Хранилка", "NAME_EN": null, "AMENITY": "restaurant", "SHOP": null, "OSM_TYPE": "node", "OSM_ID": 4512833486 }, "geometry": { "type": "Point", "coordinates": [ 23.3255523, 42.6930299 ] } },
{ "type": "Feature", "properties": { "NAME": "Свети Никола", "NAME_EN": null, "AMENITY": "restaurant", "SHOP": null, "OSM_TYPE": "node", "OSM_ID": 4512834989 }, "geometry": { "type": "Point", "coordinates": [ 23.2597834, 42.7193315 ] } },
{ "type": "Feature", "properties": { "NAME": null, "NAME_EN": "Tanina", "AMENITY": "bar", "SHOP": null, "OSM_TYPE": "node", "OSM_ID": 4512834990 }, "geometry": { "type": "Point", "coordinates": [ 23.2932756, 42.7265168 ] } },
{ "type": "Feature", "properties": { "NAME": "Табуле", "NAME_EN": null, "AMENITY": "restaurant", "SHOP": null, "OSM_TYPE": "node", "OSM_ID": 4512834991 }, "geometry": { "type": "Point", "coordinates": [ 23.2480725, 42.7147008 ] } },
{ "type": "Feature", "properties": { "NAME": "Под ореха", "NAME_EN": null, "AMENITY": "restaurant", "SHOP": null, "OSM_TYPE": "node", "OSM_ID": 4512834993 }, "geometry": { "type": "Point", "coordinates": [ 23.295715, 42.7387665 ] } },
{ "type": "Feature", "properties": { "NAME": "Чорбаджи марко", "NAME_EN": null, "AMENITY": "restaurant", "SHOP": null, "OSM_TYPE": "node", "OSM_ID": 4512834994 }, "geometry": { "type": "Point", "coordinates": [ 23.2704484, 42.7196377 ] } },
{ "type": "Feature", "properties": { "NAME": "Парадайз", "NAME_EN": null, "AMENITY": "restaurant", "SHOP": null, "OSM_TYPE": "node", "OSM_ID": 4512835089 }, "geometry": { "type": "Point", "coordinates": [ 23.2445128, 42.7128039 ] } },
{ "type": "Feature", "properties": { "NAME": "Memento", "NAME_EN": null, "AMENITY": "cafe", "SHOP": null, "OSM_TYPE": "node", "OSM_ID": 4514452183 }, "geometry": { "type": "Point", "coordinates": [ 23.3265323, 42.6929606 ] } },
{ "type": "Feature", "properties": { "NAME": "Moni's", "NAME_EN": null, "AMENITY": "cafe", "SHOP": null, "OSM_TYPE": "node", "OSM_ID": 4514452185 }, "geometry": { "type": "Point", "coordinates": [ 23.3287331, 42.6933707 ] } },
{ "type": "Feature", "properties": { "NAME": "Manco", "NAME_EN": null, "AMENITY": "bar", "SHOP": null, "OSM_TYPE": "node", "OSM_ID": 4514492421 }, "geometry": { "type": "Point", "coordinates": [ 23.3277729, 42.6931366 ] } },
{ "type": "Feature", "properties": { "NAME": "Гара за гладни", "NAME_EN": null, "AMENITY": "restaurant", "SHOP": null, "OSM_TYPE": "node", "OSM_ID": 4514492469 }, "geometry": { "type": "Point", "coordinates": [ 23.3285343, 42.6930809 ] } },
{ "type": "Feature", "properties": { "NAME": "Сандвичарника", "NAME_EN": null, "AMENITY": "restaurant", "SHOP": null, "OSM_TYPE": "node", "OSM_ID": 4514492472 }, "geometry": { "type": "Point", "coordinates": [ 23.3279204, 42.6927591 ] } },
{ "type": "Feature", "properties": { "NAME": "Български Ритми", "NAME_EN": null, "AMENITY": "restaurant", "SHOP": null, "OSM_TYPE": "node", "OSM_ID": 4516040893 }, "geometry": { "type": "Point", "coordinates": [ 23.3292752, 42.6935392 ] } },
{ "type": "Feature", "properties": { "NAME": "Andre", "NAME_EN": null, "AMENITY": "restaurant", "SHOP": null, "OSM_TYPE": "node", "OSM_ID": 4516112442 }, "geometry": { "type": "Point", "coordinates": [ 23.3310093, 42.6936273 ] } },
{ "type": "Feature", "properties": { "NAME": "Кино", "NAME_EN": null, "AMENITY": "bar", "SHOP": null, "OSM_TYPE": "node", "OSM_ID": 4516112445 }, "geometry": { "type": "Point", "coordinates": [ 23.3315276, 42.6933824 ] } },
{ "type": "Feature", "properties": { "NAME": "Vitamin C", "NAME_EN": null, "AMENITY": "fast_food", "SHOP": null, "OSM_TYPE": "node", "OSM_ID": 4516159962 }, "geometry": { "type": "Point", "coordinates": [ 23.3316352, 42.6932891 ] } },
{ "type": "Feature", "properties": { "NAME": "Старата пекарна", "NAME_EN": null, "AMENITY": "fast_food", "SHOP": null, "OSM_TYPE": "node", "OSM_ID": 4516159969 }, "geometry": { "type": "Point", "coordinates": [ 23.3310625, 42.6933128 ] } },
{ "type": "Feature", "properties": { "NAME": "при Кмета", "NAME_EN": null, "AMENITY": "restaurant", "SHOP": null, "OSM_TYPE": "node", "OSM_ID": 4516545461 }, "geometry": { "type": "Point", "coordinates": [ 23.3456568, 42.7018059 ] } },
{ "type": "Feature", "properties": { "NAME": "La Capannina", "NAME_EN": null, "AMENITY": "restaurant", "SHOP": null, "OSM_TYPE": "node", "OSM_ID": 4518038462 }, "geometry": { "type": "Point", "coordinates": [ 23.331735, 42.6934798 ] } },
{ "type": "Feature", "properties": { "NAME": "Illuzion", "NAME_EN": null, "AMENITY": "bar", "SHOP": null, "OSM_TYPE": "node", "OSM_ID": 4518038465 }, "geometry": { "type": "Point", "coordinates": [ 23.3316173, 42.6937061 ] } },
{ "type": "Feature", "properties": { "NAME": "Unovo", "NAME_EN": null, "AMENITY": "fast_food", "SHOP": null, "OSM_TYPE": "node", "OSM_ID": 4518038479 }, "geometry": { "type": "Point", "coordinates": [ 23.3317893, 42.6933214 ] } },
{ "type": "Feature", "properties": { "NAME": "При шопите", "NAME_EN": null, "AMENITY": "restaurant", "SHOP": null, "OSM_TYPE": "node", "OSM_ID": 4519570983 }, "geometry": { "type": "Point", "coordinates": [ 23.3523501, 42.6588642 ] } },
{ "type": "Feature", "properties": { "NAME": "Vitamin C", "NAME_EN": null, "AMENITY": "cafe", "SHOP": null, "OSM_TYPE": "node", "OSM_ID": 4519741371 }, "geometry": { "type": "Point", "coordinates": [ 23.3199118, 42.6926077 ] } },
{ "type": "Feature", "properties": { "NAME": "Freddo", "NAME_EN": null, "AMENITY": "ice_cream", "SHOP": null, "OSM_TYPE": "node", "OSM_ID": 4519756674 }, "geometry": { "type": "Point", "coordinates": [ 23.3198561, 42.6924292 ] } },
{ "type": "Feature", "properties": { "NAME": "Gyropita", "NAME_EN": null, "AMENITY": "restaurant", "SHOP": null, "OSM_TYPE": "node", "OSM_ID": 4519756682 }, "geometry": { "type": "Point", "coordinates": [ 23.3200961, 42.6917914 ] } },
{ "type": "Feature", "properties": { "NAME": "The butcher", "NAME_EN": null, "AMENITY": "restaurant", "SHOP": null, "OSM_TYPE": "node", "OSM_ID": 4519756688 }, "geometry": { "type": "Point", "coordinates": [ 23.3194747, 42.6915032 ] } },
{ "type": "Feature", "properties": { "NAME": null, "NAME_EN": null, "AMENITY": "cafe", "SHOP": null, "OSM_TYPE": "node", "OSM_ID": 4519762591 }, "geometry": { "type": "Point", "coordinates": [ 23.3202933, 42.6925349 ] } },
{ "type": "Feature", "properties": { "NAME": null, "NAME_EN": null, "AMENITY": "fast_food", "SHOP": null, "OSM_TYPE": "node", "OSM_ID": 4521168194 }, "geometry": { "type": "Point", "coordinates": [ 23.2568683, 42.6697583 ] } },
{ "type": "Feature", "properties": { "NAME": null, "NAME_EN": null, "AMENITY": "cafe", "SHOP": null, "OSM_TYPE": "node", "OSM_ID": 4522165683 }, "geometry": { "type": "Point", "coordinates": [ 23.3216368, 42.6918939 ] } },
{ "type": "Feature", "properties": { "NAME": "Coffee Bar", "NAME_EN": null, "AMENITY": "bar", "SHOP": null, "OSM_TYPE": "node", "OSM_ID": 4522165894 }, "geometry": { "type": "Point", "coordinates": [ 23.3212663, 42.6924789 ] } },
{ "type": "Feature", "properties": { "NAME": "Mezza Grill", "NAME_EN": null, "AMENITY": "restaurant", "SHOP": null, "OSM_TYPE": "node", "OSM_ID": 4524000090 }, "geometry": { "type": "Point", "coordinates": [ 23.3222224, 42.6914035 ] } },
{ "type": "Feature", "properties": { "NAME": "Briciole Pizza Pasta & Vino", "NAME_EN": null, "AMENITY": "restaurant", "SHOP": null, "OSM_TYPE": "node", "OSM_ID": 4524000105 }, "geometry": { "type": "Point", "coordinates": [ 23.3224206, 42.6919456 ] } },
{ "type": "Feature", "properties": { "NAME": "Бар Дак -2", "NAME_EN": "Bar Dak -2", "AMENITY": "bar", "SHOP": null, "OSM_TYPE": "node", "OSM_ID": 4525894944 }, "geometry": { "type": "Point", "coordinates": [ 23.3236458, 42.6926091 ] } },
{ "type": "Feature", "properties": { "NAME": "24 Grill", "NAME_EN": null, "AMENITY": "fast_food", "SHOP": null, "OSM_TYPE": "node", "OSM_ID": 4525895328 }, "geometry": { "type": "Point", "coordinates": [ 23.3243416, 42.6922398 ] } },
{ "type": "Feature", "properties": { "NAME": "The CityBurger", "NAME_EN": null, "AMENITY": "fast_food", "SHOP": null, "OSM_TYPE": "node", "OSM_ID": 4525895331 }, "geometry": { "type": "Point", "coordinates": [ 23.3242091, 42.6926354 ] } },
{ "type": "Feature", "properties": { "NAME": "Jordans", "NAME_EN": null, "AMENITY": "restaurant", "SHOP": null, "OSM_TYPE": "node", "OSM_ID": 4526950456 }, "geometry": { "type": "Point", "coordinates": [ 23.4012315, 42.6154827 ] } },
{ "type": "Feature", "properties": { "NAME": "Камерина", "NAME_EN": null, "AMENITY": "bar", "SHOP": null, "OSM_TYPE": "node", "OSM_ID": 4527069139 }, "geometry": { "type": "Point", "coordinates": [ 23.3247709, 42.6921564 ] } },
{ "type": "Feature", "properties": { "NAME": "Rotana", "NAME_EN": null, "AMENITY": "fast_food", "SHOP": null, "OSM_TYPE": "node", "OSM_ID": 4527155741 }, "geometry": { "type": "Point", "coordinates": [ 23.325166, 42.6916554 ] } },
{ "type": "Feature", "properties": { "NAME": "Starbucks", "NAME_EN": null, "AMENITY": "cafe", "SHOP": null, "OSM_TYPE": "node", "OSM_ID": 4527155742 }, "geometry": { "type": "Point", "coordinates": [ 23.3250013, 42.6915675 ] } },
{ "type": "Feature", "properties": { "NAME": "Hesburger", "NAME_EN": null, "AMENITY": "fast_food", "SHOP": null, "OSM_TYPE": "node", "OSM_ID": 4527155763 }, "geometry": { "type": "Point", "coordinates": [ 23.3248305, 42.6917274 ] } },
{ "type": "Feature", "properties": { "NAME": "Atelier Del Gelato", "NAME_EN": null, "AMENITY": "ice_cream", "SHOP": null, "OSM_TYPE": "node", "OSM_ID": 4527155766 }, "geometry": { "type": "Point", "coordinates": [ 23.3255602, 42.6916698 ] } },
{ "type": "Feature", "properties": { "NAME": null, "NAME_EN": null, "AMENITY": "bar", "SHOP": null, "OSM_TYPE": "node", "OSM_ID": 4527155772 }, "geometry": { "type": "Point", "coordinates": [ 23.3258076, 42.6920724 ] } },
{ "type": "Feature", "properties": { "NAME": "GO Grill", "NAME_EN": null, "AMENITY": "fast_food", "SHOP": null, "OSM_TYPE": "node", "OSM_ID": 4527155777 }, "geometry": { "type": "Point", "coordinates": [ 23.3252224, 42.691694 ] } },
{ "type": "Feature", "properties": { "NAME": "Il teatro", "NAME_EN": null, "AMENITY": "restaurant", "SHOP": null, "OSM_TYPE": "node", "OSM_ID": 4529204676 }, "geometry": { "type": "Point", "coordinates": [ 23.3264458, 42.6915416 ] } },
{ "type": "Feature", "properties": { "NAME": "Happy Сатира comedy bar", "NAME_EN": null, "AMENITY": "bar", "SHOP": null, "OSM_TYPE": "node", "OSM_ID": 4529204681 }, "geometry": { "type": "Point", "coordinates": [ 23.3265562, 42.691474 ] } },
{ "type": "Feature", "properties": { "NAME": "Fancy Bubbles", "NAME_EN": null, "AMENITY": "ice_cream", "SHOP": null, "OSM_TYPE": "node", "OSM_ID": 4529298943 }, "geometry": { "type": "Point", "coordinates": [ 23.3302316, 42.6918659 ] } },
{ "type": "Feature", "properties": { "NAME": "Oscar Club", "NAME_EN": null, "AMENITY": "bar", "SHOP": null, "OSM_TYPE": "node", "OSM_ID": 4529298952 }, "geometry": { "type": "Point", "coordinates": [ 23.3299332, 42.692682 ] } },
{ "type": "Feature", "properties": { "NAME": "Mono Loco", "NAME_EN": null, "AMENITY": "pub", "SHOP": null, "OSM_TYPE": "node", "OSM_ID": 4529298954 }, "geometry": { "type": "Point", "coordinates": [ 23.3301351, 42.6917742 ] } },
{ "type": "Feature", "properties": { "NAME": "Маями", "NAME_EN": null, "AMENITY": "fast_food", "SHOP": null, "OSM_TYPE": "node", "OSM_ID": 4529298970 }, "geometry": { "type": "Point", "coordinates": [ 23.3306117, 42.6919795 ] } },
{ "type": "Feature", "properties": { "NAME": "Избата", "NAME_EN": "Izbata", "AMENITY": "restaurant", "SHOP": null, "OSM_TYPE": "node", "OSM_ID": 4529298978 }, "geometry": { "type": "Point", "coordinates": [ 23.3297535, 42.6925312 ] } },
{ "type": "Feature", "properties": { "NAME": "Chicken Shack", "NAME_EN": null, "AMENITY": "fast_food", "SHOP": null, "OSM_TYPE": "node", "OSM_ID": 4530615695 }, "geometry": { "type": "Point", "coordinates": [ 23.3106222, 42.6873559 ] } },
{ "type": "Feature", "properties": { "NAME": "Mizu", "NAME_EN": null, "AMENITY": "restaurant", "SHOP": null, "OSM_TYPE": "node", "OSM_ID": 4530877028 }, "geometry": { "type": "Point", "coordinates": [ 23.3316956, 42.6917541 ] } },
{ "type": "Feature", "properties": { "NAME": "Padrini", "NAME_EN": null, "AMENITY": "fast_food", "SHOP": null, "OSM_TYPE": "node", "OSM_ID": 4530877031 }, "geometry": { "type": "Point", "coordinates": [ 23.3315318, 42.6927652 ] } },
{ "type": "Feature", "properties": { "NAME": "Coffee & Co.", "NAME_EN": null, "AMENITY": "cafe", "SHOP": null, "OSM_TYPE": "node", "OSM_ID": 4530915649 }, "geometry": { "type": "Point", "coordinates": [ 23.3333299, 42.6924182 ] } },
{ "type": "Feature", "properties": { "NAME": "Fresh & salads", "NAME_EN": null, "AMENITY": "fast_food", "SHOP": null, "OSM_TYPE": "node", "OSM_ID": 4532877552 }, "geometry": { "type": "Point", "coordinates": [ 23.3144567, 42.6904409 ] } },
{ "type": "Feature", "properties": { "NAME": "Пица Кали", "NAME_EN": null, "AMENITY": "restaurant", "SHOP": null, "OSM_TYPE": "node", "OSM_ID": 4532877646 }, "geometry": { "type": "Point", "coordinates": [ 23.3145869, 42.6906053 ] } },
{ "type": "Feature", "properties": { "NAME": "Mr. Cook", "NAME_EN": null, "AMENITY": "restaurant", "SHOP": null, "OSM_TYPE": "node", "OSM_ID": 4534901788 }, "geometry": { "type": "Point", "coordinates": [ 23.3180543, 42.6903681 ] } },
{ "type": "Feature", "properties": { "NAME": "Palomino", "NAME_EN": null, "AMENITY": "restaurant", "SHOP": null, "OSM_TYPE": "node", "OSM_ID": 4534902389 }, "geometry": { "type": "Point", "coordinates": [ 23.3184137, 42.6906653 ] } },
{ "type": "Feature", "properties": { "NAME": "Ice cream rolls", "NAME_EN": null, "AMENITY": "ice_cream", "SHOP": null, "OSM_TYPE": "node", "OSM_ID": 4534902404 }, "geometry": { "type": "Point", "coordinates": [ 23.3192904, 42.6906451 ] } },
{ "type": "Feature", "properties": { "NAME": "La piazzetta", "NAME_EN": null, "AMENITY": "restaurant", "SHOP": null, "OSM_TYPE": "node", "OSM_ID": 4534924902 }, "geometry": { "type": "Point", "coordinates": [ 23.3195727, 42.6914884 ] } },
{ "type": "Feature", "properties": { "NAME": "CofeeLab", "NAME_EN": null, "AMENITY": "cafe", "SHOP": null, "OSM_TYPE": "node", "OSM_ID": 4535001579 }, "geometry": { "type": "Point", "coordinates": [ 23.3198701, 42.6911259 ] } },
{ "type": "Feature", "properties": { "NAME": "Between", "NAME_EN": null, "AMENITY": "fast_food", "SHOP": null, "OSM_TYPE": "node", "OSM_ID": 4535001580 }, "geometry": { "type": "Point", "coordinates": [ 23.3204584, 42.6906354 ] } },
{ "type": "Feature", "properties": { "NAME": "The Flying Dog", "NAME_EN": null, "AMENITY": "bar", "SHOP": null, "OSM_TYPE": "node", "OSM_ID": 4535001581 }, "geometry": { "type": "Point", "coordinates": [ 23.3200071, 42.6909272 ] } },
{ "type": "Feature", "properties": { "NAME": "Aloha green bar", "NAME_EN": null, "AMENITY": "fast_food", "SHOP": null, "OSM_TYPE": "node", "OSM_ID": 4535001790 }, "geometry": { "type": "Point", "coordinates": [ 23.3200688, 42.6909223 ] } },
{ "type": "Feature", "properties": { "NAME": "Под върбите", "NAME_EN": null, "AMENITY": "restaurant", "SHOP": null, "OSM_TYPE": "node", "OSM_ID": 4535240390 }, "geometry": { "type": "Point", "coordinates": [ 23.2691825, 42.6746822 ] } },
{ "type": "Feature", "properties": { "NAME": "La Caffeina", "NAME_EN": null, "AMENITY": "bar", "SHOP": null, "OSM_TYPE": "node", "OSM_ID": 4536676553 }, "geometry": { "type": "Point", "coordinates": [ 23.3221769, 42.6908207 ] } },
{ "type": "Feature", "properties": { "NAME": "Beyond brkfst", "NAME_EN": null, "AMENITY": "restaurant", "SHOP": null, "OSM_TYPE": "node", "OSM_ID": 4536676557 }, "geometry": { "type": "Point", "coordinates": [ 23.3211683, 42.6905584 ] } },
{ "type": "Feature", "properties": { "NAME": "Бай Дъ Пешо", "NAME_EN": null, "AMENITY": "bar", "SHOP": null, "OSM_TYPE": "node", "OSM_ID": 4536676578 }, "geometry": { "type": "Point", "coordinates": [ 23.3213986, 42.6905248 ] } },
{ "type": "Feature", "properties": { "NAME": "Нещо вкусно", "NAME_EN": null, "AMENITY": "cafe", "SHOP": null, "OSM_TYPE": "node", "OSM_ID": 4536676579 }, "geometry": { "type": "Point", "coordinates": [ 23.3222538, 42.6904695 ] } },
{ "type": "Feature", "properties": { "NAME": "Caffee Cioccolato", "NAME_EN": null, "AMENITY": "cafe", "SHOP": null, "OSM_TYPE": "node", "OSM_ID": 4540364820 }, "geometry": { "type": "Point", "coordinates": [ 23.3242033, 42.6909315 ] } },
{ "type": "Feature", "properties": { "NAME": "Мистър печен", "NAME_EN": null, "AMENITY": "fast_food", "SHOP": null, "OSM_TYPE": "node", "OSM_ID": 4540364851 }, "geometry": { "type": "Point", "coordinates": [ 23.3236031, 42.6905826 ] } },
{ "type": "Feature", "properties": { "NAME": "Гастробар 6", "NAME_EN": null, "AMENITY": "restaurant", "SHOP": null, "OSM_TYPE": "node", "OSM_ID": 4540364852 }, "geometry": { "type": "Point", "coordinates": [ 23.3242442, 42.6908371 ] } },
{ "type": "Feature", "properties": { "NAME": "Gym I junk", "NAME_EN": null, "AMENITY": "fast_food", "SHOP": null, "OSM_TYPE": "node", "OSM_ID": 4540364854 }, "geometry": { "type": "Point", "coordinates": [ 23.3238538, 42.690719 ] } },
{ "type": "Feature", "properties": { "NAME": null, "NAME_EN": null, "AMENITY": "fast_food", "SHOP": null, "OSM_TYPE": "node", "OSM_ID": 4540424414 }, "geometry": { "type": "Point", "coordinates": [ 23.3245384, 42.6910272 ] } },
{ "type": "Feature", "properties": { "NAME": "+ това", "NAME_EN": null, "AMENITY": "cafe", "SHOP": null, "OSM_TYPE": "node", "OSM_ID": 4541407096 }, "geometry": { "type": "Point", "coordinates": [ 23.3439165, 42.6952886 ] } },
{ "type": "Feature", "properties": { "NAME": "BSD", "NAME_EN": "BSD", "AMENITY": "pub", "SHOP": null, "OSM_TYPE": "node", "OSM_ID": 4541407198 }, "geometry": { "type": "Point", "coordinates": [ 23.3463173, 42.6953547 ] } },
{ "type": "Feature", "properties": { "NAME": "King Kong", "NAME_EN": null, "AMENITY": "fast_food", "SHOP": null, "OSM_TYPE": "node", "OSM_ID": 4542072147 }, "geometry": { "type": "Point", "coordinates": [ 23.3259605, 42.6907832 ] } },
{ "type": "Feature", "properties": { "NAME": "Fresh & Carry", "NAME_EN": null, "AMENITY": "fast_food", "SHOP": null, "OSM_TYPE": "node", "OSM_ID": 4543868792 }, "geometry": { "type": "Point", "coordinates": [ 23.3292385, 42.6907244 ] } },
{ "type": "Feature", "properties": { "NAME": "Coffeebaя", "NAME_EN": null, "AMENITY": "cafe", "SHOP": null, "OSM_TYPE": "node", "OSM_ID": 4543868793 }, "geometry": { "type": "Point", "coordinates": [ 23.3291953, 42.6909487 ] } },
{ "type": "Feature", "properties": { "NAME": "La bottega Due piani", "NAME_EN": null, "AMENITY": "restaurant", "SHOP": null, "OSM_TYPE": "node", "OSM_ID": 4543868811 }, "geometry": { "type": "Point", "coordinates": [ 23.3290914, 42.6908546 ] } },
{ "type": "Feature", "properties": { "NAME": "Hey", "NAME_EN": null, "AMENITY": "cafe", "SHOP": null, "OSM_TYPE": "node", "OSM_ID": 4543868832 }, "geometry": { "type": "Point", "coordinates": [ 23.3290259, 42.6905284 ] } },
{ "type": "Feature", "properties": { "NAME": "Simple", "NAME_EN": null, "AMENITY": "restaurant", "SHOP": null, "OSM_TYPE": "node", "OSM_ID": 4543868853 }, "geometry": { "type": "Point", "coordinates": [ 23.3293072, 42.6910359 ] } },
{ "type": "Feature", "properties": { "NAME": "Sabores de Saudade", "NAME_EN": null, "AMENITY": "restaurant", "SHOP": null, "OSM_TYPE": "node", "OSM_ID": 4543907638 }, "geometry": { "type": "Point", "coordinates": [ 23.3301383, 42.6905401 ] } },
{ "type": "Feature", "properties": { "NAME": "Bilkova", "NAME_EN": null, "AMENITY": "bar", "SHOP": null, "OSM_TYPE": "node", "OSM_ID": 4543920006 }, "geometry": { "type": "Point", "coordinates": [ 23.3297262, 42.6913597 ] } },
{ "type": "Feature", "properties": { "NAME": "Гозба", "NAME_EN": null, "AMENITY": "fast_food", "SHOP": null, "OSM_TYPE": "node", "OSM_ID": 4543920014 }, "geometry": { "type": "Point", "coordinates": [ 23.3300695, 42.6914345 ] } },
{ "type": "Feature", "properties": { "NAME": "Godzila", "NAME_EN": null, "AMENITY": "restaurant", "SHOP": null, "OSM_TYPE": "node", "OSM_ID": 4545520823 }, "geometry": { "type": "Point", "coordinates": [ 23.3309838, 42.6903574 ] } },
{ "type": "Feature", "properties": { "NAME": "Chiki Riki", "NAME_EN": null, "AMENITY": "pub", "SHOP": null, "OSM_TYPE": "node", "OSM_ID": 4545650855 }, "geometry": { "type": "Point", "coordinates": [ 23.3182386, 42.6900929 ] } },
{ "type": "Feature", "properties": { "NAME": "Lavino", "NAME_EN": null, "AMENITY": "bar", "SHOP": null, "OSM_TYPE": "node", "OSM_ID": 4545650857 }, "geometry": { "type": "Point", "coordinates": [ 23.318306, 42.6902975 ] } },
{ "type": "Feature", "properties": { "NAME": "So Fresh so good", "NAME_EN": null, "AMENITY": "fast_food", "SHOP": null, "OSM_TYPE": "node", "OSM_ID": 4545663111 }, "geometry": { "type": "Point", "coordinates": [ 23.3189514, 42.6895582 ] } },
{ "type": "Feature", "properties": { "NAME": "Скара Банишора", "NAME_EN": null, "AMENITY": "fast_food", "SHOP": null, "OSM_TYPE": "node", "OSM_ID": 4546479596 }, "geometry": { "type": "Point", "coordinates": [ 23.3002293, 42.7123183 ] } },
{ "type": "Feature", "properties": { "NAME": "Джийвс", "NAME_EN": null, "AMENITY": "pub", "SHOP": null, "OSM_TYPE": "node", "OSM_ID": 4548536215 }, "geometry": { "type": "Point", "coordinates": [ 23.3217411, 42.690128 ] } },
{ "type": "Feature", "properties": { "NAME": "Бетих", "NAME_EN": null, "AMENITY": "fast_food", "SHOP": null, "OSM_TYPE": "node", "OSM_ID": 4548536252 }, "geometry": { "type": "Point", "coordinates": [ 23.321647, 42.6896801 ] } },
{ "type": "Feature", "properties": { "NAME": "Green Deli Café", "NAME_EN": null, "AMENITY": "cafe", "SHOP": null, "OSM_TYPE": "node", "OSM_ID": 4548587191 }, "geometry": { "type": "Point", "coordinates": [ 23.3235062, 42.6897683 ] } },
{ "type": "Feature", "properties": { "NAME": "Халбите - Mалките пет", "NAME_EN": "Halbite - Malkite Pet", "AMENITY": "pub", "SHOP": null, "OSM_TYPE": "node", "OSM_ID": 4548587192 }, "geometry": { "type": "Point", "coordinates": [ 23.3247077, 42.6894894 ] } },
{ "type": "Feature", "properties": { "NAME": "Още вино", "NAME_EN": null, "AMENITY": "bar", "SHOP": null, "OSM_TYPE": "node", "OSM_ID": 4549933229 }, "geometry": { "type": "Point", "coordinates": [ 23.3248072, 42.6896693 ] } },
{ "type": "Feature", "properties": { "NAME": "Piano Bar Camino", "NAME_EN": null, "AMENITY": "bar", "SHOP": null, "OSM_TYPE": "node", "OSM_ID": 4549933247 }, "geometry": { "type": "Point", "coordinates": [ 23.3246127, 42.6896589 ] } },
{ "type": "Feature", "properties": { "NAME": "Дитер", "NAME_EN": null, "AMENITY": "restaurant", "SHOP": null, "OSM_TYPE": "node", "OSM_ID": 4549933268 }, "geometry": { "type": "Point", "coordinates": [ 23.3243234, 42.6892711 ] } },
{ "type": "Feature", "properties": { "NAME": "Дивака", "NAME_EN": "Divaka", "AMENITY": "restaurant", "SHOP": null, "OSM_TYPE": "node", "OSM_ID": 4549984425 }, "geometry": { "type": "Point", "coordinates": [ 23.3253657, 42.6892888 ] } },
{ "type": "Feature", "properties": { "NAME": "Lime", "NAME_EN": null, "AMENITY": "bar", "SHOP": null, "OSM_TYPE": "node", "OSM_ID": 4551477885 }, "geometry": { "type": "Point", "coordinates": [ 23.3265542, 42.6899066 ] } },
{ "type": "Feature", "properties": { "NAME": "Pizza del Sole", "NAME_EN": null, "AMENITY": "fast_food", "SHOP": null, "OSM_TYPE": "node", "OSM_ID": 4551478517 }, "geometry": { "type": "Point", "coordinates": [ 23.3267308, 42.6898522 ] } },
{ "type": "Feature", "properties": { "NAME": null, "NAME_EN": null, "AMENITY": "fast_food", "SHOP": null, "OSM_TYPE": "node", "OSM_ID": 4551478518 }, "geometry": { "type": "Point", "coordinates": [ 23.3266992, 42.6898827 ] } },
{ "type": "Feature", "properties": { "NAME": "Вандевил", "NAME_EN": null, "AMENITY": "restaurant", "SHOP": null, "OSM_TYPE": "node", "OSM_ID": 4552435398 }, "geometry": { "type": "Point", "coordinates": [ 23.2822903, 42.6973546 ] } },
{ "type": "Feature", "properties": { "NAME": "Columbus", "NAME_EN": null, "AMENITY": "cafe", "SHOP": null, "OSM_TYPE": "node", "OSM_ID": 4554613062 }, "geometry": { "type": "Point", "coordinates": [ 23.3278766, 42.6895893 ] } },
{ "type": "Feature", "properties": { "NAME": "Конфитюр", "NAME_EN": "Confiture", "AMENITY": "fast_food", "SHOP": null, "OSM_TYPE": "node", "OSM_ID": 4554613063 }, "geometry": { "type": "Point", "coordinates": [ 23.3277972, 42.689525 ] } },
{ "type": "Feature", "properties": { "NAME": "Contrast", "NAME_EN": null, "AMENITY": "bar", "SHOP": null, "OSM_TYPE": "node", "OSM_ID": 4554613064 }, "geometry": { "type": "Point", "coordinates": [ 23.3280043, 42.68961 ] } },
{ "type": "Feature", "properties": { "NAME": "Amore Gelati", "NAME_EN": null, "AMENITY": "ice_cream", "SHOP": null, "OSM_TYPE": "node", "OSM_ID": 4554613079 }, "geometry": { "type": "Point", "coordinates": [ 23.3277248, 42.6894693 ] } },
{ "type": "Feature", "properties": { "NAME": "Пицария Парма", "NAME_EN": null, "AMENITY": "restaurant", "SHOP": null, "OSM_TYPE": "node", "OSM_ID": 4554652927 }, "geometry": { "type": "Point", "coordinates": [ 23.3292214, 42.6890866 ] } },
{ "type": "Feature", "properties": { "NAME": "Viva Cafe", "NAME_EN": null, "AMENITY": "cafe", "SHOP": null, "OSM_TYPE": "node", "OSM_ID": 4557086892 }, "geometry": { "type": "Point", "coordinates": [ 23.271892, 42.7107571 ] } },
{ "type": "Feature", "properties": { "NAME": "Daily drip", "NAME_EN": null, "AMENITY": "cafe", "SHOP": null, "OSM_TYPE": "node", "OSM_ID": 4557792832 }, "geometry": { "type": "Point", "coordinates": [ 23.3249826, 42.688269 ] } },
{ "type": "Feature", "properties": { "NAME": null, "NAME_EN": null, "AMENITY": "fast_food", "SHOP": null, "OSM_TYPE": "node", "OSM_ID": 4557792835 }, "geometry": { "type": "Point", "coordinates": [ 23.3244169, 42.6883228 ] } },
{ "type": "Feature", "properties": { "NAME": "Cohones", "NAME_EN": null, "AMENITY": "bar", "SHOP": null, "OSM_TYPE": "node", "OSM_ID": 4557813533 }, "geometry": { "type": "Point", "coordinates": [ 23.3262504, 42.6885819 ] } },
{ "type": "Feature", "properties": { "NAME": "The SANDO Shop", "NAME_EN": null, "AMENITY": "fast_food", "SHOP": null, "OSM_TYPE": "node", "OSM_ID": 4557856955 }, "geometry": { "type": "Point", "coordinates": [ 23.326805, 42.6884472 ] } },
{ "type": "Feature", "properties": { "NAME": "Архиви", "NAME_EN": null, "AMENITY": "restaurant", "SHOP": null, "OSM_TYPE": "node", "OSM_ID": 4559229496 }, "geometry": { "type": "Point", "coordinates": [ 23.3267577, 42.6972216 ] } },
{ "type": "Feature", "properties": { "NAME": "Джардино", "NAME_EN": null, "AMENITY": "restaurant", "SHOP": null, "OSM_TYPE": "node", "OSM_ID": 4576758599 }, "geometry": { "type": "Point", "coordinates": [ 23.3734072, 42.6481864 ] } },
{ "type": "Feature", "properties": { "NAME": "Loving Hut", "NAME_EN": null, "AMENITY": "restaurant", "SHOP": null, "OSM_TYPE": "node", "OSM_ID": 4577939791 }, "geometry": { "type": "Point", "coordinates": [ 23.3300878, 42.6980115 ] } },
{ "type": "Feature", "properties": { "NAME": null, "NAME_EN": null, "AMENITY": "fast_food", "SHOP": null, "OSM_TYPE": "node", "OSM_ID": 4579807795 }, "geometry": { "type": "Point", "coordinates": [ 23.3511251, 42.7064054 ] } },
{ "type": "Feature", "properties": { "NAME": null, "NAME_EN": null, "AMENITY": "fast_food", "SHOP": null, "OSM_TYPE": "node", "OSM_ID": 4579807796 }, "geometry": { "type": "Point", "coordinates": [ 23.3510355, 42.7065169 ] } },
{ "type": "Feature", "properties": { "NAME": null, "NAME_EN": null, "AMENITY": "fast_food", "SHOP": null, "OSM_TYPE": "node", "OSM_ID": 4579807797 }, "geometry": { "type": "Point", "coordinates": [ 23.3509202, 42.7067412 ] } },
{ "type": "Feature", "properties": { "NAME": null, "NAME_EN": null, "AMENITY": "fast_food", "SHOP": null, "OSM_TYPE": "node", "OSM_ID": 4579807798 }, "geometry": { "type": "Point", "coordinates": [ 23.3508928, 42.706981 ] } },
{ "type": "Feature", "properties": { "NAME": null, "NAME_EN": null, "AMENITY": "fast_food", "SHOP": null, "OSM_TYPE": "node", "OSM_ID": 4579807800 }, "geometry": { "type": "Point", "coordinates": [ 23.3509444, 42.7065337 ] } },
{ "type": "Feature", "properties": { "NAME": null, "NAME_EN": null, "AMENITY": "fast_food", "SHOP": null, "OSM_TYPE": "node", "OSM_ID": 4579807803 }, "geometry": { "type": "Point", "coordinates": [ 23.3512344, 42.7065192 ] } },
{ "type": "Feature", "properties": { "NAME": null, "NAME_EN": null, "AMENITY": "cafe", "SHOP": null, "OSM_TYPE": "node", "OSM_ID": 4579807811 }, "geometry": { "type": "Point", "coordinates": [ 23.3500792, 42.7082437 ] } },
{ "type": "Feature", "properties": { "NAME": "механа Ханджиев", "NAME_EN": null, "AMENITY": "restaurant", "SHOP": null, "OSM_TYPE": "node", "OSM_ID": 4579807813 }, "geometry": { "type": "Point", "coordinates": [ 23.348848, 42.7096225 ] } },
{ "type": "Feature", "properties": { "NAME": null, "NAME_EN": null, "AMENITY": "restaurant", "SHOP": null, "OSM_TYPE": "node", "OSM_ID": 4579811795 }, "geometry": { "type": "Point", "coordinates": [ 23.3541457, 42.7078061 ] } },
{ "type": "Feature", "properties": { "NAME": "Чичибургер", "NAME_EN": null, "AMENITY": "fast_food", "SHOP": null, "OSM_TYPE": "node", "OSM_ID": 4579836055 }, "geometry": { "type": "Point", "coordinates": [ 23.3514539, 42.7053378 ] } },
{ "type": "Feature", "properties": { "NAME": "при Кмета", "NAME_EN": null, "AMENITY": "restaurant", "SHOP": null, "OSM_TYPE": "node", "OSM_ID": 4579848336 }, "geometry": { "type": "Point", "coordinates": [ 23.3560023, 42.7049268 ] } },
{ "type": "Feature", "properties": { "NAME": "Пица 24h", "NAME_EN": null, "AMENITY": "fast_food", "SHOP": null, "OSM_TYPE": "node", "OSM_ID": 4582628715 }, "geometry": { "type": "Point", "coordinates": [ 23.3470125, 42.7056063 ] } },
{ "type": "Feature", "properties": { "NAME": "Ан-Мари", "NAME_EN": null, "AMENITY": "restaurant", "SHOP": null, "OSM_TYPE": "node", "OSM_ID": 4586832693 }, "geometry": { "type": "Point", "coordinates": [ 23.2473063, 42.7177578 ] } },
{ "type": "Feature", "properties": { "NAME": "Memento", "NAME_EN": "Memento", "AMENITY": "cafe", "SHOP": null, "OSM_TYPE": "node", "OSM_ID": 4587027396 }, "geometry": { "type": "Point", "coordinates": [ 23.3188618, 42.6853391 ] } },
{ "type": "Feature", "properties": { "NAME": null, "NAME_EN": null, "AMENITY": "restaurant", "SHOP": null, "OSM_TYPE": "node", "OSM_ID": 4587385996 }, "geometry": { "type": "Point", "coordinates": [ 23.4033227, 42.6872888 ] } },
{ "type": "Feature", "properties": { "NAME": "Интрига", "NAME_EN": null, "AMENITY": "cafe", "SHOP": null, "OSM_TYPE": "node", "OSM_ID": 4588039292 }, "geometry": { "type": "Point", "coordinates": [ 23.27038, 42.7178995 ] } },
{ "type": "Feature", "properties": { "NAME": "Дюнер Лилан", "NAME_EN": null, "AMENITY": "fast_food", "SHOP": null, "OSM_TYPE": "node", "OSM_ID": 4588627694 }, "geometry": { "type": "Point", "coordinates": [ 23.2701766, 42.7133654 ] } },
{ "type": "Feature", "properties": { "NAME": "Кафе-сладкарница Принцес", "NAME_EN": null, "AMENITY": "cafe", "SHOP": null, "OSM_TYPE": "node", "OSM_ID": 4588696592 }, "geometry": { "type": "Point", "coordinates": [ 23.2701802, 42.7131533 ] } },
{ "type": "Feature", "properties": { "NAME": "Бирария 43", "NAME_EN": null, "AMENITY": "restaurant", "SHOP": null, "OSM_TYPE": "node", "OSM_ID": 4588790424 }, "geometry": { "type": "Point", "coordinates": [ 23.3147364, 42.7003592 ] } },
{ "type": "Feature", "properties": { "NAME": "Пицария Капри", "NAME_EN": "Pizza Capry", "AMENITY": "restaurant", "SHOP": null, "OSM_TYPE": "node", "OSM_ID": 4588824093 }, "geometry": { "type": "Point", "coordinates": [ 23.2681468, 42.7130858 ] } },
{ "type": "Feature", "properties": { "NAME": "ИВТ", "NAME_EN": null, "AMENITY": "cafe", "SHOP": null, "OSM_TYPE": "node", "OSM_ID": 4588871568 }, "geometry": { "type": "Point", "coordinates": [ 23.4038278, 42.6865004 ] } },
{ "type": "Feature", "properties": { "NAME": "Caserola", "NAME_EN": null, "AMENITY": "fast_food", "SHOP": null, "OSM_TYPE": "node", "OSM_ID": 4588919789 }, "geometry": { "type": "Point", "coordinates": [ 23.3146467, 42.6995891 ] } },
{ "type": "Feature", "properties": { "NAME": "Sushi Smile Food", "NAME_EN": null, "AMENITY": "restaurant", "SHOP": null, "OSM_TYPE": "node", "OSM_ID": 4588919790 }, "geometry": { "type": "Point", "coordinates": [ 23.3141709, 42.7006068 ] } },
{ "type": "Feature", "properties": { "NAME": "Mojo", "NAME_EN": null, "AMENITY": "fast_food", "SHOP": null, "OSM_TYPE": "node", "OSM_ID": 4588956590 }, "geometry": { "type": "Point", "coordinates": [ 23.3154078, 42.7002435 ] } },
{ "type": "Feature", "properties": { "NAME": null, "NAME_EN": null, "AMENITY": "restaurant", "SHOP": null, "OSM_TYPE": "node", "OSM_ID": 4589080780 }, "geometry": { "type": "Point", "coordinates": [ 23.2679496, 42.7164243 ] } },
{ "type": "Feature", "properties": { "NAME": null, "NAME_EN": null, "AMENITY": "restaurant", "SHOP": null, "OSM_TYPE": "node", "OSM_ID": 4591390957 }, "geometry": { "type": "Point", "coordinates": [ 23.3459299, 42.7025632 ] } },
{ "type": "Feature", "properties": { "NAME": null, "NAME_EN": null, "AMENITY": "cafe", "SHOP": null, "OSM_TYPE": "node", "OSM_ID": 4592238261 }, "geometry": { "type": "Point", "coordinates": [ 23.351002, 42.7049733 ] } },
{ "type": "Feature", "properties": { "NAME": null, "NAME_EN": null, "AMENITY": "restaurant", "SHOP": null, "OSM_TYPE": "node", "OSM_ID": 4592344203 }, "geometry": { "type": "Point", "coordinates": [ 23.3665258, 42.7046796 ] } },
{ "type": "Feature", "properties": { "NAME": null, "NAME_EN": null, "AMENITY": "restaurant", "SHOP": null, "OSM_TYPE": "node", "OSM_ID": 4592410630 }, "geometry": { "type": "Point", "coordinates": [ 23.3569353, 42.7080117 ] } },
{ "type": "Feature", "properties": { "NAME": "Daro", "NAME_EN": null, "AMENITY": "fast_food", "SHOP": null, "OSM_TYPE": "node", "OSM_ID": 4597882979 }, "geometry": { "type": "Point", "coordinates": [ 23.3400148, 42.6988444 ] } },
{ "type": "Feature", "properties": { "NAME": "Славяни", "NAME_EN": null, "AMENITY": "restaurant", "SHOP": null, "OSM_TYPE": "node", "OSM_ID": 4597914536 }, "geometry": { "type": "Point", "coordinates": [ 23.3446573, 42.6958965 ] } },
{ "type": "Feature", "properties": { "NAME": null, "NAME_EN": null, "AMENITY": "restaurant", "SHOP": null, "OSM_TYPE": "node", "OSM_ID": 4604403814 }, "geometry": { "type": "Point", "coordinates": [ 23.2536828, 42.7160145 ] } },
{ "type": "Feature", "properties": { "NAME": null, "NAME_EN": null, "AMENITY": "bar", "SHOP": null, "OSM_TYPE": "node", "OSM_ID": 4604403815 }, "geometry": { "type": "Point", "coordinates": [ 23.2534498, 42.7160967 ] } },
{ "type": "Feature", "properties": { "NAME": "KFC", "NAME_EN": null, "AMENITY": "fast_food", "SHOP": null, "OSM_TYPE": "node", "OSM_ID": 4614739890 }, "geometry": { "type": "Point", "coordinates": [ 23.3943334, 42.7098491 ] } },
{ "type": "Feature", "properties": { "NAME": null, "NAME_EN": null, "AMENITY": "restaurant", "SHOP": null, "OSM_TYPE": "node", "OSM_ID": 4616253490 }, "geometry": { "type": "Point", "coordinates": [ 23.3077775, 42.7246113 ] } },
{ "type": "Feature", "properties": { "NAME": null, "NAME_EN": null, "AMENITY": "cafe", "SHOP": null, "OSM_TYPE": "node", "OSM_ID": 4639093390 }, "geometry": { "type": "Point", "coordinates": [ 23.3209399, 42.7119112 ] } },
{ "type": "Feature", "properties": { "NAME": "Терес", "NAME_EN": null, "AMENITY": "restaurant", "SHOP": null, "OSM_TYPE": "node", "OSM_ID": 4659899691 }, "geometry": { "type": "Point", "coordinates": [ 23.2471832, 42.6872477 ] } },
{ "type": "Feature", "properties": { "NAME": "Ginger", "NAME_EN": null, "AMENITY": "restaurant", "SHOP": null, "OSM_TYPE": "node", "OSM_ID": 4665154392 }, "geometry": { "type": "Point", "coordinates": [ 23.2609955, 42.6747332 ] } },
{ "type": "Feature", "properties": { "NAME": "Delta Blues Bar", "NAME_EN": null, "AMENITY": "bar", "SHOP": null, "OSM_TYPE": "node", "OSM_ID": 4668388789 }, "geometry": { "type": "Point", "coordinates": [ 23.3277856, 42.7028855 ] } },
{ "type": "Feature", "properties": { "NAME": "Барка", "NAME_EN": null, "AMENITY": "cafe", "SHOP": null, "OSM_TYPE": "node", "OSM_ID": 4688207389 }, "geometry": { "type": "Point", "coordinates": [ 23.3361855, 42.6986689 ] } },
{ "type": "Feature", "properties": { "NAME": "24 Grill Center", "NAME_EN": null, "AMENITY": "fast_food", "SHOP": null, "OSM_TYPE": "node", "OSM_ID": 4692046614 }, "geometry": { "type": "Point", "coordinates": [ 23.3594341, 42.6745737 ] } },
{ "type": "Feature", "properties": { "NAME": "Franco di Roma", "NAME_EN": null, "AMENITY": "restaurant", "SHOP": null, "OSM_TYPE": "node", "OSM_ID": 4709848689 }, "geometry": { "type": "Point", "coordinates": [ 23.3782786, 42.635044 ] } },
{ "type": "Feature", "properties": { "NAME": "Виктория", "NAME_EN": "Victoria", "AMENITY": "restaurant", "SHOP": null, "OSM_TYPE": "node", "OSM_ID": 4714005289 }, "geometry": { "type": "Point", "coordinates": [ 23.2838299, 42.6558311 ] } },
{ "type": "Feature", "properties": { "NAME": null, "NAME_EN": null, "AMENITY": "cafe", "SHOP": null, "OSM_TYPE": "node", "OSM_ID": 4722201123 }, "geometry": { "type": "Point", "coordinates": [ 23.370682, 42.665306 ] } },
{ "type": "Feature", "properties": { "NAME": "Сладкарница \"Малина\"", "NAME_EN": null, "AMENITY": "cafe", "SHOP": null, "OSM_TYPE": "node", "OSM_ID": 4722364431 }, "geometry": { "type": "Point", "coordinates": [ 23.3729508, 42.6637489 ] } },
{ "type": "Feature", "properties": { "NAME": "Osteria Pastoccino", "NAME_EN": null, "AMENITY": "restaurant", "SHOP": null, "OSM_TYPE": "node", "OSM_ID": 4736486422 }, "geometry": { "type": "Point", "coordinates": [ 23.3391062, 42.6922055 ] } },
{ "type": "Feature", "properties": { "NAME": "Domino's", "NAME_EN": null, "AMENITY": "fast_food", "SHOP": null, "OSM_TYPE": "node", "OSM_ID": 4742451977 }, "geometry": { "type": "Point", "coordinates": [ 23.3698368, 42.636226 ] } },
{ "type": "Feature", "properties": { "NAME": "BeerBox", "NAME_EN": null, "AMENITY": "restaurant", "SHOP": null, "OSM_TYPE": "node", "OSM_ID": 4745618327 }, "geometry": { "type": "Point", "coordinates": [ 23.3772685, 42.6491645 ] } },
{ "type": "Feature", "properties": { "NAME": "Peperoncino pizza & pasta", "NAME_EN": null, "AMENITY": "restaurant", "SHOP": null, "OSM_TYPE": "node", "OSM_ID": 4781771625 }, "geometry": { "type": "Point", "coordinates": [ 23.3208512, 42.6705959 ] } },
{ "type": "Feature", "properties": { "NAME": "Банкович - Сръбски Ресторант", "NAME_EN": "Bankovich - Serbian Restaurant", "AMENITY": "restaurant", "SHOP": null, "OSM_TYPE": "node", "OSM_ID": 4781771628 }, "geometry": { "type": "Point", "coordinates": [ 23.3225107, 42.6735793 ] } },
{ "type": "Feature", "properties": { "NAME": "Бистро Александър", "NAME_EN": null, "AMENITY": "fast_food", "SHOP": null, "OSM_TYPE": "node", "OSM_ID": 4789832623 }, "geometry": { "type": "Point", "coordinates": [ 23.3140056, 42.6958426 ] } },
{ "type": "Feature", "properties": { "NAME": "Бар Петък", "NAME_EN": "Bar Friday", "AMENITY": "bar", "SHOP": null, "OSM_TYPE": "node", "OSM_ID": 4795787121 }, "geometry": { "type": "Point", "coordinates": [ 23.3276451, 42.6925663 ] } },
{ "type": "Feature", "properties": { "NAME": "Pita Gyros", "NAME_EN": null, "AMENITY": "fast_food", "SHOP": null, "OSM_TYPE": "node", "OSM_ID": 4815185223 }, "geometry": { "type": "Point", "coordinates": [ 23.2754324, 42.666124 ] } },
{ "type": "Feature", "properties": { "NAME": "Пицария Премиум", "NAME_EN": "Premium pizza", "AMENITY": "restaurant", "SHOP": null, "OSM_TYPE": "node", "OSM_ID": 4817549424 }, "geometry": { "type": "Point", "coordinates": [ 23.2851491, 42.6639527 ] } },
{ "type": "Feature", "properties": { "NAME": "Под Бора", "NAME_EN": "Under the Pine tree", "AMENITY": "fast_food", "SHOP": null, "OSM_TYPE": "node", "OSM_ID": 4817711025 }, "geometry": { "type": "Point", "coordinates": [ 23.2755941, 42.6583043 ] } },
{ "type": "Feature", "properties": { "NAME": "Road 66", "NAME_EN": null, "AMENITY": "bar", "SHOP": null, "OSM_TYPE": "node", "OSM_ID": 4824486123 }, "geometry": { "type": "Point", "coordinates": [ 23.313696, 42.6969001 ] } },
{ "type": "Feature", "properties": { "NAME": "Гостилница \"Мерак\"", "NAME_EN": null, "AMENITY": "restaurant", "SHOP": null, "OSM_TYPE": "node", "OSM_ID": 4837543021 }, "geometry": { "type": "Point", "coordinates": [ 23.3581615, 42.6693106 ] } },
{ "type": "Feature", "properties": { "NAME": "Anna's", "NAME_EN": null, "AMENITY": "restaurant", "SHOP": null, "OSM_TYPE": "node", "OSM_ID": 4838494124 }, "geometry": { "type": "Point", "coordinates": [ 23.3399192, 42.6950598 ] } },
{ "type": "Feature", "properties": { "NAME": "Olio d'oliva", "NAME_EN": null, "AMENITY": "restaurant", "SHOP": null, "OSM_TYPE": "node", "OSM_ID": 4859619121 }, "geometry": { "type": "Point", "coordinates": [ 23.3181744, 42.6980284 ] } },
{ "type": "Feature", "properties": { "NAME": "Chucky's Coffee House", "NAME_EN": null, "AMENITY": "cafe", "SHOP": null, "OSM_TYPE": "node", "OSM_ID": 4865878421 }, "geometry": { "type": "Point", "coordinates": [ 23.3211056, 42.6918636 ] } },
{ "type": "Feature", "properties": { "NAME": "Silhouette", "NAME_EN": null, "AMENITY": "restaurant", "SHOP": null, "OSM_TYPE": "node", "OSM_ID": 4878974771 }, "geometry": { "type": "Point", "coordinates": [ 23.3213459, 42.6709698 ] } },
{ "type": "Feature", "properties": { "NAME": "Механа Дървеното", "NAME_EN": "Wooden Restaurant", "AMENITY": "restaurant", "SHOP": null, "OSM_TYPE": "node", "OSM_ID": 4883005321 }, "geometry": { "type": "Point", "coordinates": [ 23.2603299, 42.7129171 ] } },
{ "type": "Feature", "properties": { "NAME": "Спутник", "NAME_EN": "Sputnik", "AMENITY": "bar", "SHOP": null, "OSM_TYPE": "node", "OSM_ID": 4890050310 }, "geometry": { "type": "Point", "coordinates": [ 23.3421142, 42.6983703 ] } },
{ "type": "Feature", "properties": { "NAME": "Пицария Джиков", "NAME_EN": "Pizza Djikov", "AMENITY": "restaurant", "SHOP": null, "OSM_TYPE": "node", "OSM_ID": 4893150121 }, "geometry": { "type": "Point", "coordinates": [ 23.2856507, 42.7038148 ] } },
{ "type": "Feature", "properties": { "NAME": null, "NAME_EN": null, "AMENITY": "restaurant", "SHOP": null, "OSM_TYPE": "node", "OSM_ID": 4895708427 }, "geometry": { "type": "Point", "coordinates": [ 23.6062699, 42.7466019 ] } },
{ "type": "Feature", "properties": { "NAME": "Grande Bar & Dinner", "NAME_EN": null, "AMENITY": "restaurant", "SHOP": null, "OSM_TYPE": "node", "OSM_ID": 4896872198 }, "geometry": { "type": "Point", "coordinates": [ 23.2779897, 42.653151 ] } },
{ "type": "Feature", "properties": { "NAME": "Zenobia", "NAME_EN": null, "AMENITY": "fast_food", "SHOP": null, "OSM_TYPE": "node", "OSM_ID": 4896907582 }, "geometry": { "type": "Point", "coordinates": [ 23.259585, 42.6656418 ] } },
{ "type": "Feature", "properties": { "NAME": "Охрид", "NAME_EN": null, "AMENITY": "restaurant", "SHOP": null, "OSM_TYPE": "node", "OSM_ID": 4897647542 }, "geometry": { "type": "Point", "coordinates": [ 23.2533187, 42.6623073 ] } },
{ "type": "Feature", "properties": { "NAME": "Julie's", "NAME_EN": null, "AMENITY": "cafe", "SHOP": null, "OSM_TYPE": "node", "OSM_ID": 4897754076 }, "geometry": { "type": "Point", "coordinates": [ 23.2569165, 42.6636529 ] } },
{ "type": "Feature", "properties": { "NAME": "M coffee and bakery", "NAME_EN": null, "AMENITY": "cafe", "SHOP": null, "OSM_TYPE": "node", "OSM_ID": 4900479298 }, "geometry": { "type": "Point", "coordinates": [ 23.2838235, 42.6786364 ] } },
{ "type": "Feature", "properties": { "NAME": "Рай", "NAME_EN": null, "AMENITY": "fast_food", "SHOP": null, "OSM_TYPE": "node", "OSM_ID": 4900479301 }, "geometry": { "type": "Point", "coordinates": [ 23.2855268, 42.677893 ] } },
{ "type": "Feature", "properties": { "NAME": "Istanbul kebap", "NAME_EN": null, "AMENITY": "fast_food", "SHOP": null, "OSM_TYPE": "node", "OSM_ID": 4917524036 }, "geometry": { "type": "Point", "coordinates": [ 23.3208345, 42.6993743 ] } },
{ "type": "Feature", "properties": { "NAME": "De Gusto", "NAME_EN": null, "AMENITY": "restaurant", "SHOP": null, "OSM_TYPE": "node", "OSM_ID": 4925790611 }, "geometry": { "type": "Point", "coordinates": [ 23.3164501, 42.6958605 ] } },
{ "type": "Feature", "properties": { "NAME": "Costa", "NAME_EN": "Costa Coffe", "AMENITY": "cafe", "SHOP": null, "OSM_TYPE": "node", "OSM_ID": 4925822426 }, "geometry": { "type": "Point", "coordinates": [ 23.3558116, 42.6657394 ] } },
{ "type": "Feature", "properties": { "NAME": "Street Chefs", "NAME_EN": null, "AMENITY": "fast_food", "SHOP": null, "OSM_TYPE": "node", "OSM_ID": 4927437468 }, "geometry": { "type": "Point", "coordinates": [ 23.3137757, 42.6695006 ] } },
{ "type": "Feature", "properties": { "NAME": "ХУАТУ ТА ДЖУ ДИЕН", "NAME_EN": null, "AMENITY": "restaurant", "SHOP": null, "OSM_TYPE": "node", "OSM_ID": 4930222485 }, "geometry": { "type": "Point", "coordinates": [ 23.3661932, 42.6431161 ] } },
{ "type": "Feature", "properties": { "NAME": "Chicken House", "NAME_EN": null, "AMENITY": "fast_food", "SHOP": null, "OSM_TYPE": "node", "OSM_ID": 4931066102 }, "geometry": { "type": "Point", "coordinates": [ 23.3727622, 42.6802239 ] } },
{ "type": "Feature", "properties": { "NAME": "Пицария Конти", "NAME_EN": null, "AMENITY": "restaurant", "SHOP": null, "OSM_TYPE": "node", "OSM_ID": 4931066103 }, "geometry": { "type": "Point", "coordinates": [ 23.3732217, 42.6801475 ] } },
{ "type": "Feature", "properties": { "NAME": null, "NAME_EN": null, "AMENITY": "fast_food", "SHOP": null, "OSM_TYPE": "node", "OSM_ID": 4932801473 }, "geometry": { "type": "Point", "coordinates": [ 23.3080351, 42.6864909 ] } },
{ "type": "Feature", "properties": { "NAME": "Буквите", "NAME_EN": null, "AMENITY": "cafe", "SHOP": null, "OSM_TYPE": "node", "OSM_ID": 4938157837 }, "geometry": { "type": "Point", "coordinates": [ 23.3697145, 42.6748038 ] } },
{ "type": "Feature", "properties": { "NAME": "Механа Приятелите", "NAME_EN": null, "AMENITY": "restaurant", "SHOP": null, "OSM_TYPE": "node", "OSM_ID": 4938157873 }, "geometry": { "type": "Point", "coordinates": [ 23.3707107, 42.6649658 ] } },
{ "type": "Feature", "properties": { "NAME": null, "NAME_EN": null, "AMENITY": "cafe", "SHOP": null, "OSM_TYPE": "node", "OSM_ID": 4938157888 }, "geometry": { "type": "Point", "coordinates": [ 23.3735401, 42.666655 ] } },
{ "type": "Feature", "properties": { "NAME": "Mercanti", "NAME_EN": null, "AMENITY": "restaurant", "SHOP": null, "OSM_TYPE": "node", "OSM_ID": 4938935330 }, "geometry": { "type": "Point", "coordinates": [ 23.3245525, 42.6986122 ] } },
{ "type": "Feature", "properties": { "NAME": null, "NAME_EN": null, "AMENITY": "fast_food", "SHOP": null, "OSM_TYPE": "node", "OSM_ID": 4940823705 }, "geometry": { "type": "Point", "coordinates": [ 23.3131809, 42.6898605 ] } },
{ "type": "Feature", "properties": { "NAME": "Цър Пър", "NAME_EN": null, "AMENITY": "fast_food", "SHOP": null, "OSM_TYPE": "node", "OSM_ID": 4942556380 }, "geometry": { "type": "Point", "coordinates": [ 23.3048086, 42.6770078 ] } },
{ "type": "Feature", "properties": { "NAME": "Тенджерите", "NAME_EN": null, "AMENITY": "restaurant", "SHOP": null, "OSM_TYPE": "node", "OSM_ID": 4942926778 }, "geometry": { "type": "Point", "coordinates": [ 23.3309247, 42.6879591 ] } },
{ "type": "Feature", "properties": { "NAME": "БМВ", "NAME_EN": null, "AMENITY": "restaurant", "SHOP": null, "OSM_TYPE": "node", "OSM_ID": 4947500085 }, "geometry": { "type": "Point", "coordinates": [ 23.3230403, 42.7064812 ] } },
{ "type": "Feature", "properties": { "NAME": "Kiosko della pizza", "NAME_EN": null, "AMENITY": "fast_food", "SHOP": null, "OSM_TYPE": "node", "OSM_ID": 4947500093 }, "geometry": { "type": "Point", "coordinates": [ 23.323165, 42.708945 ] } },
{ "type": "Feature", "properties": { "NAME": "Miral Foods", "NAME_EN": null, "AMENITY": "fast_food", "SHOP": null, "OSM_TYPE": "node", "OSM_ID": 4947500101 }, "geometry": { "type": "Point", "coordinates": [ 23.3232274, 42.70208 ] } },
{ "type": "Feature", "properties": { "NAME": "Fresh Point", "NAME_EN": null, "AMENITY": "fast_food", "SHOP": null, "OSM_TYPE": "node", "OSM_ID": 4947500102 }, "geometry": { "type": "Point", "coordinates": [ 23.3227562, 42.7019572 ] } },
{ "type": "Feature", "properties": { "NAME": "Салонъ", "NAME_EN": null, "AMENITY": "bar", "SHOP": null, "OSM_TYPE": "node", "OSM_ID": 4947500116 }, "geometry": { "type": "Point", "coordinates": [ 23.3234791, 42.702942 ] } },
{ "type": "Feature", "properties": { "NAME": "Accord", "NAME_EN": null, "AMENITY": "restaurant", "SHOP": null, "OSM_TYPE": "node", "OSM_ID": 4947500423 }, "geometry": { "type": "Point", "coordinates": [ 23.3229318, 42.7026033 ] } },
{ "type": "Feature", "properties": { "NAME": "Fam", "NAME_EN": null, "AMENITY": "cafe", "SHOP": null, "OSM_TYPE": "node", "OSM_ID": 4947500432 }, "geometry": { "type": "Point", "coordinates": [ 23.3228481, 42.7022953 ] } },
{ "type": "Feature", "properties": { "NAME": "София", "NAME_EN": null, "AMENITY": "fast_food", "SHOP": null, "OSM_TYPE": "node", "OSM_ID": 4947500437 }, "geometry": { "type": "Point", "coordinates": [ 23.324087, 42.7059331 ] } },
{ "type": "Feature", "properties": { "NAME": "Сръбска скара", "NAME_EN": null, "AMENITY": "fast_food", "SHOP": null, "OSM_TYPE": "node", "OSM_ID": 4947500439 }, "geometry": { "type": "Point", "coordinates": [ 23.3236589, 42.7035338 ] } },
{ "type": "Feature", "properties": { "NAME": "Фрикасе", "NAME_EN": null, "AMENITY": "restaurant", "SHOP": null, "OSM_TYPE": "node", "OSM_ID": 4947500448 }, "geometry": { "type": "Point", "coordinates": [ 23.3229164, 42.7068862 ] } },
{ "type": "Feature", "properties": { "NAME": null, "NAME_EN": null, "AMENITY": "fast_food", "SHOP": null, "OSM_TYPE": "node", "OSM_ID": 4947500466 }, "geometry": { "type": "Point", "coordinates": [ 23.3229093, 42.7025204 ] } },
{ "type": "Feature", "properties": { "NAME": null, "NAME_EN": null, "AMENITY": "fast_food", "SHOP": null, "OSM_TYPE": "node", "OSM_ID": 4947500481 }, "geometry": { "type": "Point", "coordinates": [ 23.3235575, 42.7075273 ] } },
{ "type": "Feature", "properties": { "NAME": "Сладкарница София", "NAME_EN": null, "AMENITY": "cafe", "SHOP": null, "OSM_TYPE": "node", "OSM_ID": 4947500483 }, "geometry": { "type": "Point", "coordinates": [ 23.3241009, 42.7058738 ] } },
{ "type": "Feature", "properties": { "NAME": "Rodi Foods", "NAME_EN": null, "AMENITY": "fast_food", "SHOP": null, "OSM_TYPE": "node", "OSM_ID": 4947500489 }, "geometry": { "type": "Point", "coordinates": [ 23.3231046, 42.7016933 ] } },
{ "type": "Feature", "properties": { "NAME": "\"The Corner\" Piano Bar & Dinner", "NAME_EN": null, "AMENITY": "restaurant", "SHOP": null, "OSM_TYPE": "node", "OSM_ID": 4952819134 }, "geometry": { "type": "Point", "coordinates": [ 23.3172551, 42.6646263 ] } },
{ "type": "Feature", "properties": { "NAME": "Балито", "NAME_EN": null, "AMENITY": "restaurant", "SHOP": null, "OSM_TYPE": "node", "OSM_ID": 4955160724 }, "geometry": { "type": "Point", "coordinates": [ 23.3142818, 42.6969373 ] } },
{ "type": "Feature", "properties": { "NAME": "Аривера", "NAME_EN": null, "AMENITY": "restaurant", "SHOP": null, "OSM_TYPE": "node", "OSM_ID": 4955374100 }, "geometry": { "type": "Point", "coordinates": [ 23.3155535, 42.6641872 ] } },
{ "type": "Feature", "properties": { "NAME": "Изток", "NAME_EN": null, "AMENITY": "restaurant", "SHOP": null, "OSM_TYPE": "node", "OSM_ID": 4956438448 }, "geometry": { "type": "Point", "coordinates": [ 23.3189768, 42.6961799 ] } },
{ "type": "Feature", "properties": { "NAME": "Гозбаджийница", "NAME_EN": null, "AMENITY": "fast_food", "SHOP": null, "OSM_TYPE": "node", "OSM_ID": 4957452368 }, "geometry": { "type": "Point", "coordinates": [ 23.3121413, 42.688367 ] } },
{ "type": "Feature", "properties": { "NAME": "Climbar", "NAME_EN": null, "AMENITY": "cafe", "SHOP": null, "OSM_TYPE": "node", "OSM_ID": 4958933557 }, "geometry": { "type": "Point", "coordinates": [ 23.3745261, 42.6652916 ] } },
{ "type": "Feature", "properties": { "NAME": "Eight 2 Five", "NAME_EN": null, "AMENITY": "cafe", "SHOP": null, "OSM_TYPE": "node", "OSM_ID": 4959034406 }, "geometry": { "type": "Point", "coordinates": [ 23.3005351, 42.6781508 ] } },
{ "type": "Feature", "properties": { "NAME": "У нас", "NAME_EN": null, "AMENITY": "restaurant", "SHOP": null, "OSM_TYPE": "node", "OSM_ID": 4960509682 }, "geometry": { "type": "Point", "coordinates": [ 23.3013106, 42.6782714 ] } },
{ "type": "Feature", "properties": { "NAME": "Ули", "NAME_EN": null, "AMENITY": "cafe", "SHOP": null, "OSM_TYPE": "node", "OSM_ID": 4960584968 }, "geometry": { "type": "Point", "coordinates": [ 23.3006476, 42.6774012 ] } },
{ "type": "Feature", "properties": { "NAME": "Coffee house", "NAME_EN": null, "AMENITY": "cafe", "SHOP": null, "OSM_TYPE": "node", "OSM_ID": 4960584985 }, "geometry": { "type": "Point", "coordinates": [ 23.3002729, 42.6778063 ] } },
{ "type": "Feature", "properties": { "NAME": "ДоРеМи", "NAME_EN": null, "AMENITY": "fast_food", "SHOP": null, "OSM_TYPE": "node", "OSM_ID": 4962755797 }, "geometry": { "type": "Point", "coordinates": [ 23.2893004, 42.6758121 ] } },
{ "type": "Feature", "properties": { "NAME": "Македония", "NAME_EN": null, "AMENITY": "restaurant", "SHOP": null, "OSM_TYPE": "node", "OSM_ID": 4963970115 }, "geometry": { "type": "Point", "coordinates": [ 23.2363698, 42.6571285 ] } },
{ "type": "Feature", "properties": { "NAME": null, "NAME_EN": null, "AMENITY": "restaurant", "SHOP": null, "OSM_TYPE": "node", "OSM_ID": 4964043286 }, "geometry": { "type": "Point", "coordinates": [ 23.2481707, 42.6359198 ] } },
{ "type": "Feature", "properties": { "NAME": null, "NAME_EN": null, "AMENITY": "restaurant", "SHOP": null, "OSM_TYPE": "node", "OSM_ID": 4964071784 }, "geometry": { "type": "Point", "coordinates": [ 23.2947869, 42.5814146 ] } },
{ "type": "Feature", "properties": { "NAME": null, "NAME_EN": null, "AMENITY": "cafe", "SHOP": null, "OSM_TYPE": "node", "OSM_ID": 4964489874 }, "geometry": { "type": "Point", "coordinates": [ 23.2655879, 42.660031 ] } },
{ "type": "Feature", "properties": { "NAME": "Mr. Brunch", "NAME_EN": null, "AMENITY": "fast_food", "SHOP": null, "OSM_TYPE": "node", "OSM_ID": 4964681508 }, "geometry": { "type": "Point", "coordinates": [ 23.3001017, 42.6762644 ] } },
{ "type": "Feature", "properties": { "NAME": "Кулинарен свят", "NAME_EN": null, "AMENITY": "restaurant", "SHOP": null, "OSM_TYPE": "node", "OSM_ID": 4964681519 }, "geometry": { "type": "Point", "coordinates": [ 23.2997863, 42.6761461 ] } },
{ "type": "Feature", "properties": { "NAME": "The BA$E", "NAME_EN": null, "AMENITY": "cafe", "SHOP": null, "OSM_TYPE": "node", "OSM_ID": 4964736944 }, "geometry": { "type": "Point", "coordinates": [ 23.2995144, 42.6755831 ] } },
{ "type": "Feature", "properties": { "NAME": null, "NAME_EN": null, "AMENITY": "cafe", "SHOP": null, "OSM_TYPE": "node", "OSM_ID": 4964736945 }, "geometry": { "type": "Point", "coordinates": [ 23.3000277, 42.6757498 ] } },
{ "type": "Feature", "properties": { "NAME": "The burger joint", "NAME_EN": null, "AMENITY": "fast_food", "SHOP": null, "OSM_TYPE": "node", "OSM_ID": 4964796098 }, "geometry": { "type": "Point", "coordinates": [ 23.3034921, 42.6762801 ] } },
{ "type": "Feature", "properties": { "NAME": "Рибката", "NAME_EN": null, "AMENITY": "restaurant", "SHOP": null, "OSM_TYPE": "node", "OSM_ID": 4964796116 }, "geometry": { "type": "Point", "coordinates": [ 23.3036437, 42.6759795 ] } },
{ "type": "Feature", "properties": { "NAME": null, "NAME_EN": null, "AMENITY": "fast_food", "SHOP": null, "OSM_TYPE": "node", "OSM_ID": 4966927865 }, "geometry": { "type": "Point", "coordinates": [ 23.2900843, 42.6748719 ] } },
{ "type": "Feature", "properties": { "NAME": "Sno Bar", "NAME_EN": null, "AMENITY": "restaurant", "SHOP": null, "OSM_TYPE": "node", "OSM_ID": 4969160890 }, "geometry": { "type": "Point", "coordinates": [ 23.2980381, 42.6742139 ] } },
{ "type": "Feature", "properties": { "NAME": "La Terra Rossa", "NAME_EN": null, "AMENITY": "restaurant", "SHOP": null, "OSM_TYPE": "node", "OSM_ID": 4969287628 }, "geometry": { "type": "Point", "coordinates": [ 23.3042232, 42.6748674 ] } },
{ "type": "Feature", "properties": { "NAME": "Rituali", "NAME_EN": null, "AMENITY": "restaurant", "SHOP": null, "OSM_TYPE": "node", "OSM_ID": 4972344171 }, "geometry": { "type": "Point", "coordinates": [ 23.3471328, 42.6953037 ] } },
{ "type": "Feature", "properties": { "NAME": "Вкусно е при Еци", "NAME_EN": null, "AMENITY": "fast_food", "SHOP": null, "OSM_TYPE": "node", "OSM_ID": 4972758830 }, "geometry": { "type": "Point", "coordinates": [ 23.2963895, 42.6728446 ] } },
{ "type": "Feature", "properties": { "NAME": null, "NAME_EN": null, "AMENITY": "cafe", "SHOP": null, "OSM_TYPE": "node", "OSM_ID": 4972800445 }, "geometry": { "type": "Point", "coordinates": [ 23.2987256, 42.6736628 ] } },
{ "type": "Feature", "properties": { "NAME": "Бон апетито", "NAME_EN": null, "AMENITY": "fast_food", "SHOP": null, "OSM_TYPE": "node", "OSM_ID": 4974791454 }, "geometry": { "type": "Point", "coordinates": [ 23.3169977, 42.6631671 ] } },
{ "type": "Feature", "properties": { "NAME": "Петлето", "NAME_EN": null, "AMENITY": "restaurant", "SHOP": null, "OSM_TYPE": "node", "OSM_ID": 4975180074 }, "geometry": { "type": "Point", "coordinates": [ 23.31581, 42.6632374 ] } },
{ "type": "Feature", "properties": { "NAME": "The View", "NAME_EN": null, "AMENITY": "restaurant", "SHOP": null, "OSM_TYPE": "node", "OSM_ID": 4975901245 }, "geometry": { "type": "Point", "coordinates": [ 23.3151, 42.6825 ] } },
{ "type": "Feature", "properties": { "NAME": "Фу ън юен", "NAME_EN": null, "AMENITY": "restaurant", "SHOP": null, "OSM_TYPE": "node", "OSM_ID": 4978041780 }, "geometry": { "type": "Point", "coordinates": [ 23.3518487, 42.6946538 ] } },
{ "type": "Feature", "properties": { "NAME": null, "NAME_EN": null, "AMENITY": "fast_food", "SHOP": null, "OSM_TYPE": "node", "OSM_ID": 4978133806 }, "geometry": { "type": "Point", "coordinates": [ 23.2848868, 42.672142 ] } },
{ "type": "Feature", "properties": { "NAME": "Пекарна Джейни", "NAME_EN": null, "AMENITY": "fast_food", "SHOP": null, "OSM_TYPE": "node", "OSM_ID": 4979272162 }, "geometry": { "type": "Point", "coordinates": [ 23.3206432, 42.6705391 ] } },
{ "type": "Feature", "properties": { "NAME": null, "NAME_EN": null, "AMENITY": "fast_food", "SHOP": null, "OSM_TYPE": "node", "OSM_ID": 4980845626 }, "geometry": { "type": "Point", "coordinates": [ 23.2941977, 42.6721168 ] } },
{ "type": "Feature", "properties": { "NAME": null, "NAME_EN": null, "AMENITY": "fast_food", "SHOP": null, "OSM_TYPE": "node", "OSM_ID": 4980845653 }, "geometry": { "type": "Point", "coordinates": [ 23.2942481, 42.6721733 ] } },
{ "type": "Feature", "properties": { "NAME": "Баничарница Вега", "NAME_EN": null, "AMENITY": "fast_food", "SHOP": null, "OSM_TYPE": "node", "OSM_ID": 4980845654 }, "geometry": { "type": "Point", "coordinates": [ 23.2945485, 42.6721795 ] } },
{ "type": "Feature", "properties": { "NAME": "Баничарница - Бай Данчо", "NAME_EN": null, "AMENITY": "fast_food", "SHOP": null, "OSM_TYPE": "node", "OSM_ID": 4980845666 }, "geometry": { "type": "Point", "coordinates": [ 23.2945481, 42.6718538 ] } },
{ "type": "Feature", "properties": { "NAME": null, "NAME_EN": null, "AMENITY": "fast_food", "SHOP": null, "OSM_TYPE": "node", "OSM_ID": 4980845667 }, "geometry": { "type": "Point", "coordinates": [ 23.2945579, 42.6717815 ] } },
{ "type": "Feature", "properties": { "NAME": "При баба и дядо", "NAME_EN": null, "AMENITY": "fast_food", "SHOP": null, "OSM_TYPE": "node", "OSM_ID": 4980845671 }, "geometry": { "type": "Point", "coordinates": [ 23.2943353, 42.6720653 ] } },
{ "type": "Feature", "properties": { "NAME": "Bakery Caffix", "NAME_EN": null, "AMENITY": "fast_food", "SHOP": null, "OSM_TYPE": "node", "OSM_ID": 4980907522 }, "geometry": { "type": "Point", "coordinates": [ 23.2952369, 42.671761 ] } },
{ "type": "Feature", "properties": { "NAME": "Bombe", "NAME_EN": null, "AMENITY": "restaurant", "SHOP": null, "OSM_TYPE": "node", "OSM_ID": 4983790262 }, "geometry": { "type": "Point", "coordinates": [ 23.2962373, 42.6726953 ] } },
{ "type": "Feature", "properties": { "NAME": "pantuti", "NAME_EN": null, "AMENITY": "fast_food", "SHOP": null, "OSM_TYPE": "node", "OSM_ID": 4983790266 }, "geometry": { "type": "Point", "coordinates": [ 23.2958813, 42.6723805 ] } },
{ "type": "Feature", "properties": { "NAME": "Little Coffe House", "NAME_EN": null, "AMENITY": "cafe", "SHOP": null, "OSM_TYPE": "node", "OSM_ID": 4983790281 }, "geometry": { "type": "Point", "coordinates": [ 23.2963332, 42.6726218 ] } },
{ "type": "Feature", "properties": { "NAME": null, "NAME_EN": null, "AMENITY": "cafe", "SHOP": null, "OSM_TYPE": "node", "OSM_ID": 4983790284 }, "geometry": { "type": "Point", "coordinates": [ 23.2961075, 42.6714966 ] } },
{ "type": "Feature", "properties": { "NAME": "Green coffee house", "NAME_EN": null, "AMENITY": "cafe", "SHOP": null, "OSM_TYPE": "node", "OSM_ID": 4983790306 }, "geometry": { "type": "Point", "coordinates": [ 23.2953741, 42.6718939 ] } },
{ "type": "Feature", "properties": { "NAME": "Голям праз", "NAME_EN": null, "AMENITY": "fast_food", "SHOP": null, "OSM_TYPE": "node", "OSM_ID": 4985621301 }, "geometry": { "type": "Point", "coordinates": [ 23.2985256, 42.6722952 ] } },
{ "type": "Feature", "properties": { "NAME": "STU Sweets", "NAME_EN": null, "AMENITY": "cafe", "SHOP": null, "OSM_TYPE": "node", "OSM_ID": 4985700818 }, "geometry": { "type": "Point", "coordinates": [ 23.2999904, 42.6724382 ] } },
{ "type": "Feature", "properties": { "NAME": null, "NAME_EN": null, "AMENITY": "restaurant", "SHOP": null, "OSM_TYPE": "node", "OSM_ID": 4986590520 }, "geometry": { "type": "Point", "coordinates": [ 23.2384028, 42.610652 ] } },
{ "type": "Feature", "properties": { "NAME": "Portico 43", "NAME_EN": null, "AMENITY": "restaurant", "SHOP": null, "OSM_TYPE": "node", "OSM_ID": 4987238992 }, "geometry": { "type": "Point", "coordinates": [ 23.2902495, 42.6711621 ] } },
{ "type": "Feature", "properties": { "NAME": "Алеленд", "NAME_EN": null, "AMENITY": "restaurant", "SHOP": null, "OSM_TYPE": "node", "OSM_ID": 4991181109 }, "geometry": { "type": "Point", "coordinates": [ 23.295674, 42.6714193 ] } },
{ "type": "Feature", "properties": { "NAME": "Аркон", "NAME_EN": null, "AMENITY": "cafe", "SHOP": null, "OSM_TYPE": "node", "OSM_ID": 4993377311 }, "geometry": { "type": "Point", "coordinates": [ 23.3018637, 42.6711556 ] } },
{ "type": "Feature", "properties": { "NAME": "Flame", "NAME_EN": null, "AMENITY": "bar", "SHOP": null, "OSM_TYPE": "node", "OSM_ID": 4993426597 }, "geometry": { "type": "Point", "coordinates": [ 23.3025381, 42.6702415 ] } },
{ "type": "Feature", "properties": { "NAME": null, "NAME_EN": null, "AMENITY": "cafe", "SHOP": null, "OSM_TYPE": "node", "OSM_ID": 4994621745 }, "geometry": { "type": "Point", "coordinates": [ 23.3143209, 42.6599429 ] } },
{ "type": "Feature", "properties": { "NAME": "Борово", "NAME_EN": null, "AMENITY": "restaurant", "SHOP": null, "OSM_TYPE": "node", "OSM_ID": 4998631161 }, "geometry": { "type": "Point", "coordinates": [ 23.2847748, 42.66991 ] } },
{ "type": "Feature", "properties": { "NAME": "Мед и канела", "NAME_EN": null, "AMENITY": "cafe", "SHOP": null, "OSM_TYPE": "node", "OSM_ID": 4998631176 }, "geometry": { "type": "Point", "coordinates": [ 23.2848862, 42.6698386 ] } },
{ "type": "Feature", "properties": { "NAME": "Вино & Тапас", "NAME_EN": "Vino & Tapas", "AMENITY": "restaurant", "SHOP": null, "OSM_TYPE": "node", "OSM_ID": 5001885120 }, "geometry": { "type": "Point", "coordinates": [ 23.33203, 42.6981638 ] } },
{ "type": "Feature", "properties": { "NAME": "Jungle Burger", "NAME_EN": null, "AMENITY": "fast_food", "SHOP": null, "OSM_TYPE": "node", "OSM_ID": 5003848512 }, "geometry": { "type": "Point", "coordinates": [ 23.28972, 42.6700819 ] } },
{ "type": "Feature", "properties": { "NAME": "My meal", "NAME_EN": null, "AMENITY": "food_court", "SHOP": null, "OSM_TYPE": "node", "OSM_ID": 5003868233 }, "geometry": { "type": "Point", "coordinates": [ 23.2908246, 42.6695258 ] } },
{ "type": "Feature", "properties": { "NAME": "COCOS kitchen", "NAME_EN": null, "AMENITY": "fast_food", "SHOP": null, "OSM_TYPE": "node", "OSM_ID": 5008380840 }, "geometry": { "type": "Point", "coordinates": [ 23.3017111, 42.6693288 ] } },
{ "type": "Feature", "properties": { "NAME": "Siciliana", "NAME_EN": null, "AMENITY": "fast_food", "SHOP": null, "OSM_TYPE": "node", "OSM_ID": 5008406406 }, "geometry": { "type": "Point", "coordinates": [ 23.3030605, 42.6699407 ] } },
{ "type": "Feature", "properties": { "NAME": "Сирияна Фуудс", "NAME_EN": null, "AMENITY": "fast_food", "SHOP": null, "OSM_TYPE": "node", "OSM_ID": 5009812062 }, "geometry": { "type": "Point", "coordinates": [ 23.2651451, 42.6602281 ] } },
{ "type": "Feature", "properties": { "NAME": "Прованс", "NAME_EN": null, "AMENITY": "restaurant", "SHOP": null, "OSM_TYPE": "node", "OSM_ID": 5015428726 }, "geometry": { "type": "Point", "coordinates": [ 23.288657, 42.6689926 ] } },
{ "type": "Feature", "properties": { "NAME": "Бистро 105", "NAME_EN": null, "AMENITY": "bar", "SHOP": null, "OSM_TYPE": "node", "OSM_ID": 5017044265 }, "geometry": { "type": "Point", "coordinates": [ 23.3016782, 42.6688172 ] } },
{ "type": "Feature", "properties": { "NAME": "Старата Италия", "NAME_EN": null, "AMENITY": "restaurant", "SHOP": null, "OSM_TYPE": "node", "OSM_ID": 5018712422 }, "geometry": { "type": "Point", "coordinates": [ 23.2891428, 42.6675012 ] } },
{ "type": "Feature", "properties": { "NAME": "Platinum Club Bulgaria", "NAME_EN": null, "AMENITY": "bar", "SHOP": null, "OSM_TYPE": "node", "OSM_ID": 5018753058 }, "geometry": { "type": "Point", "coordinates": [ 23.2910459, 42.6674669 ] } },
{ "type": "Feature", "properties": { "NAME": "Кадакес", "NAME_EN": "Cadaques", "AMENITY": "restaurant", "SHOP": null, "OSM_TYPE": "node", "OSM_ID": 5020925713 }, "geometry": { "type": "Point", "coordinates": [ 23.2970699, 42.6667081 ] } },
{ "type": "Feature", "properties": { "NAME": "Fornetti", "NAME_EN": null, "AMENITY": "fast_food", "SHOP": "bakery", "OSM_TYPE": "node", "OSM_ID": 5020927335 }, "geometry": { "type": "Point", "coordinates": [ 23.297507, 42.6668165 ] } },
{ "type": "Feature", "properties": { "NAME": "Wake and bake", "NAME_EN": null, "AMENITY": "cafe", "SHOP": null, "OSM_TYPE": "node", "OSM_ID": 5022970120 }, "geometry": { "type": "Point", "coordinates": [ 23.2814074, 42.6660211 ] } },
{ "type": "Feature", "properties": { "NAME": "4 fresh", "NAME_EN": null, "AMENITY": "cafe", "SHOP": null, "OSM_TYPE": "node", "OSM_ID": 5022972122 }, "geometry": { "type": "Point", "coordinates": [ 23.2821713, 42.6658186 ] } },
{ "type": "Feature", "properties": { "NAME": "Juicy bites", "NAME_EN": null, "AMENITY": "fast_food", "SHOP": null, "OSM_TYPE": "node", "OSM_ID": 5023017654 }, "geometry": { "type": "Point", "coordinates": [ 23.2832166, 42.6654324 ] } },
{ "type": "Feature", "properties": { "NAME": "Amigos", "NAME_EN": null, "AMENITY": "cafe", "SHOP": null, "OSM_TYPE": "node", "OSM_ID": 5025125612 }, "geometry": { "type": "Point", "coordinates": [ 23.2902374, 42.6662302 ] } },
{ "type": "Feature", "properties": { "NAME": "Хоремаг", "NAME_EN": null, "AMENITY": "restaurant", "SHOP": null, "OSM_TYPE": "node", "OSM_ID": 5027140621 }, "geometry": { "type": "Point", "coordinates": [ 23.3118437, 42.6938219 ] } },
{ "type": "Feature", "properties": { "NAME": "Флай", "NAME_EN": "Fly", "AMENITY": "restaurant", "SHOP": null, "OSM_TYPE": "node", "OSM_ID": 5027210428 }, "geometry": { "type": "Point", "coordinates": [ 23.2962927, 42.6663615 ] } },
{ "type": "Feature", "properties": { "NAME": "Alibi", "NAME_EN": null, "AMENITY": "restaurant", "SHOP": null, "OSM_TYPE": "node", "OSM_ID": 5027261197 }, "geometry": { "type": "Point", "coordinates": [ 23.298662, 42.6653731 ] } },
{ "type": "Feature", "properties": { "NAME": "Appetino", "NAME_EN": null, "AMENITY": "fast_food", "SHOP": null, "OSM_TYPE": "node", "OSM_ID": 5027261942 }, "geometry": { "type": "Point", "coordinates": [ 23.2989403, 42.6655614 ] } },
{ "type": "Feature", "properties": { "NAME": "Domino's", "NAME_EN": null, "AMENITY": "fast_food", "SHOP": null, "OSM_TYPE": "node", "OSM_ID": 5027261945 }, "geometry": { "type": "Point", "coordinates": [ 23.2988517, 42.6655062 ] } },
{ "type": "Feature", "properties": { "NAME": "Арен", "NAME_EN": null, "AMENITY": "restaurant", "SHOP": null, "OSM_TYPE": "node", "OSM_ID": 5027261946 }, "geometry": { "type": "Point", "coordinates": [ 23.297111, 42.6662789 ] } },
{ "type": "Feature", "properties": { "NAME": "Lubo's Ice cream", "NAME_EN": null, "AMENITY": "ice_cream", "SHOP": null, "OSM_TYPE": "node", "OSM_ID": 5033100422 }, "geometry": { "type": "Point", "coordinates": [ 23.3021926, 42.6653627 ] } },
{ "type": "Feature", "properties": { "NAME": "Съседите", "NAME_EN": null, "AMENITY": "fast_food", "SHOP": null, "OSM_TYPE": "node", "OSM_ID": 5033100423 }, "geometry": { "type": "Point", "coordinates": [ 23.302107, 42.6654204 ] } },
{ "type": "Feature", "properties": { "NAME": null, "NAME_EN": null, "AMENITY": "fast_food", "SHOP": null, "OSM_TYPE": "node", "OSM_ID": 5037652148 }, "geometry": { "type": "Point", "coordinates": [ 23.2879149, 42.6650213 ] } },
{ "type": "Feature", "properties": { "NAME": null, "NAME_EN": null, "AMENITY": "fast_food", "SHOP": null, "OSM_TYPE": "node", "OSM_ID": 5037652152 }, "geometry": { "type": "Point", "coordinates": [ 23.2875629, 42.66501 ] } },
{ "type": "Feature", "properties": { "NAME": "Arslan Duner", "NAME_EN": null, "AMENITY": "fast_food", "SHOP": null, "OSM_TYPE": "node", "OSM_ID": 5037652182 }, "geometry": { "type": "Point", "coordinates": [ 23.2876809, 42.6654074 ] } },
{ "type": "Feature", "properties": { "NAME": null, "NAME_EN": "Orange", "AMENITY": "cafe", "SHOP": null, "OSM_TYPE": "node", "OSM_ID": 5038198026 }, "geometry": { "type": "Point", "coordinates": [ 23.2621899, 42.7162661 ] } },
{ "type": "Feature", "properties": { "NAME": "Pizza&duner Juliani", "NAME_EN": null, "AMENITY": "fast_food", "SHOP": null, "OSM_TYPE": "node", "OSM_ID": 5039933759 }, "geometry": { "type": "Point", "coordinates": [ 23.2976338, 42.6641284 ] } },
{ "type": "Feature", "properties": { "NAME": "Арно бистро", "NAME_EN": null, "AMENITY": "fast_food", "SHOP": null, "OSM_TYPE": "node", "OSM_ID": 5039933795 }, "geometry": { "type": "Point", "coordinates": [ 23.2984963, 42.6648209 ] } },
{ "type": "Feature", "properties": { "NAME": "Сладкарница Глухарче", "NAME_EN": "Gluharche", "AMENITY": "bar", "SHOP": null, "OSM_TYPE": "node", "OSM_ID": 5040569936 }, "geometry": { "type": "Point", "coordinates": [ 23.3766152, 42.6333933 ] } },
{ "type": "Feature", "properties": { "NAME": "Слончето Beach & Grill", "NAME_EN": null, "AMENITY": "restaurant", "SHOP": null, "OSM_TYPE": "node", "OSM_ID": 5042921144 }, "geometry": { "type": "Point", "coordinates": [ 23.2643882, 42.6589491 ] } },
{ "type": "Feature", "properties": { "NAME": null, "NAME_EN": null, "AMENITY": "bar", "SHOP": null, "OSM_TYPE": "node", "OSM_ID": 5042921145 }, "geometry": { "type": "Point", "coordinates": [ 23.2645313, 42.6590444 ] } },
{ "type": "Feature", "properties": { "NAME": "Dadiani", "NAME_EN": null, "AMENITY": "bar", "SHOP": null, "OSM_TYPE": "node", "OSM_ID": 5043696128 }, "geometry": { "type": "Point", "coordinates": [ 23.28468, 42.66389 ] } },
{ "type": "Feature", "properties": { "NAME": "Мън фу юен", "NAME_EN": null, "AMENITY": "restaurant", "SHOP": null, "OSM_TYPE": "node", "OSM_ID": 5043696136 }, "geometry": { "type": "Point", "coordinates": [ 23.2853368, 42.6636558 ] } },
{ "type": "Feature", "properties": { "NAME": "Go Grill", "NAME_EN": null, "AMENITY": "fast_food", "SHOP": null, "OSM_TYPE": "node", "OSM_ID": 5043732532 }, "geometry": { "type": "Point", "coordinates": [ 23.2975339, 42.6639431 ] } },
{ "type": "Feature", "properties": { "NAME": "Двете халби", "NAME_EN": null, "AMENITY": "restaurant", "SHOP": null, "OSM_TYPE": "node", "OSM_ID": 5043732543 }, "geometry": { "type": "Point", "coordinates": [ 23.2972412, 42.6638298 ] } },
{ "type": "Feature", "properties": { "NAME": null, "NAME_EN": null, "AMENITY": "fast_food", "SHOP": null, "OSM_TYPE": "node", "OSM_ID": 5044646408 }, "geometry": { "type": "Point", "coordinates": [ 23.3516787, 42.6936759 ] } },
{ "type": "Feature", "properties": { "NAME": "Тигра", "NAME_EN": null, "AMENITY": "cafe", "SHOP": null, "OSM_TYPE": "node", "OSM_ID": 5045383038 }, "geometry": { "type": "Point", "coordinates": [ 23.3002908, 42.6636232 ] } },
{ "type": "Feature", "properties": { "NAME": null, "NAME_EN": null, "AMENITY": "cafe", "SHOP": null, "OSM_TYPE": "node", "OSM_ID": 5045400108 }, "geometry": { "type": "Point", "coordinates": [ 23.2947264, 42.6624579 ] } },
{ "type": "Feature", "properties": { "NAME": null, "NAME_EN": null, "AMENITY": "cafe", "SHOP": null, "OSM_TYPE": "node", "OSM_ID": 5046826792 }, "geometry": { "type": "Point", "coordinates": [ 23.2999833, 42.661803 ] } },
{ "type": "Feature", "properties": { "NAME": null, "NAME_EN": null, "AMENITY": "cafe", "SHOP": null, "OSM_TYPE": "node", "OSM_ID": 5046899810 }, "geometry": { "type": "Point", "coordinates": [ 23.2997896, 42.6610877 ] } },
{ "type": "Feature", "properties": { "NAME": null, "NAME_EN": null, "AMENITY": "fast_food", "SHOP": null, "OSM_TYPE": "node", "OSM_ID": 5055804721 }, "geometry": { "type": "Point", "coordinates": [ 23.4094283, 42.6326417 ] } },
{ "type": "Feature", "properties": { "NAME": "Лампата", "NAME_EN": null, "AMENITY": "restaurant", "SHOP": null, "OSM_TYPE": "node", "OSM_ID": 5057208680 }, "geometry": { "type": "Point", "coordinates": [ 23.3151556, 42.670183 ] } },
{ "type": "Feature", "properties": { "NAME": null, "NAME_EN": null, "AMENITY": "fast_food", "SHOP": null, "OSM_TYPE": "node", "OSM_ID": 5061580261 }, "geometry": { "type": "Point", "coordinates": [ 23.2713809, 42.6729494 ] } },
{ "type": "Feature", "properties": { "NAME": null, "NAME_EN": null, "AMENITY": "fast_food", "SHOP": null, "OSM_TYPE": "node", "OSM_ID": 5061580266 }, "geometry": { "type": "Point", "coordinates": [ 23.271451, 42.6729109 ] } },
{ "type": "Feature", "properties": { "NAME": null, "NAME_EN": null, "AMENITY": "fast_food", "SHOP": null, "OSM_TYPE": "node", "OSM_ID": 5061685207 }, "geometry": { "type": "Point", "coordinates": [ 23.3165729, 42.726758 ] } },
{ "type": "Feature", "properties": { "NAME": "Conté", "NAME_EN": "Conté", "AMENITY": "bar", "SHOP": null, "OSM_TYPE": "node", "OSM_ID": 5077783722 }, "geometry": { "type": "Point", "coordinates": [ 23.3447082, 42.6538334 ] } },
{ "type": "Feature", "properties": { "NAME": "Скара на кило", "NAME_EN": null, "AMENITY": "fast_food", "SHOP": null, "OSM_TYPE": "node", "OSM_ID": 5081263611 }, "geometry": { "type": "Point", "coordinates": [ 23.3625609, 42.6527263 ] } },
{ "type": "Feature", "properties": { "NAME": "Монтерей", "NAME_EN": null, "AMENITY": "restaurant", "SHOP": null, "OSM_TYPE": "node", "OSM_ID": 5081263612 }, "geometry": { "type": "Point", "coordinates": [ 23.3610038, 42.6521893 ] } },
{ "type": "Feature", "properties": { "NAME": "BG Скара", "NAME_EN": null, "AMENITY": "fast_food", "SHOP": null, "OSM_TYPE": "node", "OSM_ID": 5081263613 }, "geometry": { "type": "Point", "coordinates": [ 23.3600932, 42.6522938 ] } },
{ "type": "Feature", "properties": { "NAME": "Наша кухня", "NAME_EN": null, "AMENITY": "fast_food", "SHOP": null, "OSM_TYPE": "node", "OSM_ID": 5081275529 }, "geometry": { "type": "Point", "coordinates": [ 23.358728, 42.6507205 ] } },
{ "type": "Feature", "properties": { "NAME": "Скара бар 3", "NAME_EN": "Skara Bar 3", "AMENITY": "restaurant", "SHOP": null, "OSM_TYPE": "node", "OSM_ID": 5084818921 }, "geometry": { "type": "Point", "coordinates": [ 23.3436307, 42.6870844 ] } },
{ "type": "Feature", "properties": { "NAME": "Чевермето", "NAME_EN": "Chevermeto", "AMENITY": "restaurant", "SHOP": null, "OSM_TYPE": "node", "OSM_ID": 5092584622 }, "geometry": { "type": "Point", "coordinates": [ 23.3160734, 42.6830693 ] } },
{ "type": "Feature", "properties": { "NAME": "Фантазия", "NAME_EN": null, "AMENITY": "restaurant", "SHOP": null, "OSM_TYPE": "node", "OSM_ID": 5095682728 }, "geometry": { "type": "Point", "coordinates": [ 23.3261926, 42.7002388 ] } },
{ "type": "Feature", "properties": { "NAME": "Cush.BAR", "NAME_EN": "Cush bar", "AMENITY": "bar", "SHOP": null, "OSM_TYPE": "node", "OSM_ID": 5106091585 }, "geometry": { "type": "Point", "coordinates": [ 23.3239813, 42.7002014 ] } },
{ "type": "Feature", "properties": { "NAME": "Bira Bar", "NAME_EN": null, "AMENITY": "bar", "SHOP": null, "OSM_TYPE": "node", "OSM_ID": 5111531010 }, "geometry": { "type": "Point", "coordinates": [ 23.331323, 42.6980542 ] } },
{ "type": "Feature", "properties": { "NAME": "Кафе Кафе", "NAME_EN": null, "AMENITY": "cafe", "SHOP": null, "OSM_TYPE": "node", "OSM_ID": 5118393621 }, "geometry": { "type": "Point", "coordinates": [ 23.2739504, 42.6614947 ] } },
{ "type": "Feature", "properties": { "NAME": "Рибката", "NAME_EN": null, "AMENITY": "fast_food", "SHOP": null, "OSM_TYPE": "node", "OSM_ID": 5118888623 }, "geometry": { "type": "Point", "coordinates": [ 23.2769527, 42.6692898 ] } },
{ "type": "Feature", "properties": { "NAME": "Athene", "NAME_EN": "Athene", "AMENITY": "cafe", "SHOP": null, "OSM_TYPE": "node", "OSM_ID": 5119305324 }, "geometry": { "type": "Point", "coordinates": [ 23.3196414, 42.6996689 ] } },
{ "type": "Feature", "properties": { "NAME": "Панорама", "NAME_EN": null, "AMENITY": "restaurant", "SHOP": null, "OSM_TYPE": "node", "OSM_ID": 5156630714 }, "geometry": { "type": "Point", "coordinates": [ 23.3488379, 42.6737139 ] } },
{ "type": "Feature", "properties": { "NAME": null, "NAME_EN": null, "AMENITY": "fast_food", "SHOP": null, "OSM_TYPE": "node", "OSM_ID": 5169378529 }, "geometry": { "type": "Point", "coordinates": [ 23.229832, 42.6960096 ] } },
{ "type": "Feature", "properties": { "NAME": null, "NAME_EN": null, "AMENITY": "cafe", "SHOP": null, "OSM_TYPE": "node", "OSM_ID": 5178411705 }, "geometry": { "type": "Point", "coordinates": [ 23.3542608, 42.823087 ] } },
{ "type": "Feature", "properties": { "NAME": null, "NAME_EN": null, "AMENITY": "cafe", "SHOP": null, "OSM_TYPE": "node", "OSM_ID": 5194527483 }, "geometry": { "type": "Point", "coordinates": [ 23.3448042, 42.8037892 ] } },
{ "type": "Feature", "properties": { "NAME": "Cava", "NAME_EN": "Cava", "AMENITY": "restaurant", "SHOP": null, "OSM_TYPE": "node", "OSM_ID": 5194639021 }, "geometry": { "type": "Point", "coordinates": [ 23.3212664, 42.6905321 ] } },
{ "type": "Feature", "properties": { "NAME": "Beer Garden", "NAME_EN": null, "AMENITY": "pub", "SHOP": null, "OSM_TYPE": "node", "OSM_ID": 5198002701 }, "geometry": { "type": "Point", "coordinates": [ 23.4083516, 42.6420549 ] } },
{ "type": "Feature", "properties": { "NAME": "баница", "NAME_EN": null, "AMENITY": "fast_food", "SHOP": null, "OSM_TYPE": "node", "OSM_ID": 5213011657 }, "geometry": { "type": "Point", "coordinates": [ 23.294096, 42.7340095 ] } },
{ "type": "Feature", "properties": { "NAME": "Avrasia", "NAME_EN": null, "AMENITY": "restaurant", "SHOP": null, "OSM_TYPE": "node", "OSM_ID": 5219997424 }, "geometry": { "type": "Point", "coordinates": [ 23.3187486, 42.7019823 ] } },
{ "type": "Feature", "properties": { "NAME": "Бар Беше Лилавото", "NAME_EN": "Been Purple Bar", "AMENITY": "bar", "SHOP": null, "OSM_TYPE": "node", "OSM_ID": 5224227121 }, "geometry": { "type": "Point", "coordinates": [ 23.3373119, 42.691283 ] } },
{ "type": "Feature", "properties": { "NAME": "The Friendly Bear", "NAME_EN": null, "AMENITY": "bar", "SHOP": null, "OSM_TYPE": "node", "OSM_ID": 5224550252 }, "geometry": { "type": "Point", "coordinates": [ 23.3311122, 42.6920148 ] } },
{ "type": "Feature", "properties": { "NAME": "The Coffee Shop", "NAME_EN": null, "AMENITY": "cafe", "SHOP": null, "OSM_TYPE": "node", "OSM_ID": 5237160415 }, "geometry": { "type": "Point", "coordinates": [ 23.3321048, 42.6986057 ] } },
{ "type": "Feature", "properties": { "NAME": "Odd Food", "NAME_EN": null, "AMENITY": "fast_food", "SHOP": null, "OSM_TYPE": "node", "OSM_ID": 5237160644 }, "geometry": { "type": "Point", "coordinates": [ 23.3319667, 42.6985933 ] } },
{ "type": "Feature", "properties": { "NAME": "Don Vito", "NAME_EN": null, "AMENITY": "restaurant", "SHOP": null, "OSM_TYPE": "node", "OSM_ID": 5241045127 }, "geometry": { "type": "Point", "coordinates": [ 23.2881754, 42.6810252 ] } },
{ "type": "Feature", "properties": { "NAME": "Kral cigkofte", "NAME_EN": null, "AMENITY": "fast_food", "SHOP": null, "OSM_TYPE": "node", "OSM_ID": 5241045621 }, "geometry": { "type": "Point", "coordinates": [ 23.3470752, 42.652168 ] } },
{ "type": "Feature", "properties": { "NAME": "БГ бар", "NAME_EN": "BG Bar", "AMENITY": "bar", "SHOP": null, "OSM_TYPE": "node", "OSM_ID": 5267463921 }, "geometry": { "type": "Point", "coordinates": [ 23.337487, 42.6911488 ] } },
{ "type": "Feature", "properties": { "NAME": "RepEat", "NAME_EN": null, "AMENITY": "restaurant", "SHOP": null, "OSM_TYPE": "node", "OSM_ID": 5270351921 }, "geometry": { "type": "Point", "coordinates": [ 23.3444292, 42.6876983 ] } },
{ "type": "Feature", "properties": { "NAME": "Coffee-ology", "NAME_EN": null, "AMENITY": "cafe", "SHOP": null, "OSM_TYPE": "node", "OSM_ID": 5270425870 }, "geometry": { "type": "Point", "coordinates": [ 23.3096813, 42.7049608 ] } },
{ "type": "Feature", "properties": { "NAME": "Бенисимо", "NAME_EN": "Benissimo", "AMENITY": "restaurant", "SHOP": null, "OSM_TYPE": "node", "OSM_ID": 5285673822 }, "geometry": { "type": "Point", "coordinates": [ 23.3530862, 42.7019709 ] } },
{ "type": "Feature", "properties": { "NAME": null, "NAME_EN": null, "AMENITY": "restaurant", "SHOP": null, "OSM_TYPE": "node", "OSM_ID": 5318636908 }, "geometry": { "type": "Point", "coordinates": [ 23.308082, 42.7036979 ] } },
{ "type": "Feature", "properties": { "NAME": "Ma Baker", "NAME_EN": null, "AMENITY": "cafe", "SHOP": null, "OSM_TYPE": "node", "OSM_ID": 5318791335 }, "geometry": { "type": "Point", "coordinates": [ 23.353272, 42.6693592 ] } },
{ "type": "Feature", "properties": { "NAME": "Society", "NAME_EN": null, "AMENITY": "bar", "SHOP": null, "OSM_TYPE": "node", "OSM_ID": 5318791338 }, "geometry": { "type": "Point", "coordinates": [ 23.3523529, 42.6703987 ] } },
{ "type": "Feature", "properties": { "NAME": "Vittorio", "NAME_EN": null, "AMENITY": "restaurant", "SHOP": null, "OSM_TYPE": "node", "OSM_ID": 5318791390 }, "geometry": { "type": "Point", "coordinates": [ 23.3506124, 42.671538 ] } },
{ "type": "Feature", "properties": { "NAME": "Пън Лай Шиан Гъ", "NAME_EN": null, "AMENITY": "restaurant", "SHOP": null, "OSM_TYPE": "node", "OSM_ID": 5331029412 }, "geometry": { "type": "Point", "coordinates": [ 23.3002629, 42.7283418 ] } },
{ "type": "Feature", "properties": { "NAME": "Биротека", "NAME_EN": "Biroteka", "AMENITY": "pub", "SHOP": null, "OSM_TYPE": "node", "OSM_ID": 5335392921 }, "geometry": { "type": "Point", "coordinates": [ 23.3275615, 42.6799426 ] } },
{ "type": "Feature", "properties": { "NAME": "Медик", "NAME_EN": null, "AMENITY": "restaurant", "SHOP": null, "OSM_TYPE": "node", "OSM_ID": 5343351318 }, "geometry": { "type": "Point", "coordinates": [ 23.3088423, 42.6820234 ] } },
{ "type": "Feature", "properties": { "NAME": "Kick’s", "NAME_EN": null, "AMENITY": "bar", "SHOP": null, "OSM_TYPE": "node", "OSM_ID": 5345384701 }, "geometry": { "type": "Point", "coordinates": [ 23.3297092, 42.6914004 ] } },
{ "type": "Feature", "properties": { "NAME": "Re-forma", "NAME_EN": null, "AMENITY": "bar", "SHOP": null, "OSM_TYPE": "node", "OSM_ID": 5346500222 }, "geometry": { "type": "Point", "coordinates": [ 23.3202829, 42.684142 ] } },
{ "type": "Feature", "properties": { "NAME": "7 сънс кафе", "NAME_EN": "7 suns coffee", "AMENITY": "cafe", "SHOP": null, "OSM_TYPE": "node", "OSM_ID": 5346501422 }, "geometry": { "type": "Point", "coordinates": [ 23.3150904, 42.7081826 ] } },
{ "type": "Feature", "properties": { "NAME": "Saffron Indian Restaurant", "NAME_EN": null, "AMENITY": "restaurant", "SHOP": null, "OSM_TYPE": "node", "OSM_ID": 5351811753 }, "geometry": { "type": "Point", "coordinates": [ 23.3392918, 42.649804 ] } },
{ "type": "Feature", "properties": { "NAME": "Стената", "NAME_EN": "Stenata", "AMENITY": "restaurant", "SHOP": null, "OSM_TYPE": "node", "OSM_ID": 5352449621 }, "geometry": { "type": "Point", "coordinates": [ 23.5284505, 42.5159085 ] } },
{ "type": "Feature", "properties": { "NAME": "Next page", "NAME_EN": null, "AMENITY": "bar", "SHOP": null, "OSM_TYPE": "node", "OSM_ID": 5361801221 }, "geometry": { "type": "Point", "coordinates": [ 23.3243539, 42.7009168 ] } },
{ "type": "Feature", "properties": { "NAME": "Халялко", "NAME_EN": null, "AMENITY": "fast_food", "SHOP": null, "OSM_TYPE": "node", "OSM_ID": 5395538824 }, "geometry": { "type": "Point", "coordinates": [ 23.3098814, 42.6982159 ] } },
{ "type": "Feature", "properties": { "NAME": "JibBap Корея", "NAME_EN": null, "AMENITY": "restaurant", "SHOP": null, "OSM_TYPE": "node", "OSM_ID": 5396200806 }, "geometry": { "type": "Point", "coordinates": [ 23.3101986, 42.7008849 ] } },
{ "type": "Feature", "properties": { "NAME": "Марги", "NAME_EN": null, "AMENITY": "cafe", "SHOP": null, "OSM_TYPE": "node", "OSM_ID": 5399256908 }, "geometry": { "type": "Point", "coordinates": [ 23.3090852, 42.7081882 ] } },
{ "type": "Feature", "properties": { "NAME": "Aladin Foods", "NAME_EN": "Aladin Foods", "AMENITY": "fast_food", "SHOP": null, "OSM_TYPE": "node", "OSM_ID": 5401682421 }, "geometry": { "type": "Point", "coordinates": [ 23.2726017, 42.6721707 ] } },
{ "type": "Feature", "properties": { "NAME": "Пънчетата", "NAME_EN": null, "AMENITY": "restaurant", "SHOP": null, "OSM_TYPE": "node", "OSM_ID": 5426708530 }, "geometry": { "type": "Point", "coordinates": [ 23.3316006, 42.6818485 ] } },
{ "type": "Feature", "properties": { "NAME": "M EAT", "NAME_EN": null, "AMENITY": "fast_food", "SHOP": null, "OSM_TYPE": "node", "OSM_ID": 5427107521 }, "geometry": { "type": "Point", "coordinates": [ 23.3225287, 42.6932385 ] } },
{ "type": "Feature", "properties": { "NAME": "Посолството", "NAME_EN": null, "AMENITY": "restaurant", "SHOP": null, "OSM_TYPE": "node", "OSM_ID": 5433180913 }, "geometry": { "type": "Point", "coordinates": [ 23.3502173, 42.6703316 ] } },
{ "type": "Feature", "properties": { "NAME": "Forest", "NAME_EN": null, "AMENITY": "restaurant", "SHOP": null, "OSM_TYPE": "node", "OSM_ID": 5435911405 }, "geometry": { "type": "Point", "coordinates": [ 23.3469822, 42.6760634 ] } },
{ "type": "Feature", "properties": { "NAME": "Vino & tapas", "NAME_EN": null, "AMENITY": "restaurant", "SHOP": null, "OSM_TYPE": "node", "OSM_ID": 5438319721 }, "geometry": { "type": "Point", "coordinates": [ 23.3371613, 42.6924659 ] } },
{ "type": "Feature", "properties": { "NAME": "Shahrayar Premium", "NAME_EN": null, "AMENITY": "fast_food", "SHOP": null, "OSM_TYPE": "node", "OSM_ID": 5450670724 }, "geometry": { "type": "Point", "coordinates": [ 23.316413, 42.6845286 ] } },
{ "type": "Feature", "properties": { "NAME": "Botanique", "NAME_EN": "Botanique", "AMENITY": "restaurant", "SHOP": null, "OSM_TYPE": "node", "OSM_ID": 5466802221 }, "geometry": { "type": "Point", "coordinates": [ 23.3095658, 42.7080503 ] } },
{ "type": "Feature", "properties": { "NAME": "Korea", "NAME_EN": null, "AMENITY": "restaurant", "SHOP": null, "OSM_TYPE": "node", "OSM_ID": 5473361820 }, "geometry": { "type": "Point", "coordinates": [ 23.3394335, 42.6568121 ] } },
{ "type": "Feature", "properties": { "NAME": "Bistro Cherni Vrah", "NAME_EN": null, "AMENITY": "restaurant", "SHOP": null, "OSM_TYPE": "node", "OSM_ID": 5493326124 }, "geometry": { "type": "Point", "coordinates": [ 23.3176661, 42.6612469 ] } },
{ "type": "Feature", "properties": { "NAME": "Абордаж", "NAME_EN": "Abordage", "AMENITY": "bar", "SHOP": null, "OSM_TYPE": "node", "OSM_ID": 5503616614 }, "geometry": { "type": "Point", "coordinates": [ 23.3255521, 42.7006442 ] } },
{ "type": "Feature", "properties": { "NAME": "Калея", "NAME_EN": null, "AMENITY": "restaurant", "SHOP": null, "OSM_TYPE": "node", "OSM_ID": 5510510321 }, "geometry": { "type": "Point", "coordinates": [ 23.321095, 42.7093088 ] } },
{ "type": "Feature", "properties": { "NAME": null, "NAME_EN": null, "AMENITY": "fast_food", "SHOP": null, "OSM_TYPE": "node", "OSM_ID": 5510675322 }, "geometry": { "type": "Point", "coordinates": [ 23.3183094, 42.7079172 ] } },
{ "type": "Feature", "properties": { "NAME": null, "NAME_EN": null, "AMENITY": "cafe", "SHOP": null, "OSM_TYPE": "node", "OSM_ID": 5510826171 }, "geometry": { "type": "Point", "coordinates": [ 23.3136929, 42.7082657 ] } },
{ "type": "Feature", "properties": { "NAME": "Aladin Foods", "NAME_EN": null, "AMENITY": "fast_food", "SHOP": null, "OSM_TYPE": "node", "OSM_ID": 5520334827 }, "geometry": { "type": "Point", "coordinates": [ 23.2923497, 42.710418 ] } },
{ "type": "Feature", "properties": { "NAME": "Мераклийското", "NAME_EN": "Merakliyskoto", "AMENITY": "restaurant", "SHOP": null, "OSM_TYPE": "node", "OSM_ID": 5522247321 }, "geometry": { "type": "Point", "coordinates": [ 23.2983027, 42.703097 ] } },
{ "type": "Feature", "properties": { "NAME": "Океан", "NAME_EN": "Ocean", "AMENITY": "restaurant", "SHOP": null, "OSM_TYPE": "node", "OSM_ID": 5531184610 }, "geometry": { "type": "Point", "coordinates": [ 23.1973387, 42.6291654 ] } },
{ "type": "Feature", "properties": { "NAME": "Akrogiali", "NAME_EN": null, "AMENITY": "restaurant", "SHOP": null, "OSM_TYPE": "node", "OSM_ID": 5566949666 }, "geometry": { "type": "Point", "coordinates": [ 23.323873, 42.693945 ] } },
{ "type": "Feature", "properties": { "NAME": "Рино", "NAME_EN": null, "AMENITY": "fast_food", "SHOP": null, "OSM_TYPE": "node", "OSM_ID": 5577658221 }, "geometry": { "type": "Point", "coordinates": [ 23.3196414, 42.7029343 ] } },
{ "type": "Feature", "properties": { "NAME": "Супа стар 2", "NAME_EN": "Supa Star 2", "AMENITY": "restaurant", "SHOP": null, "OSM_TYPE": "node", "OSM_ID": 5577658222 }, "geometry": { "type": "Point", "coordinates": [ 23.3283068, 42.6982175 ] } },
{ "type": "Feature", "properties": { "NAME": "Ribs Brothers", "NAME_EN": null, "AMENITY": "restaurant", "SHOP": null, "OSM_TYPE": "node", "OSM_ID": 5578249208 }, "geometry": { "type": "Point", "coordinates": [ 23.3195887, 42.692075 ] } },
{ "type": "Feature", "properties": { "NAME": "БАНМЗ", "NAME_EN": null, "AMENITY": "cafe", "SHOP": null, "OSM_TYPE": "node", "OSM_ID": 5578756612 }, "geometry": { "type": "Point", "coordinates": [ 23.3058467, 42.7265662 ] } },
{ "type": "Feature", "properties": { "NAME": "5L Speakeasy Bar", "NAME_EN": null, "AMENITY": "bar", "SHOP": null, "OSM_TYPE": "node", "OSM_ID": 5581075221 }, "geometry": { "type": "Point", "coordinates": [ 23.3302989, 42.6915976 ] } },
{ "type": "Feature", "properties": { "NAME": null, "NAME_EN": null, "AMENITY": "cafe", "SHOP": null, "OSM_TYPE": "node", "OSM_ID": 5585036929 }, "geometry": { "type": "Point", "coordinates": [ 23.2465949, 42.6848108 ] } },
{ "type": "Feature", "properties": { "NAME": null, "NAME_EN": null, "AMENITY": "cafe", "SHOP": null, "OSM_TYPE": "node", "OSM_ID": 5586216923 }, "geometry": { "type": "Point", "coordinates": [ 23.3153869, 42.7022905 ] } },
{ "type": "Feature", "properties": { "NAME": "Angelo's", "NAME_EN": null, "AMENITY": "restaurant", "SHOP": null, "OSM_TYPE": "node", "OSM_ID": 5592841810 }, "geometry": { "type": "Point", "coordinates": [ 23.3779058, 42.6471369 ] } },
{ "type": "Feature", "properties": { "NAME": "Gellato & Latte", "NAME_EN": null, "AMENITY": "ice_cream", "SHOP": null, "OSM_TYPE": "node", "OSM_ID": 5614811023 }, "geometry": { "type": "Point", "coordinates": [ 23.3533884, 42.6690839 ] } },
{ "type": "Feature", "properties": { "NAME": "Dabov specialty coffee", "NAME_EN": null, "AMENITY": "cafe", "SHOP": null, "OSM_TYPE": "node", "OSM_ID": 5615405085 }, "geometry": { "type": "Point", "coordinates": [ 23.353285, 42.6692355 ] } },
{ "type": "Feature", "properties": { "NAME": null, "NAME_EN": null, "AMENITY": "fast_food", "SHOP": null, "OSM_TYPE": "node", "OSM_ID": 5615856647 }, "geometry": { "type": "Point", "coordinates": [ 23.2859657, 42.6784459 ] } },
{ "type": "Feature", "properties": { "NAME": "Edison", "NAME_EN": null, "AMENITY": "restaurant", "SHOP": null, "OSM_TYPE": "node", "OSM_ID": 5624838422 }, "geometry": { "type": "Point", "coordinates": [ 23.3595795, 42.6867178 ] } },
{ "type": "Feature", "properties": { "NAME": "McDonald's", "NAME_EN": null, "AMENITY": "fast_food", "SHOP": null, "OSM_TYPE": "node", "OSM_ID": 5639080922 }, "geometry": { "type": "Point", "coordinates": [ 23.321919, 42.6991023 ] } },
{ "type": "Feature", "properties": { "NAME": "Savini", "NAME_EN": null, "AMENITY": "ice_cream", "SHOP": null, "OSM_TYPE": "node", "OSM_ID": 5643511021 }, "geometry": { "type": "Point", "coordinates": [ 23.3400141, 42.6955589 ] } },
{ "type": "Feature", "properties": { "NAME": "One More Park Bar", "NAME_EN": null, "AMENITY": "bar", "SHOP": null, "OSM_TYPE": "node", "OSM_ID": 5652254029 }, "geometry": { "type": "Point", "coordinates": [ 23.3468606, 42.6770442 ] } },
{ "type": "Feature", "properties": { "NAME": null, "NAME_EN": "Bistro Dino", "AMENITY": "restaurant", "SHOP": null, "OSM_TYPE": "node", "OSM_ID": 5655820927 }, "geometry": { "type": "Point", "coordinates": [ 23.3123088, 42.7045166 ] } },
{ "type": "Feature", "properties": { "NAME": null, "NAME_EN": null, "AMENITY": "fast_food", "SHOP": null, "OSM_TYPE": "node", "OSM_ID": 5656044222 }, "geometry": { "type": "Point", "coordinates": [ 23.3131997, 42.7044392 ] } },
{ "type": "Feature", "properties": { "NAME": "Хуником", "NAME_EN": null, "AMENITY": "cafe", "SHOP": null, "OSM_TYPE": "node", "OSM_ID": 5676040900 }, "geometry": { "type": "Point", "coordinates": [ 23.2789323, 42.6795447 ] } },
{ "type": "Feature", "properties": { "NAME": null, "NAME_EN": null, "AMENITY": "cafe", "SHOP": null, "OSM_TYPE": "node", "OSM_ID": 5681823197 }, "geometry": { "type": "Point", "coordinates": [ 23.4612889, 42.5997531 ] } },
{ "type": "Feature", "properties": { "NAME": "Яти Кукинг", "NAME_EN": "YatiCooking", "AMENITY": "restaurant", "SHOP": null, "OSM_TYPE": "node", "OSM_ID": 5682264721 }, "geometry": { "type": "Point", "coordinates": [ 23.3154557, 42.6909257 ] } },
{ "type": "Feature", "properties": { "NAME": "Mezze", "NAME_EN": null, "AMENITY": "restaurant", "SHOP": null, "OSM_TYPE": "node", "OSM_ID": 5685071722 }, "geometry": { "type": "Point", "coordinates": [ 23.3528903, 42.6699646 ] } },
{ "type": "Feature", "properties": { "NAME": "Sterling Club 2", "NAME_EN": null, "AMENITY": "bar", "SHOP": null, "OSM_TYPE": "node", "OSM_ID": 5688491987 }, "geometry": { "type": "Point", "coordinates": [ 23.332157, 42.7004471 ] } },
{ "type": "Feature", "properties": { "NAME": "Нашата скара", "NAME_EN": null, "AMENITY": "fast_food", "SHOP": null, "OSM_TYPE": "node", "OSM_ID": 5691334222 }, "geometry": { "type": "Point", "coordinates": [ 23.3125604, 42.688672 ] } },
{ "type": "Feature", "properties": { "NAME": null, "NAME_EN": null, "AMENITY": "restaurant", "SHOP": null, "OSM_TYPE": "node", "OSM_ID": 5698510479 }, "geometry": { "type": "Point", "coordinates": [ 23.4977402, 42.5412771 ] } },
{ "type": "Feature", "properties": { "NAME": null, "NAME_EN": null, "AMENITY": "cafe", "SHOP": null, "OSM_TYPE": "node", "OSM_ID": 5698510485 }, "geometry": { "type": "Point", "coordinates": [ 23.4974341, 42.5413163 ] } },
{ "type": "Feature", "properties": { "NAME": null, "NAME_EN": null, "AMENITY": "restaurant", "SHOP": null, "OSM_TYPE": "node", "OSM_ID": 5698510490 }, "geometry": { "type": "Point", "coordinates": [ 23.4979172, 42.5416318 ] } },
{ "type": "Feature", "properties": { "NAME": null, "NAME_EN": null, "AMENITY": "restaurant", "SHOP": null, "OSM_TYPE": "node", "OSM_ID": 5698510492 }, "geometry": { "type": "Point", "coordinates": [ 23.4975544, 42.5416644 ] } },
{ "type": "Feature", "properties": { "NAME": "Red lion", "NAME_EN": null, "AMENITY": "cafe", "SHOP": null, "OSM_TYPE": "node", "OSM_ID": 5701680922 }, "geometry": { "type": "Point", "coordinates": [ 23.3138884, 42.6952355 ] } },
{ "type": "Feature", "properties": { "NAME": "The School", "NAME_EN": null, "AMENITY": "restaurant", "SHOP": null, "OSM_TYPE": "node", "OSM_ID": 5703326137 }, "geometry": { "type": "Point", "coordinates": [ 23.2535934, 42.6765563 ] } },
{ "type": "Feature", "properties": { "NAME": "Crazy Diamond", "NAME_EN": null, "AMENITY": "restaurant", "SHOP": null, "OSM_TYPE": "node", "OSM_ID": 5703753424 }, "geometry": { "type": "Point", "coordinates": [ 23.3367793, 42.6957969 ] } },
{ "type": "Feature", "properties": { "NAME": "Миш Маш", "NAME_EN": null, "AMENITY": "restaurant", "SHOP": null, "OSM_TYPE": "node", "OSM_ID": 5736052096 }, "geometry": { "type": "Point", "coordinates": [ 23.3683081, 42.6790929 ] } },
{ "type": "Feature", "properties": { "NAME": "Onda", "NAME_EN": "Onda", "AMENITY": "cafe", "SHOP": null, "OSM_TYPE": "node", "OSM_ID": 5741273821 }, "geometry": { "type": "Point", "coordinates": [ 23.3764432, 42.6259275 ] } },
{ "type": "Feature", "properties": { "NAME": "Чичоне Панини Бар Младост", "NAME_EN": "Ciccione Panini Bar Mladost", "AMENITY": "restaurant", "SHOP": null, "OSM_TYPE": "node", "OSM_ID": 5741273921 }, "geometry": { "type": "Point", "coordinates": [ 23.376486, 42.6261849 ] } },
{ "type": "Feature", "properties": { "NAME": "Salateria", "NAME_EN": null, "AMENITY": "fast_food", "SHOP": null, "OSM_TYPE": "node", "OSM_ID": 5744324249 }, "geometry": { "type": "Point", "coordinates": [ 23.3293806, 42.6879102 ] } },
{ "type": "Feature", "properties": { "NAME": "Quick coffee and more", "NAME_EN": null, "AMENITY": "cafe", "SHOP": null, "OSM_TYPE": "node", "OSM_ID": 5744324256 }, "geometry": { "type": "Point", "coordinates": [ 23.3292042, 42.6880532 ] } },
{ "type": "Feature", "properties": { "NAME": "Elidis", "NAME_EN": null, "AMENITY": "cafe", "SHOP": null, "OSM_TYPE": "node", "OSM_ID": 5745251681 }, "geometry": { "type": "Point", "coordinates": [ 23.3092493, 42.6946098 ] } },
{ "type": "Feature", "properties": { "NAME": "Kiwi Box", "NAME_EN": null, "AMENITY": "fast_food", "SHOP": null, "OSM_TYPE": "node", "OSM_ID": 5745351839 }, "geometry": { "type": "Point", "coordinates": [ 23.3111497, 42.7027601 ] } },
{ "type": "Feature", "properties": { "NAME": "Sen Viet", "NAME_EN": null, "AMENITY": "restaurant", "SHOP": null, "OSM_TYPE": "node", "OSM_ID": 5745351863 }, "geometry": { "type": "Point", "coordinates": [ 23.310245, 42.7010567 ] } },
{ "type": "Feature", "properties": { "NAME": "Bar White", "NAME_EN": null, "AMENITY": "bar", "SHOP": null, "OSM_TYPE": "node", "OSM_ID": 5745495170 }, "geometry": { "type": "Point", "coordinates": [ 23.2990832, 42.7078359 ] } },
{ "type": "Feature", "properties": { "NAME": null, "NAME_EN": null, "AMENITY": "cafe", "SHOP": null, "OSM_TYPE": "node", "OSM_ID": 5754909063 }, "geometry": { "type": "Point", "coordinates": [ 23.2662468, 42.6647344 ] } },
{ "type": "Feature", "properties": { "NAME": "Чудната Пекарна", "NAME_EN": null, "AMENITY": "fast_food", "SHOP": null, "OSM_TYPE": "node", "OSM_ID": 5754909090 }, "geometry": { "type": "Point", "coordinates": [ 23.2651927, 42.6601526 ] } },
{ "type": "Feature", "properties": { "NAME": "Бистро Бистрица", "NAME_EN": "Bistro Bistritsa", "AMENITY": "restaurant", "SHOP": null, "OSM_TYPE": "node", "OSM_ID": 5760254621 }, "geometry": { "type": "Point", "coordinates": [ 23.3482514, 42.5818927 ] } },
{ "type": "Feature", "properties": { "NAME": "El Shada", "NAME_EN": null, "AMENITY": "restaurant", "SHOP": null, "OSM_TYPE": "node", "OSM_ID": 5764078471 }, "geometry": { "type": "Point", "coordinates": [ 23.3231988, 42.6898155 ] } },
{ "type": "Feature", "properties": { "NAME": "Fancy Bubbles", "NAME_EN": null, "AMENITY": "fast_food", "SHOP": null, "OSM_TYPE": "node", "OSM_ID": 5774820182 }, "geometry": { "type": "Point", "coordinates": [ 23.3198179, 42.6926251 ] } },
{ "type": "Feature", "properties": { "NAME": "Да сготвим", "NAME_EN": null, "AMENITY": "fast_food", "SHOP": null, "OSM_TYPE": "node", "OSM_ID": 5775654673 }, "geometry": { "type": "Point", "coordinates": [ 23.3296724, 42.6985437 ] } },
{ "type": "Feature", "properties": { "NAME": "Скара Бар 2", "NAME_EN": "Skara Bar 2", "AMENITY": "restaurant", "SHOP": null, "OSM_TYPE": "node", "OSM_ID": 5775654684 }, "geometry": { "type": "Point", "coordinates": [ 23.3291347, 42.6975048 ] } },
{ "type": "Feature", "properties": { "NAME": null, "NAME_EN": null, "AMENITY": "fast_food", "SHOP": null, "OSM_TYPE": "node", "OSM_ID": 5775855724 }, "geometry": { "type": "Point", "coordinates": [ 23.3294756, 42.6997371 ] } },
{ "type": "Feature", "properties": { "NAME": "КООП Клуб", "NAME_EN": null, "AMENITY": "restaurant", "SHOP": null, "OSM_TYPE": "node", "OSM_ID": 5775855736 }, "geometry": { "type": "Point", "coordinates": [ 23.3299117, 42.6993497 ] } },
{ "type": "Feature", "properties": { "NAME": "Georges & José", "NAME_EN": null, "AMENITY": "restaurant", "SHOP": null, "OSM_TYPE": "node", "OSM_ID": 5775915471 }, "geometry": { "type": "Point", "coordinates": [ 23.3295751, 42.7008212 ] } },
{ "type": "Feature", "properties": { "NAME": "Махленци", "NAME_EN": null, "AMENITY": "restaurant", "SHOP": null, "OSM_TYPE": "node", "OSM_ID": 5790396054 }, "geometry": { "type": "Point", "coordinates": [ 23.3347025, 42.6821493 ] } },
{ "type": "Feature", "properties": { "NAME": "Urban Garden", "NAME_EN": null, "AMENITY": "fast_food", "SHOP": null, "OSM_TYPE": "node", "OSM_ID": 5793728054 }, "geometry": { "type": "Point", "coordinates": [ 23.3270853, 42.689303 ] } },
{ "type": "Feature", "properties": { "NAME": "Crafter", "NAME_EN": null, "AMENITY": "pub", "SHOP": null, "OSM_TYPE": "node", "OSM_ID": 5793790553 }, "geometry": { "type": "Point", "coordinates": [ 23.3176919, 42.6934291 ] } },
{ "type": "Feature", "properties": { "NAME": "Слънце", "NAME_EN": null, "AMENITY": "restaurant", "SHOP": null, "OSM_TYPE": "node", "OSM_ID": 5801547609 }, "geometry": { "type": "Point", "coordinates": [ 23.2667013, 42.6648564 ] } },
{ "type": "Feature", "properties": { "NAME": "Two brothers", "NAME_EN": null, "AMENITY": "restaurant", "SHOP": null, "OSM_TYPE": "node", "OSM_ID": 5809304553 }, "geometry": { "type": "Point", "coordinates": [ 23.3224486, 42.6888049 ] } },
{ "type": "Feature", "properties": { "NAME": "Felicità", "NAME_EN": null, "AMENITY": "restaurant", "SHOP": null, "OSM_TYPE": "node", "OSM_ID": 5811846453 }, "geometry": { "type": "Point", "coordinates": [ 23.3262718, 42.6996059 ] } },
{ "type": "Feature", "properties": { "NAME": "Starbucks", "NAME_EN": null, "AMENITY": "cafe", "SHOP": null, "OSM_TYPE": "node", "OSM_ID": 5840046585 }, "geometry": { "type": "Point", "coordinates": [ 23.3247008, 42.6955457 ] } },
{ "type": "Feature", "properties": { "NAME": "Аяра", "NAME_EN": null, "AMENITY": "fast_food", "SHOP": null, "OSM_TYPE": "node", "OSM_ID": 5842231546 }, "geometry": { "type": "Point", "coordinates": [ 23.3338989, 42.7050307 ] } },
{ "type": "Feature", "properties": { "NAME": "Дилвале", "NAME_EN": null, "AMENITY": "restaurant", "SHOP": null, "OSM_TYPE": "node", "OSM_ID": 5850694363 }, "geometry": { "type": "Point", "coordinates": [ 23.3040187, 42.7063801 ] } },
{ "type": "Feature", "properties": { "NAME": "Таго", "NAME_EN": null, "AMENITY": "restaurant", "SHOP": null, "OSM_TYPE": "node", "OSM_ID": 5850694365 }, "geometry": { "type": "Point", "coordinates": [ 23.3091455, 42.7011022 ] } },
{ "type": "Feature", "properties": { "NAME": null, "NAME_EN": null, "AMENITY": "fast_food", "SHOP": null, "OSM_TYPE": "node", "OSM_ID": 5851597696 }, "geometry": { "type": "Point", "coordinates": [ 23.3011869, 42.702985 ] } },
{ "type": "Feature", "properties": { "NAME": "Кухнята на Анатолия", "NAME_EN": null, "AMENITY": "restaurant", "SHOP": null, "OSM_TYPE": "node", "OSM_ID": 5851597704 }, "geometry": { "type": "Point", "coordinates": [ 23.3012296, 42.7031282 ] } },
{ "type": "Feature", "properties": { "NAME": null, "NAME_EN": null, "AMENITY": "restaurant", "SHOP": null, "OSM_TYPE": "node", "OSM_ID": 5851597707 }, "geometry": { "type": "Point", "coordinates": [ 23.3038431, 42.7080555 ] } },
{ "type": "Feature", "properties": { "NAME": null, "NAME_EN": null, "AMENITY": "fast_food", "SHOP": null, "OSM_TYPE": "node", "OSM_ID": 5854142385 }, "geometry": { "type": "Point", "coordinates": [ 23.32122, 42.7118549 ] } },
{ "type": "Feature", "properties": { "NAME": null, "NAME_EN": null, "AMENITY": "fast_food", "SHOP": null, "OSM_TYPE": "node", "OSM_ID": 5854142386 }, "geometry": { "type": "Point", "coordinates": [ 23.320199, 42.7123361 ] } },
{ "type": "Feature", "properties": { "NAME": null, "NAME_EN": null, "AMENITY": "restaurant", "SHOP": null, "OSM_TYPE": "node", "OSM_ID": 5855279259 }, "geometry": { "type": "Point", "coordinates": [ 23.3045009, 42.7079353 ] } },
{ "type": "Feature", "properties": { "NAME": "Magelan", "NAME_EN": null, "AMENITY": "restaurant", "SHOP": null, "OSM_TYPE": "node", "OSM_ID": 5856389991 }, "geometry": { "type": "Point", "coordinates": [ 23.3554062, 42.6863842 ] } },
{ "type": "Feature", "properties": { "NAME": "Марая 21", "NAME_EN": null, "AMENITY": "fast_food", "SHOP": null, "OSM_TYPE": "node", "OSM_ID": 5891326973 }, "geometry": { "type": "Point", "coordinates": [ 23.3086885, 42.6897253 ] } },
{ "type": "Feature", "properties": { "NAME": "mikel coffee", "NAME_EN": null, "AMENITY": "cafe", "SHOP": null, "OSM_TYPE": "node", "OSM_ID": 5891677153 }, "geometry": { "type": "Point", "coordinates": [ 23.3251105, 42.6979807 ] } },
{ "type": "Feature", "properties": { "NAME": "Хуа синг лоу", "NAME_EN": null, "AMENITY": "restaurant", "SHOP": null, "OSM_TYPE": "node", "OSM_ID": 5896345404 }, "geometry": { "type": "Point", "coordinates": [ 23.3344793, 42.7002684 ] } },
{ "type": "Feature", "properties": { "NAME": "Ще пия", "NAME_EN": null, "AMENITY": "restaurant", "SHOP": null, "OSM_TYPE": "node", "OSM_ID": 5899423037 }, "geometry": { "type": "Point", "coordinates": [ 23.2973456, 42.6934726 ] } },
{ "type": "Feature", "properties": { "NAME": null, "NAME_EN": null, "AMENITY": "cafe", "SHOP": null, "OSM_TYPE": "node", "OSM_ID": 5899423038 }, "geometry": { "type": "Point", "coordinates": [ 23.2974797, 42.6935573 ] } },
{ "type": "Feature", "properties": { "NAME": "Вкусното Кебапче", "NAME_EN": null, "AMENITY": "restaurant", "SHOP": null, "OSM_TYPE": "node", "OSM_ID": 5899825385 }, "geometry": { "type": "Point", "coordinates": [ 23.3386606, 42.692452 ] } },
{ "type": "Feature", "properties": { "NAME": "Fake French", "NAME_EN": null, "AMENITY": "restaurant", "SHOP": null, "OSM_TYPE": "node", "OSM_ID": 5901623685 }, "geometry": { "type": "Point", "coordinates": [ 23.3170261, 42.6904553 ] } },
{ "type": "Feature", "properties": { "NAME": "BarBarossa", "NAME_EN": null, "AMENITY": "bar", "SHOP": null, "OSM_TYPE": "node", "OSM_ID": 5906691572 }, "geometry": { "type": "Point", "coordinates": [ 23.3180782, 42.6967431 ] } },
{ "type": "Feature", "properties": { "NAME": "Ателието", "NAME_EN": null, "AMENITY": "bar", "SHOP": null, "OSM_TYPE": "node", "OSM_ID": 5906691576 }, "geometry": { "type": "Point", "coordinates": [ 23.3179971, 42.6967522 ] } },
{ "type": "Feature", "properties": { "NAME": "Casa Esperanza", "NAME_EN": null, "AMENITY": "restaurant", "SHOP": null, "OSM_TYPE": "node", "OSM_ID": 5907953875 }, "geometry": { "type": "Point", "coordinates": [ 23.3063711, 42.724042 ] } },
{ "type": "Feature", "properties": { "NAME": "Лозата", "NAME_EN": null, "AMENITY": "cafe", "SHOP": null, "OSM_TYPE": "node", "OSM_ID": 5911813955 }, "geometry": { "type": "Point", "coordinates": [ 23.3108462, 42.7081091 ] } },
{ "type": "Feature", "properties": { "NAME": "гостилница", "NAME_EN": null, "AMENITY": "restaurant", "SHOP": null, "OSM_TYPE": "node", "OSM_ID": 5913754928 }, "geometry": { "type": "Point", "coordinates": [ 23.2945025, 42.6924856 ] } },
{ "type": "Feature", "properties": { "NAME": "Верандата", "NAME_EN": null, "AMENITY": "restaurant", "SHOP": null, "OSM_TYPE": "node", "OSM_ID": 5914430885 }, "geometry": { "type": "Point", "coordinates": [ 23.3784252, 42.6527144 ] } },
{ "type": "Feature", "properties": { "NAME": "Mi Casa", "NAME_EN": "Mi Casa", "AMENITY": "restaurant", "SHOP": null, "OSM_TYPE": "node", "OSM_ID": 5914727185 }, "geometry": { "type": "Point", "coordinates": [ 23.3247554, 42.6997631 ] } },
{ "type": "Feature", "properties": { "NAME": "Da Nino Pizza & Food", "NAME_EN": null, "AMENITY": "fast_food", "SHOP": null, "OSM_TYPE": "node", "OSM_ID": 5919006561 }, "geometry": { "type": "Point", "coordinates": [ 23.320545, 42.6948465 ] } },
{ "type": "Feature", "properties": { "NAME": "Миш-маш", "NAME_EN": null, "AMENITY": "fast_food", "SHOP": null, "OSM_TYPE": "node", "OSM_ID": 5920969168 }, "geometry": { "type": "Point", "coordinates": [ 23.315461, 42.6969442 ] } },
{ "type": "Feature", "properties": { "NAME": "Savini", "NAME_EN": null, "AMENITY": "ice_cream", "SHOP": null, "OSM_TYPE": "node", "OSM_ID": 5920969169 }, "geometry": { "type": "Point", "coordinates": [ 23.307053, 42.6750339 ] } },
{ "type": "Feature", "properties": { "NAME": "Soup House", "NAME_EN": null, "AMENITY": "restaurant", "SHOP": null, "OSM_TYPE": "node", "OSM_ID": 5920969171 }, "geometry": { "type": "Point", "coordinates": [ 23.3160019, 42.6993852 ] } },
{ "type": "Feature", "properties": { "NAME": "Sweety", "NAME_EN": null, "AMENITY": "cafe", "SHOP": null, "OSM_TYPE": "node", "OSM_ID": 5923817708 }, "geometry": { "type": "Point", "coordinates": [ 23.3042561, 42.7251195 ] } },
{ "type": "Feature", "properties": { "NAME": null, "NAME_EN": null, "AMENITY": "cafe", "SHOP": null, "OSM_TYPE": "node", "OSM_ID": 5923817710 }, "geometry": { "type": "Point", "coordinates": [ 23.3042684, 42.7245513 ] } },
{ "type": "Feature", "properties": { "NAME": null, "NAME_EN": null, "AMENITY": "cafe", "SHOP": null, "OSM_TYPE": "node", "OSM_ID": 5923817711 }, "geometry": { "type": "Point", "coordinates": [ 23.303607, 42.7253494 ] } },
{ "type": "Feature", "properties": { "NAME": "Family house", "NAME_EN": null, "AMENITY": "restaurant", "SHOP": null, "OSM_TYPE": "node", "OSM_ID": 5931891585 }, "geometry": { "type": "Point", "coordinates": [ 23.3615875, 42.6927608 ] } },
{ "type": "Feature", "properties": { "NAME": null, "NAME_EN": null, "AMENITY": "restaurant", "SHOP": null, "OSM_TYPE": "node", "OSM_ID": 5972499609 }, "geometry": { "type": "Point", "coordinates": [ 23.3114607, 42.6863276 ] } },
{ "type": "Feature", "properties": { "NAME": "Captain Cook", "NAME_EN": null, "AMENITY": "restaurant", "SHOP": null, "OSM_TYPE": "node", "OSM_ID": 5972695886 }, "geometry": { "type": "Point", "coordinates": [ 23.3182516, 42.6721416 ] } },
{ "type": "Feature", "properties": { "NAME": "La Passione", "NAME_EN": null, "AMENITY": "restaurant", "SHOP": null, "OSM_TYPE": "node", "OSM_ID": 6013613954 }, "geometry": { "type": "Point", "coordinates": [ 23.3290326, 42.6885672 ] } },
{ "type": "Feature", "properties": { "NAME": "Софийска баница", "NAME_EN": null, "AMENITY": "fast_food", "SHOP": null, "OSM_TYPE": "node", "OSM_ID": 6026017908 }, "geometry": { "type": "Point", "coordinates": [ 23.3113728, 42.6981119 ] } },
{ "type": "Feature", "properties": { "NAME": "Закуски \"Вега\"", "NAME_EN": null, "AMENITY": "fast_food", "SHOP": null, "OSM_TYPE": "node", "OSM_ID": 6033823198 }, "geometry": { "type": "Point", "coordinates": [ 23.3398386, 42.6445293 ] } },
{ "type": "Feature", "properties": { "NAME": "Бешамел", "NAME_EN": null, "AMENITY": "restaurant", "SHOP": null, "OSM_TYPE": "node", "OSM_ID": 6033854632 }, "geometry": { "type": "Point", "coordinates": [ 23.3755235, 42.6276253 ] } },
{ "type": "Feature", "properties": { "NAME": "Време за пица", "NAME_EN": null, "AMENITY": "fast_food", "SHOP": null, "OSM_TYPE": "node", "OSM_ID": 6033857861 }, "geometry": { "type": "Point", "coordinates": [ 23.3757424, 42.6275738 ] } },
{ "type": "Feature", "properties": { "NAME": "Restaurant and fast food", "NAME_EN": null, "AMENITY": "restaurant", "SHOP": null, "OSM_TYPE": "node", "OSM_ID": 6033864909 }, "geometry": { "type": "Point", "coordinates": [ 23.3745106, 42.6275827 ] } },
{ "type": "Feature", "properties": { "NAME": "Bricks", "NAME_EN": null, "AMENITY": "restaurant", "SHOP": null, "OSM_TYPE": "node", "OSM_ID": 6033865780 }, "geometry": { "type": "Point", "coordinates": [ 23.3743398, 42.6279425 ] } },
{ "type": "Feature", "properties": { "NAME": "Вкусното", "NAME_EN": null, "AMENITY": "restaurant", "SHOP": null, "OSM_TYPE": "node", "OSM_ID": 6033882514 }, "geometry": { "type": "Point", "coordinates": [ 23.3785859, 42.6259083 ] } },
{ "type": "Feature", "properties": { "NAME": "Spigolo", "NAME_EN": null, "AMENITY": "restaurant", "SHOP": null, "OSM_TYPE": "node", "OSM_ID": 6035017389 }, "geometry": { "type": "Point", "coordinates": [ 23.3403878, 42.6460923 ] } },
{ "type": "Feature", "properties": { "NAME": "Salad Box", "NAME_EN": null, "AMENITY": "fast_food", "SHOP": null, "OSM_TYPE": "node", "OSM_ID": 6040181409 }, "geometry": { "type": "Point", "coordinates": [ 23.3105759, 42.698566 ] } },
{ "type": "Feature", "properties": { "NAME": "Supa Bar", "NAME_EN": null, "AMENITY": "fast_food", "SHOP": null, "OSM_TYPE": "node", "OSM_ID": 6054085698 }, "geometry": { "type": "Point", "coordinates": [ 23.324523, 42.7000715 ] } },
{ "type": "Feature", "properties": { "NAME": "Pavilion 24", "NAME_EN": null, "AMENITY": "cafe", "SHOP": null, "OSM_TYPE": "node", "OSM_ID": 6054175388 }, "geometry": { "type": "Point", "coordinates": [ 23.3143552, 42.6902082 ] } },
{ "type": "Feature", "properties": { "NAME": "Mr. Цян", "NAME_EN": null, "AMENITY": "restaurant", "SHOP": null, "OSM_TYPE": "node", "OSM_ID": 6054175389 }, "geometry": { "type": "Point", "coordinates": [ 23.3140248, 42.6904133 ] } },
{ "type": "Feature", "properties": { "NAME": "Блек Лейбъл", "NAME_EN": "Black Lable", "AMENITY": "cafe", "SHOP": null, "OSM_TYPE": "node", "OSM_ID": 6054196888 }, "geometry": { "type": "Point", "coordinates": [ 23.3155078, 42.6902124 ] } },
{ "type": "Feature", "properties": { "NAME": null, "NAME_EN": null, "AMENITY": "fast_food", "SHOP": null, "OSM_TYPE": "node", "OSM_ID": 6054196911 }, "geometry": { "type": "Point", "coordinates": [ 23.3191538, 42.7017469 ] } },
{ "type": "Feature", "properties": { "NAME": null, "NAME_EN": null, "AMENITY": "fast_food", "SHOP": null, "OSM_TYPE": "node", "OSM_ID": 6054196916 }, "geometry": { "type": "Point", "coordinates": [ 23.3245892, 42.7045057 ] } },
{ "type": "Feature", "properties": { "NAME": null, "NAME_EN": null, "AMENITY": "fast_food", "SHOP": null, "OSM_TYPE": "node", "OSM_ID": 6054196988 }, "geometry": { "type": "Point", "coordinates": [ 23.317317, 42.6964588 ] } },
{ "type": "Feature", "properties": { "NAME": "Golden dragon", "NAME_EN": null, "AMENITY": "fast_food", "SHOP": null, "OSM_TYPE": "node", "OSM_ID": 6054196989 }, "geometry": { "type": "Point", "coordinates": [ 23.3213278, 42.6983106 ] } },
{ "type": "Feature", "properties": { "NAME": null, "NAME_EN": null, "AMENITY": "bar", "SHOP": null, "OSM_TYPE": "node", "OSM_ID": 6054197000 }, "geometry": { "type": "Point", "coordinates": [ 23.3242015, 42.7084706 ] } },
{ "type": "Feature", "properties": { "NAME": "Fantastic foods", "NAME_EN": null, "AMENITY": "fast_food", "SHOP": null, "OSM_TYPE": "node", "OSM_ID": 6054197004 }, "geometry": { "type": "Point", "coordinates": [ 23.3252615, 42.7001576 ] } },
{ "type": "Feature", "properties": { "NAME": null, "NAME_EN": null, "AMENITY": "fast_food", "SHOP": null, "OSM_TYPE": "node", "OSM_ID": 6054199099 }, "geometry": { "type": "Point", "coordinates": [ 23.3159244, 42.7004904 ] } },
{ "type": "Feature", "properties": { "NAME": "Gyro Land", "NAME_EN": null, "AMENITY": "fast_food", "SHOP": null, "OSM_TYPE": "node", "OSM_ID": 6054199190 }, "geometry": { "type": "Point", "coordinates": [ 23.3299716, 42.704287 ] } },
{ "type": "Feature", "properties": { "NAME": null, "NAME_EN": null, "AMENITY": "cafe", "SHOP": null, "OSM_TYPE": "node", "OSM_ID": 6054199192 }, "geometry": { "type": "Point", "coordinates": [ 23.3252812, 42.7070236 ] } },
{ "type": "Feature", "properties": { "NAME": "Генто", "NAME_EN": null, "AMENITY": "fast_food", "SHOP": null, "OSM_TYPE": "node", "OSM_ID": 6054202587 }, "geometry": { "type": "Point", "coordinates": [ 23.3166121, 42.7026985 ] } },
{ "type": "Feature", "properties": { "NAME": "Mr. Rice", "NAME_EN": null, "AMENITY": "restaurant", "SHOP": null, "OSM_TYPE": "node", "OSM_ID": 6054230886 }, "geometry": { "type": "Point", "coordinates": [ 23.3192315, 42.6975719 ] } },
{ "type": "Feature", "properties": { "NAME": "Карамел", "NAME_EN": null, "AMENITY": "fast_food", "SHOP": null, "OSM_TYPE": "node", "OSM_ID": 6054230986 }, "geometry": { "type": "Point", "coordinates": [ 23.3190843, 42.6979504 ] } },
{ "type": "Feature", "properties": { "NAME": "Elerium Social Club", "NAME_EN": null, "AMENITY": "bar", "SHOP": null, "OSM_TYPE": "node", "OSM_ID": 6054231190 }, "geometry": { "type": "Point", "coordinates": [ 23.3321559, 42.700551 ] } },
{ "type": "Feature", "properties": { "NAME": "Kafe zazo", "NAME_EN": null, "AMENITY": "restaurant", "SHOP": null, "OSM_TYPE": "node", "OSM_ID": 6054285585 }, "geometry": { "type": "Point", "coordinates": [ 23.3320953, 42.7006548 ] } },
{ "type": "Feature", "properties": { "NAME": "North Park", "NAME_EN": null, "AMENITY": "cafe", "SHOP": null, "OSM_TYPE": "node", "OSM_ID": 6061726199 }, "geometry": { "type": "Point", "coordinates": [ 23.3064933, 42.7367078 ] } },
{ "type": "Feature", "properties": { "NAME": "Cafe & Tobacoo Shop", "NAME_EN": "Coffee & Tobacco Shop", "AMENITY": "cafe", "SHOP": null, "OSM_TYPE": "node", "OSM_ID": 6061758094 }, "geometry": { "type": "Point", "coordinates": [ 23.3020183, 42.6995704 ] } },
{ "type": "Feature", "properties": { "NAME": "100 грама сладки", "NAME_EN": null, "AMENITY": "cafe", "SHOP": null, "OSM_TYPE": "node", "OSM_ID": 6115143039 }, "geometry": { "type": "Point", "coordinates": [ 23.3657459, 42.6788891 ] } },
{ "type": "Feature", "properties": { "NAME": "Кибеа", "NAME_EN": null, "AMENITY": "restaurant", "SHOP": null, "OSM_TYPE": "node", "OSM_ID": 6121162526 }, "geometry": { "type": "Point", "coordinates": [ 23.3213003, 42.691931 ] } },
{ "type": "Feature", "properties": { "NAME": "Grab & Go", "NAME_EN": null, "AMENITY": "fast_food", "SHOP": null, "OSM_TYPE": "node", "OSM_ID": 6141917599 }, "geometry": { "type": "Point", "coordinates": [ 23.3205116, 42.6948478 ] } },
{ "type": "Feature", "properties": { "NAME": "From Barista Coffee and More", "NAME_EN": null, "AMENITY": "cafe", "SHOP": null, "OSM_TYPE": "node", "OSM_ID": 6149564131 }, "geometry": { "type": "Point", "coordinates": [ 23.3159577, 42.6706791 ] } },
{ "type": "Feature", "properties": { "NAME": "Butcher Grill Bus", "NAME_EN": null, "AMENITY": "fast_food", "SHOP": null, "OSM_TYPE": "node", "OSM_ID": 6149636085 }, "geometry": { "type": "Point", "coordinates": [ 23.3158217, 42.6497474 ] } },
{ "type": "Feature", "properties": { "NAME": "BecBar", "NAME_EN": null, "AMENITY": "restaurant", "SHOP": null, "OSM_TYPE": "node", "OSM_ID": 6179459994 }, "geometry": { "type": "Point", "coordinates": [ 23.2988016, 42.7065698 ] } },
{ "type": "Feature", "properties": { "NAME": "Hummusbar", "NAME_EN": null, "AMENITY": "restaurant", "SHOP": null, "OSM_TYPE": "node", "OSM_ID": 6179649350 }, "geometry": { "type": "Point", "coordinates": [ 23.3272891, 42.6893726 ] } },
{ "type": "Feature", "properties": { "NAME": "Luciano", "NAME_EN": null, "AMENITY": "pub", "SHOP": null, "OSM_TYPE": "node", "OSM_ID": 6179649351 }, "geometry": { "type": "Point", "coordinates": [ 23.3247813, 42.6924067 ] } },
{ "type": "Feature", "properties": { "NAME": "Pizza Point", "NAME_EN": null, "AMENITY": "fast_food", "SHOP": null, "OSM_TYPE": "node", "OSM_ID": 6179649357 }, "geometry": { "type": "Point", "coordinates": [ 23.3211555, 42.6947659 ] } },
{ "type": "Feature", "properties": { "NAME": "Constantinoff", "NAME_EN": null, "AMENITY": "restaurant", "SHOP": null, "OSM_TYPE": "node", "OSM_ID": 6184748385 }, "geometry": { "type": "Point", "coordinates": [ 23.3203641, 42.6930896 ] } },
{ "type": "Feature", "properties": { "NAME": null, "NAME_EN": null, "AMENITY": "restaurant", "SHOP": null, "OSM_TYPE": "node", "OSM_ID": 6207961267 }, "geometry": { "type": "Point", "coordinates": [ 23.3052974, 42.6676421 ] } },
{ "type": "Feature", "properties": { "NAME": "Ресторант Танкист", "NAME_EN": null, "AMENITY": "restaurant", "SHOP": null, "OSM_TYPE": "node", "OSM_ID": 6244608085 }, "geometry": { "type": "Point", "coordinates": [ 23.2419428, 42.6625867 ] } },
{ "type": "Feature", "properties": { "NAME": "Hesburger", "NAME_EN": null, "AMENITY": "fast_food", "SHOP": null, "OSM_TYPE": "node", "OSM_ID": 6248130643 }, "geometry": { "type": "Point", "coordinates": [ 23.2972406, 42.7023037 ] } },
{ "type": "Feature", "properties": { "NAME": "Caffe Claire", "NAME_EN": null, "AMENITY": "cafe", "SHOP": null, "OSM_TYPE": "node", "OSM_ID": 6254519102 }, "geometry": { "type": "Point", "coordinates": [ 23.3162245, 42.667866 ] } },
{ "type": "Feature", "properties": { "NAME": "Ichiban sushi", "NAME_EN": null, "AMENITY": "restaurant", "SHOP": null, "OSM_TYPE": "node", "OSM_ID": 6255958290 }, "geometry": { "type": "Point", "coordinates": [ 23.3165163, 42.6693693 ] } },
{ "type": "Feature", "properties": { "NAME": "Шун Фън", "NAME_EN": null, "AMENITY": "restaurant", "SHOP": null, "OSM_TYPE": "node", "OSM_ID": 6256673094 }, "geometry": { "type": "Point", "coordinates": [ 23.2953956, 42.708929 ] } },
{ "type": "Feature", "properties": { "NAME": "Перун", "NAME_EN": null, "AMENITY": "fast_food", "SHOP": null, "OSM_TYPE": "node", "OSM_ID": 6257675604 }, "geometry": { "type": "Point", "coordinates": [ 23.313819, 42.6629898 ] } },
{ "type": "Feature", "properties": { "NAME": "Simple", "NAME_EN": null, "AMENITY": "restaurant", "SHOP": null, "OSM_TYPE": "node", "OSM_ID": 6258351305 }, "geometry": { "type": "Point", "coordinates": [ 23.2869326, 42.6743983 ] } },
{ "type": "Feature", "properties": { "NAME": "Cesar doner&burger", "NAME_EN": null, "AMENITY": "fast_food", "SHOP": null, "OSM_TYPE": "node", "OSM_ID": 6258351306 }, "geometry": { "type": "Point", "coordinates": [ 23.2867841, 42.6742138 ] } },
{ "type": "Feature", "properties": { "NAME": "Glory", "NAME_EN": null, "AMENITY": "restaurant", "SHOP": null, "OSM_TYPE": "node", "OSM_ID": 6258351312 }, "geometry": { "type": "Point", "coordinates": [ 23.2852918, 42.6746573 ] } },
{ "type": "Feature", "properties": { "NAME": "Sushi store", "NAME_EN": null, "AMENITY": "fast_food", "SHOP": null, "OSM_TYPE": "node", "OSM_ID": 6258351326 }, "geometry": { "type": "Point", "coordinates": [ 23.2893768, 42.680366 ] } },
{ "type": "Feature", "properties": { "NAME": "Мамбо", "NAME_EN": null, "AMENITY": "fast_food", "SHOP": null, "OSM_TYPE": "node", "OSM_ID": 6258351327 }, "geometry": { "type": "Point", "coordinates": [ 23.2894747, 42.6804064 ] } },
{ "type": "Feature", "properties": { "NAME": "Addicted", "NAME_EN": null, "AMENITY": "restaurant", "SHOP": null, "OSM_TYPE": "node", "OSM_ID": 6263765991 }, "geometry": { "type": "Point", "coordinates": [ 23.3109457, 42.6721705 ] } },
{ "type": "Feature", "properties": { "NAME": "Prison Bound", "NAME_EN": null, "AMENITY": "bar", "SHOP": null, "OSM_TYPE": "node", "OSM_ID": 6268104136 }, "geometry": { "type": "Point", "coordinates": [ 23.3292119, 42.6911251 ] } },
{ "type": "Feature", "properties": { "NAME": "Крушарко", "NAME_EN": null, "AMENITY": "restaurant", "SHOP": null, "OSM_TYPE": "node", "OSM_ID": 6269905970 }, "geometry": { "type": "Point", "coordinates": [ 23.5125879, 42.5345771 ] } },
{ "type": "Feature", "properties": { "NAME": "Kiara", "NAME_EN": null, "AMENITY": "cafe", "SHOP": null, "OSM_TYPE": "node", "OSM_ID": 6273315572 }, "geometry": { "type": "Point", "coordinates": [ 23.3613089, 42.674423 ] } },
{ "type": "Feature", "properties": { "NAME": "Domino's", "NAME_EN": null, "AMENITY": "fast_food", "SHOP": null, "OSM_TYPE": "node", "OSM_ID": 6304078746 }, "geometry": { "type": "Point", "coordinates": [ 23.319255, 42.665705 ] } },
{ "type": "Feature", "properties": { "NAME": "Miyabi", "NAME_EN": null, "AMENITY": "restaurant", "SHOP": null, "OSM_TYPE": "node", "OSM_ID": 6308558140 }, "geometry": { "type": "Point", "coordinates": [ 23.3304027, 42.6986189 ] } },
{ "type": "Feature", "properties": { "NAME": "The School", "NAME_EN": null, "AMENITY": "restaurant", "SHOP": null, "OSM_TYPE": "node", "OSM_ID": 6308727587 }, "geometry": { "type": "Point", "coordinates": [ 23.266722, 42.6472395 ] } },
{ "type": "Feature", "properties": { "NAME": "Attila", "NAME_EN": null, "AMENITY": "restaurant", "SHOP": null, "OSM_TYPE": "node", "OSM_ID": 6308855345 }, "geometry": { "type": "Point", "coordinates": [ 23.3241139, 42.679428 ] } },
{ "type": "Feature", "properties": { "NAME": "Kafe Mania", "NAME_EN": null, "AMENITY": "cafe", "SHOP": null, "OSM_TYPE": "node", "OSM_ID": 6309273098 }, "geometry": { "type": "Point", "coordinates": [ 23.322136, 42.6776321 ] } },
{ "type": "Feature", "properties": { "NAME": "На ъгъла Позитано", "NAME_EN": null, "AMENITY": "fast_food", "SHOP": null, "OSM_TYPE": "node", "OSM_ID": 6323210389 }, "geometry": { "type": "Point", "coordinates": [ 23.3161358, 42.6967114 ] } },
{ "type": "Feature", "properties": { "NAME": "Molinari", "NAME_EN": null, "AMENITY": "cafe", "SHOP": null, "OSM_TYPE": "node", "OSM_ID": 6323243186 }, "geometry": { "type": "Point", "coordinates": [ 23.3006819, 42.7012944 ] } },
{ "type": "Feature", "properties": { "NAME": "The Best Street Food & duner", "NAME_EN": null, "AMENITY": "fast_food", "SHOP": null, "OSM_TYPE": "node", "OSM_ID": 6323243200 }, "geometry": { "type": "Point", "coordinates": [ 23.300796, 42.7017229 ] } },
{ "type": "Feature", "properties": { "NAME": "Гостилница Бунара", "NAME_EN": null, "AMENITY": "restaurant", "SHOP": null, "OSM_TYPE": "node", "OSM_ID": 6334760562 }, "geometry": { "type": "Point", "coordinates": [ 23.1670488, 42.7159892 ] } },
{ "type": "Feature", "properties": { "NAME": "Happy Bar & Grill", "NAME_EN": null, "AMENITY": "restaurant", "SHOP": null, "OSM_TYPE": "node", "OSM_ID": 6335436286 }, "geometry": { "type": "Point", "coordinates": [ 23.313756, 42.6702994 ] } },
{ "type": "Feature", "properties": { "NAME": "Pizza Lab", "NAME_EN": null, "AMENITY": "fast_food", "SHOP": null, "OSM_TYPE": "node", "OSM_ID": 6345757087 }, "geometry": { "type": "Point", "coordinates": [ 23.3137796, 42.6571651 ] } },
{ "type": "Feature", "properties": { "NAME": "Domino's", "NAME_EN": null, "AMENITY": "fast_food", "SHOP": null, "OSM_TYPE": "node", "OSM_ID": 6369836876 }, "geometry": { "type": "Point", "coordinates": [ 23.3601522, 42.66177 ] } },
{ "type": "Feature", "properties": { "NAME": null, "NAME_EN": null, "AMENITY": "cafe", "SHOP": null, "OSM_TYPE": "node", "OSM_ID": 6376738553 }, "geometry": { "type": "Point", "coordinates": [ 23.3088476, 42.6969087 ] } },
{ "type": "Feature", "properties": { "NAME": "Пицария Поли", "NAME_EN": null, "AMENITY": "restaurant", "SHOP": null, "OSM_TYPE": "node", "OSM_ID": 6380101347 }, "geometry": { "type": "Point", "coordinates": [ 23.2699695, 42.7122303 ] } },
{ "type": "Feature", "properties": { "NAME": "The Cherry", "NAME_EN": null, "AMENITY": "restaurant", "SHOP": null, "OSM_TYPE": "node", "OSM_ID": 6388049712 }, "geometry": { "type": "Point", "coordinates": [ 23.317144, 42.6692563 ] } },
{ "type": "Feature", "properties": { "NAME": "Sushi King", "NAME_EN": null, "AMENITY": "restaurant", "SHOP": null, "OSM_TYPE": "node", "OSM_ID": 6388323495 }, "geometry": { "type": "Point", "coordinates": [ 23.2721266, 42.7133803 ] } },
{ "type": "Feature", "properties": { "NAME": "Villa Grill", "NAME_EN": null, "AMENITY": "restaurant", "SHOP": null, "OSM_TYPE": "node", "OSM_ID": 6395320365 }, "geometry": { "type": "Point", "coordinates": [ 23.2705934, 42.7129746 ] } },
{ "type": "Feature", "properties": { "NAME": "FLOW Coffee & Pastry", "NAME_EN": null, "AMENITY": "cafe", "SHOP": null, "OSM_TYPE": "node", "OSM_ID": 6401474702 }, "geometry": { "type": "Point", "coordinates": [ 23.3276464, 42.7003632 ] } },
{ "type": "Feature", "properties": { "NAME": "Цър Пър", "NAME_EN": "Car Par", "AMENITY": "fast_food", "SHOP": null, "OSM_TYPE": "node", "OSM_ID": 6401686086 }, "geometry": { "type": "Point", "coordinates": [ 23.3111255, 42.6753603 ] } },
{ "type": "Feature", "properties": { "NAME": null, "NAME_EN": null, "AMENITY": "restaurant", "SHOP": null, "OSM_TYPE": "node", "OSM_ID": 6402877176 }, "geometry": { "type": "Point", "coordinates": [ 23.4044487, 42.7688305 ] } },
{ "type": "Feature", "properties": { "NAME": null, "NAME_EN": null, "AMENITY": "cafe", "SHOP": null, "OSM_TYPE": "node", "OSM_ID": 6402879010 }, "geometry": { "type": "Point", "coordinates": [ 23.4046162, 42.7694033 ] } },
{ "type": "Feature", "properties": { "NAME": null, "NAME_EN": null, "AMENITY": "fast_food", "SHOP": null, "OSM_TYPE": "node", "OSM_ID": 6402884112 }, "geometry": { "type": "Point", "coordinates": [ 23.404245, 42.7694274 ] } },
{ "type": "Feature", "properties": { "NAME": "Фирмата", "NAME_EN": null, "AMENITY": "fast_food", "SHOP": null, "OSM_TYPE": "node", "OSM_ID": 6403365388 }, "geometry": { "type": "Point", "coordinates": [ 23.306864, 42.677289 ] } },
{ "type": "Feature", "properties": { "NAME": "Амира", "NAME_EN": null, "AMENITY": "restaurant", "SHOP": null, "OSM_TYPE": "node", "OSM_ID": 6403392987 }, "geometry": { "type": "Point", "coordinates": [ 23.303594, 42.6762978 ] } },
{ "type": "Feature", "properties": { "NAME": "Марикитас", "NAME_EN": "Mariquitas", "AMENITY": "cafe", "SHOP": null, "OSM_TYPE": "node", "OSM_ID": 6403396985 }, "geometry": { "type": "Point", "coordinates": [ 23.305369, 42.6765686 ] } },
{ "type": "Feature", "properties": { "NAME": "BSD", "NAME_EN": null, "AMENITY": "bar", "SHOP": null, "OSM_TYPE": "node", "OSM_ID": 6410338797 }, "geometry": { "type": "Point", "coordinates": [ 23.3207921, 42.6835477 ] } },
{ "type": "Feature", "properties": { "NAME": "При Павката", "NAME_EN": null, "AMENITY": "restaurant", "SHOP": null, "OSM_TYPE": "node", "OSM_ID": 6414146656 }, "geometry": { "type": "Point", "coordinates": [ 23.3148486, 42.717638 ] } },
{ "type": "Feature", "properties": { "NAME": "fly", "NAME_EN": null, "AMENITY": "fast_food", "SHOP": null, "OSM_TYPE": "node", "OSM_ID": 6416381046 }, "geometry": { "type": "Point", "coordinates": [ 23.318823, 42.6674973 ] } },
{ "type": "Feature", "properties": { "NAME": "Preslav Lounge", "NAME_EN": null, "AMENITY": "cafe", "SHOP": null, "OSM_TYPE": "node", "OSM_ID": 6419087385 }, "geometry": { "type": "Point", "coordinates": [ 23.4144216, 42.6895277 ] } },
{ "type": "Feature", "properties": { "NAME": null, "NAME_EN": null, "AMENITY": "fast_food", "SHOP": null, "OSM_TYPE": "node", "OSM_ID": 6424185265 }, "geometry": { "type": "Point", "coordinates": [ 23.314843, 42.6938491 ] } },
{ "type": "Feature", "properties": { "NAME": "Меню", "NAME_EN": null, "AMENITY": "restaurant", "SHOP": null, "OSM_TYPE": "node", "OSM_ID": 6424219883 }, "geometry": { "type": "Point", "coordinates": [ 23.3105294, 42.6929099 ] } },
{ "type": "Feature", "properties": { "NAME": "Sham", "NAME_EN": null, "AMENITY": "fast_food", "SHOP": null, "OSM_TYPE": "node", "OSM_ID": 6424223585 }, "geometry": { "type": "Point", "coordinates": [ 23.3103329, 42.6928789 ] } },
{ "type": "Feature", "properties": { "NAME": null, "NAME_EN": null, "AMENITY": "pub", "SHOP": null, "OSM_TYPE": "node", "OSM_ID": 6424223589 }, "geometry": { "type": "Point", "coordinates": [ 23.3097723, 42.6926132 ] } },
{ "type": "Feature", "properties": { "NAME": "Клуб флеш", "NAME_EN": null, "AMENITY": "cafe", "SHOP": null, "OSM_TYPE": "node", "OSM_ID": 6426669657 }, "geometry": { "type": "Point", "coordinates": [ 23.3130694, 42.6924526 ] } },
{ "type": "Feature", "properties": { "NAME": null, "NAME_EN": null, "AMENITY": "fast_food", "SHOP": null, "OSM_TYPE": "node", "OSM_ID": 6426713030 }, "geometry": { "type": "Point", "coordinates": [ 23.3145426, 42.6929632 ] } },
{ "type": "Feature", "properties": { "NAME": "Caffe di Sofia", "NAME_EN": null, "AMENITY": "cafe", "SHOP": null, "OSM_TYPE": "node", "OSM_ID": 6429271496 }, "geometry": { "type": "Point", "coordinates": [ 23.3111731, 42.6919479 ] } },
{ "type": "Feature", "properties": { "NAME": "Дядото", "NAME_EN": null, "AMENITY": "restaurant", "SHOP": null, "OSM_TYPE": "node", "OSM_ID": 6432196680 }, "geometry": { "type": "Point", "coordinates": [ 23.3102752, 42.690904 ] } },
{ "type": "Feature", "properties": { "NAME": "Dabov specialty coffee", "NAME_EN": null, "AMENITY": "cafe", "SHOP": null, "OSM_TYPE": "node", "OSM_ID": 6433687460 }, "geometry": { "type": "Point", "coordinates": [ 23.3138734, 42.6897719 ] } },
{ "type": "Feature", "properties": { "NAME": "Язовир Михайлово", "NAME_EN": null, "AMENITY": "restaurant", "SHOP": null, "OSM_TYPE": "node", "OSM_ID": 6434540852 }, "geometry": { "type": "Point", "coordinates": [ 23.1282748, 42.6908137 ] } },
{ "type": "Feature", "properties": { "NAME": "Bamboo Urban", "NAME_EN": null, "AMENITY": "restaurant", "SHOP": null, "OSM_TYPE": "node", "OSM_ID": 6436072883 }, "geometry": { "type": "Point", "coordinates": [ 23.3469847, 42.653442 ] } },
{ "type": "Feature", "properties": { "NAME": "The Little Things", "NAME_EN": null, "AMENITY": "restaurant", "SHOP": null, "OSM_TYPE": "node", "OSM_ID": 6437698185 }, "geometry": { "type": "Point", "coordinates": [ 23.328164, 42.689521 ] } },
{ "type": "Feature", "properties": { "NAME": "Камината", "NAME_EN": null, "AMENITY": "restaurant", "SHOP": null, "OSM_TYPE": "node", "OSM_ID": 6437738485 }, "geometry": { "type": "Point", "coordinates": [ 23.3183688, 42.696798 ] } },
{ "type": "Feature", "properties": { "NAME": "Gozba", "NAME_EN": null, "AMENITY": "restaurant", "SHOP": null, "OSM_TYPE": "node", "OSM_ID": 6439666094 }, "geometry": { "type": "Point", "coordinates": [ 23.3134476, 42.6896617 ] } },
{ "type": "Feature", "properties": { "NAME": "Tabu", "NAME_EN": null, "AMENITY": "cafe", "SHOP": "coffee", "OSM_TYPE": "node", "OSM_ID": 6440305888 }, "geometry": { "type": "Point", "coordinates": [ 23.2844456, 42.6956566 ] } },
{ "type": "Feature", "properties": { "NAME": "Вино и музика", "NAME_EN": null, "AMENITY": "cafe", "SHOP": null, "OSM_TYPE": "node", "OSM_ID": 6443930248 }, "geometry": { "type": "Point", "coordinates": [ 23.3119516, 42.6894224 ] } },
{ "type": "Feature", "properties": { "NAME": "Шеф Шами", "NAME_EN": null, "AMENITY": "fast_food", "SHOP": null, "OSM_TYPE": "node", "OSM_ID": 6444000457 }, "geometry": { "type": "Point", "coordinates": [ 23.3136751, 42.6894329 ] } },
{ "type": "Feature", "properties": { "NAME": "Пица Прага", "NAME_EN": null, "AMENITY": "fast_food", "SHOP": null, "OSM_TYPE": "node", "OSM_ID": 6444000458 }, "geometry": { "type": "Point", "coordinates": [ 23.3136429, 42.6894117 ] } },
{ "type": "Feature", "properties": { "NAME": "Grab & Go", "NAME_EN": null, "AMENITY": "fast_food", "SHOP": null, "OSM_TYPE": "node", "OSM_ID": 6444000461 }, "geometry": { "type": "Point", "coordinates": [ 23.3135304, 42.6893377 ] } },
{ "type": "Feature", "properties": { "NAME": "Tasty kebab", "NAME_EN": null, "AMENITY": "fast_food", "SHOP": null, "OSM_TYPE": "node", "OSM_ID": 6447162802 }, "geometry": { "type": "Point", "coordinates": [ 23.3144642, 42.6888733 ] } },
{ "type": "Feature", "properties": { "NAME": "Bohemia Works", "NAME_EN": null, "AMENITY": "cafe", "SHOP": null, "OSM_TYPE": "node", "OSM_ID": 6447198362 }, "geometry": { "type": "Point", "coordinates": [ 23.3154326, 42.68917 ] } },
{ "type": "Feature", "properties": { "NAME": "Механа Ореха", "NAME_EN": null, "AMENITY": "restaurant", "SHOP": null, "OSM_TYPE": "node", "OSM_ID": 6447569786 }, "geometry": { "type": "Point", "coordinates": [ 23.3470917, 42.7147226 ] } },
{ "type": "Feature", "properties": { "NAME": "Tozzi", "NAME_EN": null, "AMENITY": "fast_food", "SHOP": null, "OSM_TYPE": "node", "OSM_ID": 6448393435 }, "geometry": { "type": "Point", "coordinates": [ 23.3184102, 42.6888853 ] } },
{ "type": "Feature", "properties": { "NAME": "Сладък мерак", "NAME_EN": null, "AMENITY": "cafe", "SHOP": null, "OSM_TYPE": "node", "OSM_ID": 6450854553 }, "geometry": { "type": "Point", "coordinates": [ 23.351198, 42.6720192 ] } },
{ "type": "Feature", "properties": { "NAME": "Arenzano", "NAME_EN": null, "AMENITY": "cafe", "SHOP": null, "OSM_TYPE": "node", "OSM_ID": 6453120010 }, "geometry": { "type": "Point", "coordinates": [ 23.3132109, 42.6881683 ] } },
{ "type": "Feature", "properties": { "NAME": "Кафе Жълтото", "NAME_EN": null, "AMENITY": "cafe", "SHOP": null, "OSM_TYPE": "node", "OSM_ID": 6453120011 }, "geometry": { "type": "Point", "coordinates": [ 23.3134591, 42.6879691 ] } },
{ "type": "Feature", "properties": { "NAME": null, "NAME_EN": null, "AMENITY": "fast_food", "SHOP": null, "OSM_TYPE": "node", "OSM_ID": 6454770893 }, "geometry": { "type": "Point", "coordinates": [ 23.3131541, 42.7126791 ] } },
{ "type": "Feature", "properties": { "NAME": "Мони", "NAME_EN": null, "AMENITY": "fast_food", "SHOP": null, "OSM_TYPE": "node", "OSM_ID": 6456377371 }, "geometry": { "type": "Point", "coordinates": [ 23.3146157, 42.6884918 ] } },
{ "type": "Feature", "properties": { "NAME": "Аиви", "NAME_EN": null, "AMENITY": "restaurant", "SHOP": null, "OSM_TYPE": "node", "OSM_ID": 6456418099 }, "geometry": { "type": "Point", "coordinates": [ 23.3172154, 42.6878949 ] } },
{ "type": "Feature", "properties": { "NAME": "Michele", "NAME_EN": null, "AMENITY": "cafe", "SHOP": null, "OSM_TYPE": "node", "OSM_ID": 6456472148 }, "geometry": { "type": "Point", "coordinates": [ 23.3175185, 42.6887782 ] } },
{ "type": "Feature", "properties": { "NAME": "Pizza Atelier", "NAME_EN": null, "AMENITY": "fast_food", "SHOP": null, "OSM_TYPE": "node", "OSM_ID": 6459559209 }, "geometry": { "type": "Point", "coordinates": [ 23.3219589, 42.6885239 ] } },
{ "type": "Feature", "properties": { "NAME": "369", "NAME_EN": null, "AMENITY": "cafe", "SHOP": null, "OSM_TYPE": "node", "OSM_ID": 6462948186 }, "geometry": { "type": "Point", "coordinates": [ 23.3267614, 42.6881296 ] } },
{ "type": "Feature", "properties": { "NAME": "Този Онзи", "NAME_EN": "TOZZI ONZZI", "AMENITY": "restaurant", "SHOP": null, "OSM_TYPE": "node", "OSM_ID": 6465393086 }, "geometry": { "type": "Point", "coordinates": [ 23.3785664, 42.6589653 ] } },
{ "type": "Feature", "properties": { "NAME": null, "NAME_EN": null, "AMENITY": "fast_food", "SHOP": null, "OSM_TYPE": "node", "OSM_ID": 6465560179 }, "geometry": { "type": "Point", "coordinates": [ 23.329552, 42.6884058 ] } },
{ "type": "Feature", "properties": { "NAME": "T&M", "NAME_EN": null, "AMENITY": "restaurant", "SHOP": null, "OSM_TYPE": "node", "OSM_ID": 6465639461 }, "geometry": { "type": "Point", "coordinates": [ 23.3318817, 42.6884144 ] } },
{ "type": "Feature", "properties": { "NAME": null, "NAME_EN": null, "AMENITY": "cafe", "SHOP": null, "OSM_TYPE": "node", "OSM_ID": 6465639465 }, "geometry": { "type": "Point", "coordinates": [ 23.3316927, 42.6885406 ] } },
{ "type": "Feature", "properties": { "NAME": "Дубъл", "NAME_EN": null, "AMENITY": "cafe", "SHOP": null, "OSM_TYPE": "node", "OSM_ID": 6466107835 }, "geometry": { "type": "Point", "coordinates": [ 23.311725, 42.6873622 ] } },
{ "type": "Feature", "properties": { "NAME": "Patches Blues Bar", "NAME_EN": null, "AMENITY": "bar", "SHOP": null, "OSM_TYPE": "node", "OSM_ID": 6466107867 }, "geometry": { "type": "Point", "coordinates": [ 23.3112851, 42.6869584 ] } },
{ "type": "Feature", "properties": { "NAME": "FreshMe", "NAME_EN": null, "AMENITY": "fast_food", "SHOP": null, "OSM_TYPE": "node", "OSM_ID": 6470979734 }, "geometry": { "type": "Point", "coordinates": [ 23.3183518, 42.6877945 ] } },
{ "type": "Feature", "properties": { "NAME": "Vivaldi", "NAME_EN": null, "AMENITY": "ice_cream", "SHOP": null, "OSM_TYPE": "node", "OSM_ID": 6471777391 }, "geometry": { "type": "Point", "coordinates": [ 23.3181696, 42.6872656 ] } },
{ "type": "Feature", "properties": { "NAME": "Hamachi-ni", "NAME_EN": null, "AMENITY": "restaurant", "SHOP": null, "OSM_TYPE": "node", "OSM_ID": 6473931955 }, "geometry": { "type": "Point", "coordinates": [ 23.3230794, 42.6875081 ] } },
{ "type": "Feature", "properties": { "NAME": "Lidia's specials", "NAME_EN": null, "AMENITY": "fast_food", "SHOP": null, "OSM_TYPE": "node", "OSM_ID": 6473931974 }, "geometry": { "type": "Point", "coordinates": [ 23.3228182, 42.6874333 ] } },
{ "type": "Feature", "properties": { "NAME": "Urban Embassy Specialty Coffee", "NAME_EN": null, "AMENITY": "cafe", "SHOP": null, "OSM_TYPE": "node", "OSM_ID": 6473932003 }, "geometry": { "type": "Point", "coordinates": [ 23.321647, 42.6869769 ] } },
{ "type": "Feature", "properties": { "NAME": "Brownies & Mountains", "NAME_EN": null, "AMENITY": "cafe", "SHOP": null, "OSM_TYPE": "node", "OSM_ID": 6473932005 }, "geometry": { "type": "Point", "coordinates": [ 23.321639, 42.6869351 ] } },
{ "type": "Feature", "properties": { "NAME": "Банкович", "NAME_EN": null, "AMENITY": "restaurant", "SHOP": null, "OSM_TYPE": "node", "OSM_ID": 6476509027 }, "geometry": { "type": "Point", "coordinates": [ 23.3251387, 42.6873133 ] } },
{ "type": "Feature", "properties": { "NAME": "Какаду", "NAME_EN": null, "AMENITY": "cafe", "SHOP": null, "OSM_TYPE": "node", "OSM_ID": 6479005996 }, "geometry": { "type": "Point", "coordinates": [ 23.3282313, 42.6873478 ] } },
{ "type": "Feature", "properties": { "NAME": "Palla Burger", "NAME_EN": null, "AMENITY": "fast_food", "SHOP": null, "OSM_TYPE": "node", "OSM_ID": 6479034277 }, "geometry": { "type": "Point", "coordinates": [ 23.3297793, 42.6875983 ] } },
{ "type": "Feature", "properties": { "NAME": "Kak taka", "NAME_EN": null, "AMENITY": "cafe", "SHOP": null, "OSM_TYPE": "node", "OSM_ID": 6479105088 }, "geometry": { "type": "Point", "coordinates": [ 23.3316455, 42.6873618 ] } },
{ "type": "Feature", "properties": { "NAME": "Ro coffee", "NAME_EN": null, "AMENITY": "cafe", "SHOP": null, "OSM_TYPE": "node", "OSM_ID": 6481563679 }, "geometry": { "type": "Point", "coordinates": [ 23.3121078, 42.6865567 ] } },
{ "type": "Feature", "properties": { "NAME": "Архив", "NAME_EN": null, "AMENITY": "cafe", "SHOP": null, "OSM_TYPE": "node", "OSM_ID": 6481610323 }, "geometry": { "type": "Point", "coordinates": [ 23.3140853, 42.6866903 ] } },
{ "type": "Feature", "properties": { "NAME": "The Clock", "NAME_EN": null, "AMENITY": "bar", "SHOP": null, "OSM_TYPE": "node", "OSM_ID": 6482310956 }, "geometry": { "type": "Point", "coordinates": [ 23.3168372, 42.6867366 ] } },
{ "type": "Feature", "properties": { "NAME": "Картофът", "NAME_EN": null, "AMENITY": "fast_food", "SHOP": null, "OSM_TYPE": "node", "OSM_ID": 6482310962 }, "geometry": { "type": "Point", "coordinates": [ 23.3164886, 42.6867867 ] } },
{ "type": "Feature", "properties": { "NAME": "Сиклай", "NAME_EN": null, "AMENITY": "restaurant", "SHOP": null, "OSM_TYPE": "node", "OSM_ID": 6482310975 }, "geometry": { "type": "Point", "coordinates": [ 23.3170897, 42.6868009 ] } },
{ "type": "Feature", "properties": { "NAME": "Fresh pasta to go", "NAME_EN": null, "AMENITY": "restaurant", "SHOP": null, "OSM_TYPE": "node", "OSM_ID": 6482931761 }, "geometry": { "type": "Point", "coordinates": [ 23.3229197, 42.6865483 ] } },
{ "type": "Feature", "properties": { "NAME": "Krumcho", "NAME_EN": null, "AMENITY": "restaurant", "SHOP": null, "OSM_TYPE": "node", "OSM_ID": 6482937363 }, "geometry": { "type": "Point", "coordinates": [ 23.323233, 42.6869535 ] } },
{ "type": "Feature", "properties": { "NAME": "Малкият стадион", "NAME_EN": null, "AMENITY": "restaurant", "SHOP": null, "OSM_TYPE": "node", "OSM_ID": 6486578497 }, "geometry": { "type": "Point", "coordinates": [ 23.3285961, 42.6862398 ] } },
{ "type": "Feature", "properties": { "NAME": "Най-хубавата баница", "NAME_EN": null, "AMENITY": "fast_food", "SHOP": null, "OSM_TYPE": "node", "OSM_ID": 6486620958 }, "geometry": { "type": "Point", "coordinates": [ 23.3301765, 42.686536 ] } },
{ "type": "Feature", "properties": { "NAME": "Mr. Chen", "NAME_EN": null, "AMENITY": "restaurant", "SHOP": null, "OSM_TYPE": "node", "OSM_ID": 6486620964 }, "geometry": { "type": "Point", "coordinates": [ 23.3303731, 42.6867998 ] } },
{ "type": "Feature", "properties": { "NAME": "Фенсис", "NAME_EN": null, "AMENITY": "cafe", "SHOP": null, "OSM_TYPE": "node", "OSM_ID": 6488203085 }, "geometry": { "type": "Point", "coordinates": [ 23.3024245, 42.7399269 ] } },
{ "type": "Feature", "properties": { "NAME": "Pizza Roberto", "NAME_EN": null, "AMENITY": "fast_food", "SHOP": null, "OSM_TYPE": "node", "OSM_ID": 6493955526 }, "geometry": { "type": "Point", "coordinates": [ 23.314322, 42.6852894 ] } },
{ "type": "Feature", "properties": { "NAME": null, "NAME_EN": null, "AMENITY": "fast_food", "SHOP": null, "OSM_TYPE": "node", "OSM_ID": 6496181586 }, "geometry": { "type": "Point", "coordinates": [ 23.3144722, 42.6851904 ] } },
{ "type": "Feature", "properties": { "NAME": "Kantina Gyros", "NAME_EN": null, "AMENITY": "fast_food", "SHOP": null, "OSM_TYPE": "node", "OSM_ID": 6498587305 }, "geometry": { "type": "Point", "coordinates": [ 23.3173496, 42.6861037 ] } },
{ "type": "Feature", "properties": { "NAME": "Big Ben", "NAME_EN": null, "AMENITY": "cafe", "SHOP": null, "OSM_TYPE": "node", "OSM_ID": 6498672589 }, "geometry": { "type": "Point", "coordinates": [ 23.3227629, 42.6856281 ] } },
{ "type": "Feature", "properties": { "NAME": "БДС Балкански деликатеси на скара", "NAME_EN": null, "AMENITY": "restaurant", "SHOP": null, "OSM_TYPE": "node", "OSM_ID": 6498672622 }, "geometry": { "type": "Point", "coordinates": [ 23.3214084, 42.6857193 ] } },
{ "type": "Feature", "properties": { "NAME": "Bad Habits", "NAME_EN": null, "AMENITY": "fast_food", "SHOP": null, "OSM_TYPE": "node", "OSM_ID": 6498672626 }, "geometry": { "type": "Point", "coordinates": [ 23.3213791, 42.685574 ] } },
{ "type": "Feature", "properties": { "NAME": "Жадната ламя", "NAME_EN": null, "AMENITY": "restaurant", "SHOP": null, "OSM_TYPE": "node", "OSM_ID": 6499242670 }, "geometry": { "type": "Point", "coordinates": [ 23.325478, 42.6852954 ] } },
{ "type": "Feature", "properties": { "NAME": "Mix22", "NAME_EN": null, "AMENITY": "cafe", "SHOP": null, "OSM_TYPE": "node", "OSM_ID": 6499314893 }, "geometry": { "type": "Point", "coordinates": [ 23.3136521, 42.6848799 ] } },
{ "type": "Feature", "properties": { "NAME": "Franco's pasta e pizza romana", "NAME_EN": null, "AMENITY": "restaurant", "SHOP": null, "OSM_TYPE": "node", "OSM_ID": 6501118468 }, "geometry": { "type": "Point", "coordinates": [ 23.3166656, 42.6845304 ] } },
{ "type": "Feature", "properties": { "NAME": "Le Rose", "NAME_EN": null, "AMENITY": "restaurant", "SHOP": null, "OSM_TYPE": "node", "OSM_ID": 6501478083 }, "geometry": { "type": "Point", "coordinates": [ 23.3162241, 42.6842538 ] } },
{ "type": "Feature", "properties": { "NAME": "Бялото бистро", "NAME_EN": null, "AMENITY": "bar", "SHOP": null, "OSM_TYPE": "node", "OSM_ID": 6501479993 }, "geometry": { "type": "Point", "coordinates": [ 23.3172959, 42.6847167 ] } },
{ "type": "Feature", "properties": { "NAME": "Aubergine", "NAME_EN": null, "AMENITY": "restaurant", "SHOP": null, "OSM_TYPE": "node", "OSM_ID": 6504788098 }, "geometry": { "type": "Point", "coordinates": [ 23.3224417, 42.6845096 ] } },
{ "type": "Feature", "properties": { "NAME": "Miko", "NAME_EN": null, "AMENITY": "restaurant", "SHOP": null, "OSM_TYPE": "node", "OSM_ID": 6507026927 }, "geometry": { "type": "Point", "coordinates": [ 23.3232618, 42.6847914 ] } },
{ "type": "Feature", "properties": { "NAME": "Botanico", "NAME_EN": null, "AMENITY": "bar", "SHOP": null, "OSM_TYPE": "node", "OSM_ID": 6507179838 }, "geometry": { "type": "Point", "coordinates": [ 23.3200331, 42.6834568 ] } },
{ "type": "Feature", "properties": { "NAME": "CoffeeIn", "NAME_EN": null, "AMENITY": "cafe", "SHOP": null, "OSM_TYPE": "node", "OSM_ID": 6507625929 }, "geometry": { "type": "Point", "coordinates": [ 23.3151045, 42.6827016 ] } },
{ "type": "Feature", "properties": { "NAME": "Relish", "NAME_EN": null, "AMENITY": "restaurant", "SHOP": null, "OSM_TYPE": "node", "OSM_ID": 6507625930 }, "geometry": { "type": "Point", "coordinates": [ 23.3149745, 42.6827716 ] } },
{ "type": "Feature", "properties": { "NAME": "Везна", "NAME_EN": null, "AMENITY": "restaurant", "SHOP": null, "OSM_TYPE": "node", "OSM_ID": 6509659104 }, "geometry": { "type": "Point", "coordinates": [ 23.3198185, 42.6973243 ] } },
{ "type": "Feature", "properties": { "NAME": "Мляскам", "NAME_EN": null, "AMENITY": "fast_food", "SHOP": null, "OSM_TYPE": "node", "OSM_ID": 6509674549 }, "geometry": { "type": "Point", "coordinates": [ 23.3150286, 42.6929031 ] } },
{ "type": "Feature", "properties": { "NAME": "Кохинор", "NAME_EN": "Kohinoor", "AMENITY": "restaurant", "SHOP": null, "OSM_TYPE": "node", "OSM_ID": 6509674556 }, "geometry": { "type": "Point", "coordinates": [ 23.2916668, 42.6741399 ] } },
{ "type": "Feature", "properties": { "NAME": "Up Coffee", "NAME_EN": null, "AMENITY": "cafe", "SHOP": null, "OSM_TYPE": "node", "OSM_ID": 6512123086 }, "geometry": { "type": "Point", "coordinates": [ 23.3168922, 42.6958044 ] } },
{ "type": "Feature", "properties": { "NAME": "Къщата на печения картоф", "NAME_EN": null, "AMENITY": "fast_food", "SHOP": null, "OSM_TYPE": "node", "OSM_ID": 6512153687 }, "geometry": { "type": "Point", "coordinates": [ 23.3176473, 42.6970187 ] } },
{ "type": "Feature", "properties": { "NAME": "Punto Rosso", "NAME_EN": null, "AMENITY": "fast_food", "SHOP": null, "OSM_TYPE": "node", "OSM_ID": 6512153700 }, "geometry": { "type": "Point", "coordinates": [ 23.3181938, 42.6963453 ] } },
{ "type": "Feature", "properties": { "NAME": "Odrin", "NAME_EN": null, "AMENITY": "fast_food", "SHOP": null, "OSM_TYPE": "node", "OSM_ID": 6512699197 }, "geometry": { "type": "Point", "coordinates": [ 23.3170202, 42.7026298 ] } },
{ "type": "Feature", "properties": { "NAME": "Best Dönner", "NAME_EN": null, "AMENITY": "fast_food", "SHOP": null, "OSM_TYPE": "node", "OSM_ID": 6512699211 }, "geometry": { "type": "Point", "coordinates": [ 23.3160039, 42.6986581 ] } },
{ "type": "Feature", "properties": { "NAME": "Гара за гладни", "NAME_EN": null, "AMENITY": "fast_food", "SHOP": null, "OSM_TYPE": "node", "OSM_ID": 6512699224 }, "geometry": { "type": "Point", "coordinates": [ 23.3150653, 42.6951205 ] } },
{ "type": "Feature", "properties": { "NAME": "Crazy food", "NAME_EN": null, "AMENITY": "fast_food", "SHOP": null, "OSM_TYPE": "node", "OSM_ID": 6515204447 }, "geometry": { "type": "Point", "coordinates": [ 23.3278917, 42.6823082 ] } },
{ "type": "Feature", "properties": { "NAME": "Кармаре", "NAME_EN": null, "AMENITY": "restaurant", "SHOP": null, "OSM_TYPE": "node", "OSM_ID": 6515273558 }, "geometry": { "type": "Point", "coordinates": [ 23.3187027, 42.6966304 ] } },
{ "type": "Feature", "properties": { "NAME": "Σπιτικο", "NAME_EN": null, "AMENITY": "cafe", "SHOP": null, "OSM_TYPE": "node", "OSM_ID": 6515532639 }, "geometry": { "type": "Point", "coordinates": [ 23.3202567, 42.6963067 ] } },
{ "type": "Feature", "properties": { "NAME": "Lavele Bar & Kitchen", "NAME_EN": null, "AMENITY": "restaurant", "SHOP": null, "OSM_TYPE": "node", "OSM_ID": 6515541689 }, "geometry": { "type": "Point", "coordinates": [ 23.3193376, 42.6965113 ] } },
{ "type": "Feature", "properties": { "NAME": "Coffee point & Bakery", "NAME_EN": null, "AMENITY": "fast_food", "SHOP": null, "OSM_TYPE": "node", "OSM_ID": 6515541693 }, "geometry": { "type": "Point", "coordinates": [ 23.319402, 42.6967375 ] } },
{ "type": "Feature", "properties": { "NAME": "Ciccione", "NAME_EN": null, "AMENITY": "restaurant", "SHOP": null, "OSM_TYPE": "node", "OSM_ID": 6518996264 }, "geometry": { "type": "Point", "coordinates": [ 23.3399378, 42.6963657 ] } },
{ "type": "Feature", "properties": { "NAME": "Pizza Boyanov", "NAME_EN": null, "AMENITY": "fast_food", "SHOP": null, "OSM_TYPE": "node", "OSM_ID": 6520417682 }, "geometry": { "type": "Point", "coordinates": [ 23.343875, 42.6961898 ] } },
{ "type": "Feature", "properties": { "NAME": "Umami", "NAME_EN": null, "AMENITY": "restaurant", "SHOP": null, "OSM_TYPE": "node", "OSM_ID": 6520887764 }, "geometry": { "type": "Point", "coordinates": [ 23.3184036, 42.6720793 ] } },
{ "type": "Feature", "properties": { "NAME": null, "NAME_EN": null, "AMENITY": "restaurant", "SHOP": null, "OSM_TYPE": "node", "OSM_ID": 6520942406 }, "geometry": { "type": "Point", "coordinates": [ 23.318581, 42.672337 ] } },
{ "type": "Feature", "properties": { "NAME": "Barcode", "NAME_EN": null, "AMENITY": "bar", "SHOP": null, "OSM_TYPE": "node", "OSM_ID": 6522087689 }, "geometry": { "type": "Point", "coordinates": [ 23.3184462, 42.6957727 ] } },
{ "type": "Feature", "properties": { "NAME": "Fresh Up", "NAME_EN": null, "AMENITY": "fast_food", "SHOP": null, "OSM_TYPE": "node", "OSM_ID": 6522542768 }, "geometry": { "type": "Point", "coordinates": [ 23.319057, 42.6961672 ] } },
{ "type": "Feature", "properties": { "NAME": "При пѣтицата", "NAME_EN": null, "AMENITY": "restaurant", "SHOP": null, "OSM_TYPE": "node", "OSM_ID": 6522617787 }, "geometry": { "type": "Point", "coordinates": [ 23.3186129, 42.6956221 ] } },
{ "type": "Feature", "properties": { "NAME": "Tandir Bake House", "NAME_EN": null, "AMENITY": "cafe", "SHOP": null, "OSM_TYPE": "node", "OSM_ID": 6525095650 }, "geometry": { "type": "Point", "coordinates": [ 23.3308639, 42.6984556 ] } },
{ "type": "Feature", "properties": { "NAME": "Il Fornetto", "NAME_EN": null, "AMENITY": "fast_food", "SHOP": null, "OSM_TYPE": "node", "OSM_ID": 6530420370 }, "geometry": { "type": "Point", "coordinates": [ 23.3235589, 42.696104 ] } },
{ "type": "Feature", "properties": { "NAME": "Mimelly", "NAME_EN": null, "AMENITY": "cafe", "SHOP": null, "OSM_TYPE": "node", "OSM_ID": 6532822316 }, "geometry": { "type": "Point", "coordinates": [ 23.3398204, 42.695835 ] } },
{ "type": "Feature", "properties": { "NAME": "Kolichka bar", "NAME_EN": null, "AMENITY": "cafe", "SHOP": null, "OSM_TYPE": "node", "OSM_ID": 6533317609 }, "geometry": { "type": "Point", "coordinates": [ 23.3399875, 42.6954163 ] } },
{ "type": "Feature", "properties": { "NAME": "Вкусът на времето", "NAME_EN": null, "AMENITY": "bar", "SHOP": null, "OSM_TYPE": "node", "OSM_ID": 6533393885 }, "geometry": { "type": "Point", "coordinates": [ 23.3410093, 42.695693 ] } },
{ "type": "Feature", "properties": { "NAME": "Кисело и сладко", "NAME_EN": null, "AMENITY": "cafe", "SHOP": null, "OSM_TYPE": "node", "OSM_ID": 6535067050 }, "geometry": { "type": "Point", "coordinates": [ 23.2985623, 42.7060614 ] } },
{ "type": "Feature", "properties": { "NAME": "Maroco", "NAME_EN": null, "AMENITY": "bar", "SHOP": null, "OSM_TYPE": "node", "OSM_ID": 6538162305 }, "geometry": { "type": "Point", "coordinates": [ 23.3218691, 42.7047577 ] } },
{ "type": "Feature", "properties": { "NAME": null, "NAME_EN": null, "AMENITY": "fast_food", "SHOP": null, "OSM_TYPE": "node", "OSM_ID": 6540476447 }, "geometry": { "type": "Point", "coordinates": [ 23.3186704, 42.7011125 ] } },
{ "type": "Feature", "properties": { "NAME": "Златен лъв", "NAME_EN": null, "AMENITY": "restaurant", "SHOP": null, "OSM_TYPE": "node", "OSM_ID": 6540476448 }, "geometry": { "type": "Point", "coordinates": [ 23.3174084, 42.7006544 ] } },
{ "type": "Feature", "properties": { "NAME": "Тракийска баница", "NAME_EN": null, "AMENITY": "fast_food", "SHOP": null, "OSM_TYPE": "node", "OSM_ID": 6543160479 }, "geometry": { "type": "Point", "coordinates": [ 23.3101575, 42.6998877 ] } },
{ "type": "Feature", "properties": { "NAME": null, "NAME_EN": null, "AMENITY": "fast_food", "SHOP": null, "OSM_TYPE": "node", "OSM_ID": 6543160481 }, "geometry": { "type": "Point", "coordinates": [ 23.31017, 42.7011131 ] } },
{ "type": "Feature", "properties": { "NAME": null, "NAME_EN": null, "AMENITY": "fast_food", "SHOP": null, "OSM_TYPE": "node", "OSM_ID": 6543321845 }, "geometry": { "type": "Point", "coordinates": [ 23.3393408, 42.6951107 ] } },
{ "type": "Feature", "properties": { "NAME": "Meat mania", "NAME_EN": null, "AMENITY": "restaurant", "SHOP": null, "OSM_TYPE": "node", "OSM_ID": 6544502339 }, "geometry": { "type": "Point", "coordinates": [ 23.2823933, 42.6607156 ] } },
{ "type": "Feature", "properties": { "NAME": "Atelier", "NAME_EN": null, "AMENITY": "restaurant", "SHOP": null, "OSM_TYPE": "node", "OSM_ID": 6545936190 }, "geometry": { "type": "Point", "coordinates": [ 23.3441314, 42.6947143 ] } },
{ "type": "Feature", "properties": { "NAME": "Bistro Bar Oro", "NAME_EN": null, "AMENITY": "restaurant", "SHOP": null, "OSM_TYPE": "node", "OSM_ID": 6545993028 }, "geometry": { "type": "Point", "coordinates": [ 23.3462839, 42.6950292 ] } },
{ "type": "Feature", "properties": { "NAME": null, "NAME_EN": null, "AMENITY": "fast_food", "SHOP": null, "OSM_TYPE": "node", "OSM_ID": 6546822649 }, "geometry": { "type": "Point", "coordinates": [ 23.3361361, 42.6936119 ] } },
{ "type": "Feature", "properties": { "NAME": null, "NAME_EN": null, "AMENITY": "fast_food", "SHOP": null, "OSM_TYPE": "node", "OSM_ID": 6546822650 }, "geometry": { "type": "Point", "coordinates": [ 23.3361273, 42.6935879 ] } },
{ "type": "Feature", "properties": { "NAME": "Stories", "NAME_EN": null, "AMENITY": "restaurant", "SHOP": null, "OSM_TYPE": "node", "OSM_ID": 6546986054 }, "geometry": { "type": "Point", "coordinates": [ 23.2824427, 42.6604245 ] } },
{ "type": "Feature", "properties": { "NAME": "Sweet & Bubble", "NAME_EN": null, "AMENITY": "cafe", "SHOP": null, "OSM_TYPE": "node", "OSM_ID": 6548877781 }, "geometry": { "type": "Point", "coordinates": [ 23.3396269, 42.6939949 ] } },
{ "type": "Feature", "properties": { "NAME": "Баничарница Вега", "NAME_EN": null, "AMENITY": "fast_food", "SHOP": null, "OSM_TYPE": "node", "OSM_ID": 6550111632 }, "geometry": { "type": "Point", "coordinates": [ 23.2995419, 42.7067556 ] } },
{ "type": "Feature", "properties": { "NAME": "Тройка", "NAME_EN": null, "AMENITY": "restaurant", "SHOP": null, "OSM_TYPE": "node", "OSM_ID": 6550680807 }, "geometry": { "type": "Point", "coordinates": [ 23.3440687, 42.6931732 ] } },
{ "type": "Feature", "properties": { "NAME": "33 Gastronauts", "NAME_EN": null, "AMENITY": "restaurant", "SHOP": null, "OSM_TYPE": "node", "OSM_ID": 6550680810 }, "geometry": { "type": "Point", "coordinates": [ 23.3441106, 42.6948454 ] } },
{ "type": "Feature", "properties": { "NAME": "Forno Cipollini", "NAME_EN": null, "AMENITY": "restaurant", "SHOP": null, "OSM_TYPE": "node", "OSM_ID": 6551563382 }, "geometry": { "type": "Point", "coordinates": [ 23.345502, 42.6941608 ] } },
{ "type": "Feature", "properties": { "NAME": "FlipFlop", "NAME_EN": null, "AMENITY": "bar", "SHOP": null, "OSM_TYPE": "node", "OSM_ID": 6551579225 }, "geometry": { "type": "Point", "coordinates": [ 23.3451788, 42.6944077 ] } },
{ "type": "Feature", "properties": { "NAME": "Café Bar №17", "NAME_EN": null, "AMENITY": "bar", "SHOP": null, "OSM_TYPE": "node", "OSM_ID": 6553778677 }, "geometry": { "type": "Point", "coordinates": [ 23.3356704, 42.6927724 ] } },
{ "type": "Feature", "properties": { "NAME": "Балабан", "NAME_EN": null, "AMENITY": "bar", "SHOP": null, "OSM_TYPE": "node", "OSM_ID": 6553814715 }, "geometry": { "type": "Point", "coordinates": [ 23.3366436, 42.6928489 ] } },
{ "type": "Feature", "properties": { "NAME": "Чехословашки клуб-ресторант", "NAME_EN": null, "AMENITY": "restaurant", "SHOP": null, "OSM_TYPE": "node", "OSM_ID": 6553840850 }, "geometry": { "type": "Point", "coordinates": [ 23.337049, 42.6930494 ] } },
{ "type": "Feature", "properties": { "NAME": "Timeless", "NAME_EN": null, "AMENITY": "cafe", "SHOP": null, "OSM_TYPE": "node", "OSM_ID": 6553840851 }, "geometry": { "type": "Point", "coordinates": [ 23.337802, 42.693365 ] } },
{ "type": "Feature", "properties": { "NAME": "The Place", "NAME_EN": null, "AMENITY": "restaurant", "SHOP": null, "OSM_TYPE": "node", "OSM_ID": 6554549054 }, "geometry": { "type": "Point", "coordinates": [ 23.3387804, 42.6926547 ] } },
{ "type": "Feature", "properties": { "NAME": "Piadini", "NAME_EN": null, "AMENITY": "restaurant", "SHOP": null, "OSM_TYPE": "node", "OSM_ID": 6554762230 }, "geometry": { "type": "Point", "coordinates": [ 23.3196205, 42.675424 ] } },
{ "type": "Feature", "properties": { "NAME": "Miral Foods", "NAME_EN": null, "AMENITY": "fast_food", "SHOP": null, "OSM_TYPE": "node", "OSM_ID": 6554922617 }, "geometry": { "type": "Point", "coordinates": [ 23.3201353, 42.6919392 ] } },
{ "type": "Feature", "properties": { "NAME": "La Pastaria", "NAME_EN": null, "AMENITY": "restaurant", "SHOP": null, "OSM_TYPE": "node", "OSM_ID": 6556808611 }, "geometry": { "type": "Point", "coordinates": [ 23.3437666, 42.693075 ] } },
{ "type": "Feature", "properties": { "NAME": "Tapas bar", "NAME_EN": null, "AMENITY": "restaurant", "SHOP": null, "OSM_TYPE": "node", "OSM_ID": 6559430675 }, "geometry": { "type": "Point", "coordinates": [ 23.337058, 42.692494 ] } },
{ "type": "Feature", "properties": { "NAME": "Tom's Place", "NAME_EN": null, "AMENITY": "bar", "SHOP": null, "OSM_TYPE": "node", "OSM_ID": 6559430676 }, "geometry": { "type": "Point", "coordinates": [ 23.3369535, 42.6925224 ] } },
{ "type": "Feature", "properties": { "NAME": "Фабрика Дъга", "NAME_EN": null, "AMENITY": "restaurant", "SHOP": null, "OSM_TYPE": "node", "OSM_ID": 6561681748 }, "geometry": { "type": "Point", "coordinates": [ 23.3386704, 42.69232 ] } },
{ "type": "Feature", "properties": { "NAME": "Дюнер Рафи", "NAME_EN": null, "AMENITY": "fast_food", "SHOP": null, "OSM_TYPE": "node", "OSM_ID": 6561681752 }, "geometry": { "type": "Point", "coordinates": [ 23.3385003, 42.6922929 ] } },
{ "type": "Feature", "properties": { "NAME": "Club 1857", "NAME_EN": null, "AMENITY": "restaurant", "SHOP": null, "OSM_TYPE": "node", "OSM_ID": 6561681758 }, "geometry": { "type": "Point", "coordinates": [ 23.3383842, 42.692077 ] } },
{ "type": "Feature", "properties": { "NAME": "Бистро Шейново", "NAME_EN": null, "AMENITY": "cafe", "SHOP": null, "OSM_TYPE": "node", "OSM_ID": 6562223347 }, "geometry": { "type": "Point", "coordinates": [ 23.3401731, 42.692458 ] } },
{ "type": "Feature", "properties": { "NAME": "Ma Baker", "NAME_EN": null, "AMENITY": "cafe", "SHOP": null, "OSM_TYPE": "node", "OSM_ID": 6562223362 }, "geometry": { "type": "Point", "coordinates": [ 23.33898, 42.6920141 ] } },
{ "type": "Feature", "properties": { "NAME": "Обедна кутия", "NAME_EN": null, "AMENITY": "fast_food", "SHOP": null, "OSM_TYPE": "node", "OSM_ID": 6563918496 }, "geometry": { "type": "Point", "coordinates": [ 23.3375358, 42.691182 ] } },
{ "type": "Feature", "properties": { "NAME": "Spot Bar", "NAME_EN": null, "AMENITY": "bar", "SHOP": null, "OSM_TYPE": "node", "OSM_ID": 6563918532 }, "geometry": { "type": "Point", "coordinates": [ 23.3377156, 42.690971 ] } },
{ "type": "Feature", "properties": { "NAME": "The Movin", "NAME_EN": null, "AMENITY": "fast_food", "SHOP": null, "OSM_TYPE": "node", "OSM_ID": 6563918538 }, "geometry": { "type": "Point", "coordinates": [ 23.3374272, 42.6913707 ] } },
{ "type": "Feature", "properties": { "NAME": "The coffee", "NAME_EN": null, "AMENITY": "cafe", "SHOP": null, "OSM_TYPE": "node", "OSM_ID": 6563918566 }, "geometry": { "type": "Point", "coordinates": [ 23.3367713, 42.6915404 ] } },
{ "type": "Feature", "properties": { "NAME": "Cohiba Atmosphere Sofia", "NAME_EN": null, "AMENITY": "bar", "SHOP": null, "OSM_TYPE": "node", "OSM_ID": 6564244872 }, "geometry": { "type": "Point", "coordinates": [ 23.3379193, 42.6916893 ] } },
{ "type": "Feature", "properties": { "NAME": "Брънч", "NAME_EN": null, "AMENITY": "restaurant", "SHOP": null, "OSM_TYPE": "node", "OSM_ID": 6567060798 }, "geometry": { "type": "Point", "coordinates": [ 23.3410375, 42.7162151 ] } },
{ "type": "Feature", "properties": { "NAME": null, "NAME_EN": null, "AMENITY": "fast_food", "SHOP": null, "OSM_TYPE": "node", "OSM_ID": 6567060803 }, "geometry": { "type": "Point", "coordinates": [ 23.3402723, 42.7165136 ] } },
{ "type": "Feature", "properties": { "NAME": "Палачинки Max", "NAME_EN": null, "AMENITY": "fast_food", "SHOP": null, "OSM_TYPE": "node", "OSM_ID": 6567060804 }, "geometry": { "type": "Point", "coordinates": [ 23.3402567, 42.7165271 ] } },
{ "type": "Feature", "properties": { "NAME": null, "NAME_EN": null, "AMENITY": "cafe", "SHOP": null, "OSM_TYPE": "node", "OSM_ID": 6567538333 }, "geometry": { "type": "Point", "coordinates": [ 23.2932231, 42.7099528 ] } },
{ "type": "Feature", "properties": { "NAME": "Мандарин", "NAME_EN": null, "AMENITY": "cafe", "SHOP": null, "OSM_TYPE": "node", "OSM_ID": 6567538346 }, "geometry": { "type": "Point", "coordinates": [ 23.2931469, 42.7098323 ] } },
{ "type": "Feature", "properties": { "NAME": "Скара", "NAME_EN": null, "AMENITY": "fast_food", "SHOP": null, "OSM_TYPE": "node", "OSM_ID": 6567538365 }, "geometry": { "type": "Point", "coordinates": [ 23.2929033, 42.7101507 ] } },
{ "type": "Feature", "properties": { "NAME": "Caffé Mokarico", "NAME_EN": null, "AMENITY": "cafe", "SHOP": null, "OSM_TYPE": "node", "OSM_ID": 6568316516 }, "geometry": { "type": "Point", "coordinates": [ 23.3190288, 42.6908023 ] } },
{ "type": "Feature", "properties": { "NAME": "Victoria's", "NAME_EN": null, "AMENITY": "fast_food", "SHOP": null, "OSM_TYPE": "node", "OSM_ID": 6568608401 }, "geometry": { "type": "Point", "coordinates": [ 23.3168487, 42.6949646 ] } },
{ "type": "Feature", "properties": { "NAME": "Min's", "NAME_EN": null, "AMENITY": "fast_food", "SHOP": null, "OSM_TYPE": "node", "OSM_ID": 6568608402 }, "geometry": { "type": "Point", "coordinates": [ 23.3167508, 42.6949574 ] } },
{ "type": "Feature", "properties": { "NAME": "Chef Harry Auf", "NAME_EN": null, "AMENITY": "fast_food", "SHOP": null, "OSM_TYPE": "node", "OSM_ID": 6568608404 }, "geometry": { "type": "Point", "coordinates": [ 23.3163152, 42.6949121 ] } },
{ "type": "Feature", "properties": { "NAME": "Grab & Go", "NAME_EN": null, "AMENITY": "fast_food", "SHOP": null, "OSM_TYPE": "node", "OSM_ID": 6568608405 }, "geometry": { "type": "Point", "coordinates": [ 23.316274, 42.6949102 ] } },
{ "type": "Feature", "properties": { "NAME": "Starbucks", "NAME_EN": null, "AMENITY": "cafe", "SHOP": null, "OSM_TYPE": "node", "OSM_ID": 6569454454 }, "geometry": { "type": "Point", "coordinates": [ 23.3155786, 42.6572816 ] } },
{ "type": "Feature", "properties": { "NAME": "Mojo", "NAME_EN": null, "AMENITY": "fast_food", "SHOP": null, "OSM_TYPE": "node", "OSM_ID": 6572579499 }, "geometry": { "type": "Point", "coordinates": [ 23.3155588, 42.7003748 ] } },
{ "type": "Feature", "properties": { "NAME": "Master DöneR", "NAME_EN": null, "AMENITY": "fast_food", "SHOP": null, "OSM_TYPE": "node", "OSM_ID": 6573929953 }, "geometry": { "type": "Point", "coordinates": [ 23.29933, 42.7065723 ] } },
{ "type": "Feature", "properties": { "NAME": "Pizza Gray", "NAME_EN": null, "AMENITY": "restaurant", "SHOP": null, "OSM_TYPE": "node", "OSM_ID": 6573929970 }, "geometry": { "type": "Point", "coordinates": [ 23.2989171, 42.7078759 ] } },
{ "type": "Feature", "properties": { "NAME": "Турска кухня Босфор", "NAME_EN": null, "AMENITY": "fast_food", "SHOP": null, "OSM_TYPE": "node", "OSM_ID": 6573929974 }, "geometry": { "type": "Point", "coordinates": [ 23.2998208, 42.7065003 ] } },
{ "type": "Feature", "properties": { "NAME": null, "NAME_EN": null, "AMENITY": "restaurant", "SHOP": null, "OSM_TYPE": "node", "OSM_ID": 6578480084 }, "geometry": { "type": "Point", "coordinates": [ 23.2411252, 42.6840828 ] } },
{ "type": "Feature", "properties": { "NAME": null, "NAME_EN": null, "AMENITY": "fast_food", "SHOP": null, "OSM_TYPE": "node", "OSM_ID": 6578696748 }, "geometry": { "type": "Point", "coordinates": [ 23.2671896, 42.6854146 ] } },
{ "type": "Feature", "properties": { "NAME": "impulse", "NAME_EN": null, "AMENITY": "cafe", "SHOP": null, "OSM_TYPE": "node", "OSM_ID": 6578922123 }, "geometry": { "type": "Point", "coordinates": [ 23.2415839, 42.6838925 ] } },
{ "type": "Feature", "properties": { "NAME": null, "NAME_EN": null, "AMENITY": "fast_food", "SHOP": null, "OSM_TYPE": "node", "OSM_ID": 6578922125 }, "geometry": { "type": "Point", "coordinates": [ 23.2415071, 42.684221 ] } },
{ "type": "Feature", "properties": { "NAME": null, "NAME_EN": null, "AMENITY": "cafe", "SHOP": null, "OSM_TYPE": "node", "OSM_ID": 6578922126 }, "geometry": { "type": "Point", "coordinates": [ 23.2414125, 42.6842681 ] } },
{ "type": "Feature", "properties": { "NAME": "Pizza Lab", "NAME_EN": null, "AMENITY": "fast_food", "SHOP": null, "OSM_TYPE": "node", "OSM_ID": 6580040523 }, "geometry": { "type": "Point", "coordinates": [ 23.3270243, 42.6895166 ] } },
{ "type": "Feature", "properties": { "NAME": "Happy Bar & Grill", "NAME_EN": null, "AMENITY": "restaurant", "SHOP": null, "OSM_TYPE": "node", "OSM_ID": 6586072553 }, "geometry": { "type": "Point", "coordinates": [ 23.3490879, 42.6730933 ] } },
{ "type": "Feature", "properties": { "NAME": "RepEat", "NAME_EN": null, "AMENITY": "restaurant", "SHOP": null, "OSM_TYPE": "node", "OSM_ID": 6588421636 }, "geometry": { "type": "Point", "coordinates": [ 23.3027717, 42.7114083 ] } },
{ "type": "Feature", "properties": { "NAME": "Магазин за кафе", "NAME_EN": null, "AMENITY": "cafe", "SHOP": null, "OSM_TYPE": "node", "OSM_ID": 6593179165 }, "geometry": { "type": "Point", "coordinates": [ 23.3322627, 42.6889468 ] } },
{ "type": "Feature", "properties": { "NAME": "Edgy Veggy", "NAME_EN": null, "AMENITY": "restaurant", "SHOP": null, "OSM_TYPE": "node", "OSM_ID": 6598979785 }, "geometry": { "type": "Point", "coordinates": [ 23.3172646, 42.6918196 ] } },
{ "type": "Feature", "properties": { "NAME": "Green deli cafe", "NAME_EN": null, "AMENITY": "cafe", "SHOP": null, "OSM_TYPE": "node", "OSM_ID": 6609294389 }, "geometry": { "type": "Point", "coordinates": [ 23.3150389, 42.6588423 ] } },
{ "type": "Feature", "properties": { "NAME": null, "NAME_EN": null, "AMENITY": "fast_food", "SHOP": null, "OSM_TYPE": "node", "OSM_ID": 6610136862 }, "geometry": { "type": "Point", "coordinates": [ 23.312595, 42.7007175 ] } },
{ "type": "Feature", "properties": { "NAME": "La focacceria di metro", "NAME_EN": null, "AMENITY": "fast_food", "SHOP": null, "OSM_TYPE": "node", "OSM_ID": 6618229969 }, "geometry": { "type": "Point", "coordinates": [ 23.3506933, 42.6717006 ] } },
{ "type": "Feature", "properties": { "NAME": "The Egg Bar", "NAME_EN": null, "AMENITY": "bar", "SHOP": null, "OSM_TYPE": "node", "OSM_ID": 6623041585 }, "geometry": { "type": "Point", "coordinates": [ 23.3203897, 42.6973617 ] } },
{ "type": "Feature", "properties": { "NAME": "Катеричката", "NAME_EN": null, "AMENITY": "restaurant", "SHOP": null, "OSM_TYPE": "node", "OSM_ID": 6628830861 }, "geometry": { "type": "Point", "coordinates": [ 23.3004553, 42.7439775 ] } },
{ "type": "Feature", "properties": { "NAME": "Клуб Каркасон", "NAME_EN": null, "AMENITY": "cafe", "SHOP": null, "OSM_TYPE": "node", "OSM_ID": 6636779044 }, "geometry": { "type": "Point", "coordinates": [ 23.3188708, 42.6916096 ] } },
{ "type": "Feature", "properties": { "NAME": "Orient", "NAME_EN": null, "AMENITY": "fast_food", "SHOP": null, "OSM_TYPE": "node", "OSM_ID": 6641461291 }, "geometry": { "type": "Point", "coordinates": [ 23.3043331, 42.699159 ] } },
{ "type": "Feature", "properties": { "NAME": "Виконт", "NAME_EN": null, "AMENITY": "restaurant", "SHOP": null, "OSM_TYPE": "node", "OSM_ID": 6641461308 }, "geometry": { "type": "Point", "coordinates": [ 23.3034249, 42.6942675 ] } },
{ "type": "Feature", "properties": { "NAME": "La Bicicletta by Chanko Chanev", "NAME_EN": null, "AMENITY": "restaurant", "SHOP": null, "OSM_TYPE": "node", "OSM_ID": 6655073580 }, "geometry": { "type": "Point", "coordinates": [ 23.3285662, 42.6978978 ] } },
{ "type": "Feature", "properties": { "NAME": "Палачинки XXXL", "NAME_EN": null, "AMENITY": "fast_food", "SHOP": null, "OSM_TYPE": "node", "OSM_ID": 6655073583 }, "geometry": { "type": "Point", "coordinates": [ 23.3390152, 42.6875514 ] } },
{ "type": "Feature", "properties": { "NAME": "Слончето", "NAME_EN": null, "AMENITY": "ice_cream", "SHOP": null, "OSM_TYPE": "node", "OSM_ID": 6655109985 }, "geometry": { "type": "Point", "coordinates": [ 23.3390511, 42.6875756 ] } },
{ "type": "Feature", "properties": { "NAME": "Coffee Point", "NAME_EN": null, "AMENITY": "cafe", "SHOP": null, "OSM_TYPE": "node", "OSM_ID": 6669345119 }, "geometry": { "type": "Point", "coordinates": [ 23.3134746, 42.7130661 ] } },
{ "type": "Feature", "properties": { "NAME": "Три кладенци", "NAME_EN": "Tri Kladentsi", "AMENITY": "restaurant", "SHOP": null, "OSM_TYPE": "node", "OSM_ID": 6670013190 }, "geometry": { "type": "Point", "coordinates": [ 23.266109, 42.6491258 ] } },
{ "type": "Feature", "properties": { "NAME": "Чичовци", "NAME_EN": "Chichovtsi", "AMENITY": "restaurant", "SHOP": null, "OSM_TYPE": "node", "OSM_ID": 6670013292 }, "geometry": { "type": "Point", "coordinates": [ 23.3091473, 42.628606 ] } },
{ "type": "Feature", "properties": { "NAME": null, "NAME_EN": null, "AMENITY": "fast_food", "SHOP": null, "OSM_TYPE": "node", "OSM_ID": 6677512939 }, "geometry": { "type": "Point", "coordinates": [ 23.3142174, 42.7025151 ] } },
{ "type": "Feature", "properties": { "NAME": "Osteria San Marco", "NAME_EN": null, "AMENITY": "restaurant", "SHOP": null, "OSM_TYPE": "node", "OSM_ID": 6677512956 }, "geometry": { "type": "Point", "coordinates": [ 23.3233822, 42.7012524 ] } },
{ "type": "Feature", "properties": { "NAME": null, "NAME_EN": null, "AMENITY": "fast_food", "SHOP": null, "OSM_TYPE": "node", "OSM_ID": 6681658294 }, "geometry": { "type": "Point", "coordinates": [ 23.3047731, 42.7246015 ] } },
{ "type": "Feature", "properties": { "NAME": null, "NAME_EN": null, "AMENITY": "fast_food", "SHOP": null, "OSM_TYPE": "node", "OSM_ID": 6684901368 }, "geometry": { "type": "Point", "coordinates": [ 23.309335, 42.7034996 ] } },
{ "type": "Feature", "properties": { "NAME": "Балканика", "NAME_EN": null, "AMENITY": "restaurant", "SHOP": null, "OSM_TYPE": "node", "OSM_ID": 6694746162 }, "geometry": { "type": "Point", "coordinates": [ 23.2017162, 42.7223985 ] } },
{ "type": "Feature", "properties": { "NAME": "Gallery Boyana", "NAME_EN": null, "AMENITY": "restaurant", "SHOP": null, "OSM_TYPE": "node", "OSM_ID": 6703429386 }, "geometry": { "type": "Point", "coordinates": [ 23.2669312, 42.6470963 ] } },
{ "type": "Feature", "properties": { "NAME": null, "NAME_EN": null, "AMENITY": "fast_food", "SHOP": null, "OSM_TYPE": "node", "OSM_ID": 6705170221 }, "geometry": { "type": "Point", "coordinates": [ 23.3094087, 42.7395417 ] } },
{ "type": "Feature", "properties": { "NAME": "Craft", "NAME_EN": null, "AMENITY": "restaurant", "SHOP": null, "OSM_TYPE": "node", "OSM_ID": 6719790985 }, "geometry": { "type": "Point", "coordinates": [ 23.3182022, 42.6900287 ] } },
{ "type": "Feature", "properties": { "NAME": "Панчарево хилс", "NAME_EN": null, "AMENITY": "restaurant", "SHOP": null, "OSM_TYPE": "node", "OSM_ID": 6738147895 }, "geometry": { "type": "Point", "coordinates": [ 23.4091005, 42.5971186 ] } },
{ "type": "Feature", "properties": { "NAME": "Кафе при Ани", "NAME_EN": null, "AMENITY": "cafe", "SHOP": null, "OSM_TYPE": "node", "OSM_ID": 6749930671 }, "geometry": { "type": "Point", "coordinates": [ 23.3198597, 42.6963651 ] } },
{ "type": "Feature", "properties": { "NAME": "Колелото 17", "NAME_EN": null, "AMENITY": "restaurant", "SHOP": null, "OSM_TYPE": "node", "OSM_ID": 6749930673 }, "geometry": { "type": "Point", "coordinates": [ 23.3194031, 42.6961779 ] } },
{ "type": "Feature", "properties": { "NAME": "Пекарна \"Едно Време\"", "NAME_EN": null, "AMENITY": "fast_food", "SHOP": null, "OSM_TYPE": "node", "OSM_ID": 6782017953 }, "geometry": { "type": "Point", "coordinates": [ 23.2412513, 42.6843524 ] } },
{ "type": "Feature", "properties": { "NAME": "Pit Stop", "NAME_EN": null, "AMENITY": "cafe", "SHOP": null, "OSM_TYPE": "node", "OSM_ID": 6783784043 }, "geometry": { "type": "Point", "coordinates": [ 23.2440287, 42.6829461 ] } },
{ "type": "Feature", "properties": { "NAME": "Art of sandwiches", "NAME_EN": null, "AMENITY": "fast_food", "SHOP": null, "OSM_TYPE": "node", "OSM_ID": 6786070137 }, "geometry": { "type": "Point", "coordinates": [ 23.3746935, 42.6616376 ] } },
{ "type": "Feature", "properties": { "NAME": "Фараонката", "NAME_EN": null, "AMENITY": "fast_food", "SHOP": null, "OSM_TYPE": "node", "OSM_ID": 6790699644 }, "geometry": { "type": "Point", "coordinates": [ 23.3101976, 42.6983044 ] } },
{ "type": "Feature", "properties": { "NAME": "Механа При Братовчеда", "NAME_EN": null, "AMENITY": "restaurant", "SHOP": null, "OSM_TYPE": "node", "OSM_ID": 6794596735 }, "geometry": { "type": "Point", "coordinates": [ 23.3868241, 42.6562736 ] } },
{ "type": "Feature", "properties": { "NAME": "Баничарница", "NAME_EN": null, "AMENITY": "fast_food", "SHOP": null, "OSM_TYPE": "node", "OSM_ID": 6799173436 }, "geometry": { "type": "Point", "coordinates": [ 23.2689715, 42.7186677 ] } },
{ "type": "Feature", "properties": { "NAME": "Трите Щерки", "NAME_EN": null, "AMENITY": "restaurant", "SHOP": null, "OSM_TYPE": "node", "OSM_ID": 6799377497 }, "geometry": { "type": "Point", "coordinates": [ 23.338455, 42.6989141 ] } },
{ "type": "Feature", "properties": { "NAME": "The Bridge", "NAME_EN": null, "AMENITY": "cafe", "SHOP": null, "OSM_TYPE": "node", "OSM_ID": 6799377498 }, "geometry": { "type": "Point", "coordinates": [ 23.3242151, 42.705686 ] } },
{ "type": "Feature", "properties": { "NAME": "Арбат", "NAME_EN": null, "AMENITY": "restaurant", "SHOP": null, "OSM_TYPE": "node", "OSM_ID": 6805009385 }, "geometry": { "type": "Point", "coordinates": [ 23.3289306, 42.6951923 ] } },
{ "type": "Feature", "properties": { "NAME": "Ancona Pizza Ovcha Kupel", "NAME_EN": "Ancona", "AMENITY": "restaurant", "SHOP": null, "OSM_TYPE": "node", "OSM_ID": 6818302630 }, "geometry": { "type": "Point", "coordinates": [ 23.2687104, 42.6838895 ] } },
{ "type": "Feature", "properties": { "NAME": "При", "NAME_EN": "Pri Komitite", "AMENITY": "restaurant", "SHOP": null, "OSM_TYPE": "node", "OSM_ID": 6818302635 }, "geometry": { "type": "Point", "coordinates": [ 23.2693448, 42.683368 ] } },
{ "type": "Feature", "properties": { "NAME": "Go Grill", "NAME_EN": null, "AMENITY": "fast_food", "SHOP": null, "OSM_TYPE": "node", "OSM_ID": 6821161308 }, "geometry": { "type": "Point", "coordinates": [ 23.2464816, 42.689482 ] } },
{ "type": "Feature", "properties": { "NAME": null, "NAME_EN": null, "AMENITY": "fast_food", "SHOP": null, "OSM_TYPE": "node", "OSM_ID": 6821188045 }, "geometry": { "type": "Point", "coordinates": [ 23.3370033, 42.6909739 ] } },
{ "type": "Feature", "properties": { "NAME": "Бистро Монтанари", "NAME_EN": null, "AMENITY": "restaurant", "SHOP": null, "OSM_TYPE": "node", "OSM_ID": 6833133776 }, "geometry": { "type": "Point", "coordinates": [ 23.3210676, 42.693692 ] } },
{ "type": "Feature", "properties": { "NAME": "Делвите", "NAME_EN": null, "AMENITY": "restaurant", "SHOP": null, "OSM_TYPE": "node", "OSM_ID": 6840096687 }, "geometry": { "type": "Point", "coordinates": [ 23.3185831, 42.6501578 ] } },
{ "type": "Feature", "properties": { "NAME": "Вергилий", "NAME_EN": null, "AMENITY": "cafe", "SHOP": null, "OSM_TYPE": "node", "OSM_ID": 6844055654 }, "geometry": { "type": "Point", "coordinates": [ 23.323749, 42.699465 ] } },
{ "type": "Feature", "properties": { "NAME": "y dough", "NAME_EN": null, "AMENITY": "cafe", "SHOP": null, "OSM_TYPE": "node", "OSM_ID": 6859410974 }, "geometry": { "type": "Point", "coordinates": [ 23.3106051, 42.6803059 ] } },
{ "type": "Feature", "properties": { "NAME": "Rich house", "NAME_EN": null, "AMENITY": "restaurant", "SHOP": null, "OSM_TYPE": "node", "OSM_ID": 6887939073 }, "geometry": { "type": "Point", "coordinates": [ 23.3518159, 42.6899493 ] } },
{ "type": "Feature", "properties": { "NAME": "Food Oops", "NAME_EN": null, "AMENITY": "fast_food", "SHOP": null, "OSM_TYPE": "node", "OSM_ID": 6899052148 }, "geometry": { "type": "Point", "coordinates": [ 23.3003799, 42.7287814 ] } },
{ "type": "Feature", "properties": { "NAME": "Метро", "NAME_EN": null, "AMENITY": "fast_food", "SHOP": null, "OSM_TYPE": "node", "OSM_ID": 6899052149 }, "geometry": { "type": "Point", "coordinates": [ 23.3013495, 42.7282243 ] } },
{ "type": "Feature", "properties": { "NAME": "Gelato & Latte", "NAME_EN": null, "AMENITY": "ice_cream", "SHOP": null, "OSM_TYPE": "node", "OSM_ID": 6904744133 }, "geometry": { "type": "Point", "coordinates": [ 23.3377828, 42.6916029 ] } },
{ "type": "Feature", "properties": { "NAME": "Heicha - Asian Cuisine - Bubble Tea", "NAME_EN": null, "AMENITY": "fast_food", "SHOP": null, "OSM_TYPE": "node", "OSM_ID": 6904744134 }, "geometry": { "type": "Point", "coordinates": [ 23.2931867, 42.7359276 ] } },
{ "type": "Feature", "properties": { "NAME": "Zemira bakery", "NAME_EN": null, "AMENITY": "cafe", "SHOP": null, "OSM_TYPE": "node", "OSM_ID": 6905052886 }, "geometry": { "type": "Point", "coordinates": [ 23.3451147, 42.6464961 ] } },
{ "type": "Feature", "properties": { "NAME": "Bizarre Bar and Dinner", "NAME_EN": null, "AMENITY": "restaurant", "SHOP": null, "OSM_TYPE": "node", "OSM_ID": 6905345222 }, "geometry": { "type": "Point", "coordinates": [ 23.3451335, 42.6466857 ] } },
{ "type": "Feature", "properties": { "NAME": "Glitch eSports Hub", "NAME_EN": null, "AMENITY": "bar", "SHOP": null, "OSM_TYPE": "node", "OSM_ID": 6905345223 }, "geometry": { "type": "Point", "coordinates": [ 23.3449285, 42.6471591 ] } },
{ "type": "Feature", "properties": { "NAME": "Kiker's", "NAME_EN": null, "AMENITY": "fast_food", "SHOP": null, "OSM_TYPE": "node", "OSM_ID": 6906505986 }, "geometry": { "type": "Point", "coordinates": [ 23.3354463, 42.6988989 ] } },
{ "type": "Feature", "properties": { "NAME": "Gelato Fabbrica", "NAME_EN": null, "AMENITY": "ice_cream", "SHOP": null, "OSM_TYPE": "node", "OSM_ID": 6906532392 }, "geometry": { "type": "Point", "coordinates": [ 23.318492, 42.698152 ] } },
{ "type": "Feature", "properties": { "NAME": "Diana Cafe Video Club", "NAME_EN": null, "AMENITY": "cafe", "SHOP": null, "OSM_TYPE": "node", "OSM_ID": 6906532399 }, "geometry": { "type": "Point", "coordinates": [ 23.3252179, 42.7024807 ] } },
{ "type": "Feature", "properties": { "NAME": "Pizza Romana", "NAME_EN": null, "AMENITY": "fast_food", "SHOP": null, "OSM_TYPE": "node", "OSM_ID": 6907881226 }, "geometry": { "type": "Point", "coordinates": [ 23.2850945, 42.6781785 ] } },
{ "type": "Feature", "properties": { "NAME": "Приятели", "NAME_EN": null, "AMENITY": "cafe", "SHOP": null, "OSM_TYPE": "node", "OSM_ID": 6908377785 }, "geometry": { "type": "Point", "coordinates": [ 23.3360737, 42.6969869 ] } },
{ "type": "Feature", "properties": { "NAME": null, "NAME_EN": null, "AMENITY": "cafe", "SHOP": null, "OSM_TYPE": "node", "OSM_ID": 6909348285 }, "geometry": { "type": "Point", "coordinates": [ 23.3388565, 42.6997243 ] } },
{ "type": "Feature", "properties": { "NAME": "При мед. сестрата", "NAME_EN": null, "AMENITY": "fast_food", "SHOP": null, "OSM_TYPE": "node", "OSM_ID": 6909361486 }, "geometry": { "type": "Point", "coordinates": [ 23.3384592, 42.7002667 ] } },
{ "type": "Feature", "properties": { "NAME": "Балканска скара", "NAME_EN": null, "AMENITY": "fast_food", "SHOP": null, "OSM_TYPE": "node", "OSM_ID": 6911280527 }, "geometry": { "type": "Point", "coordinates": [ 23.2854631, 42.6781406 ] } },
{ "type": "Feature", "properties": { "NAME": null, "NAME_EN": null, "AMENITY": "fast_food", "SHOP": null, "OSM_TYPE": "node", "OSM_ID": 6913149085 }, "geometry": { "type": "Point", "coordinates": [ 23.3308359, 42.7001997 ] } },
{ "type": "Feature", "properties": { "NAME": "Гозба", "NAME_EN": "Gozba", "AMENITY": "restaurant", "SHOP": null, "OSM_TYPE": "node", "OSM_ID": 6913149185 }, "geometry": { "type": "Point", "coordinates": [ 23.326799, 42.6994683 ] } },
{ "type": "Feature", "properties": { "NAME": "Simple Food Punkt", "NAME_EN": null, "AMENITY": "restaurant", "SHOP": null, "OSM_TYPE": "node", "OSM_ID": 6913157588 }, "geometry": { "type": "Point", "coordinates": [ 23.3172703, 42.6919043 ] } },
{ "type": "Feature", "properties": { "NAME": "Tienda Gourmet", "NAME_EN": null, "AMENITY": "bar", "SHOP": null, "OSM_TYPE": "node", "OSM_ID": 6913157785 }, "geometry": { "type": "Point", "coordinates": [ 23.3183271, 42.6910862 ] } },
{ "type": "Feature", "properties": { "NAME": "Adams", "NAME_EN": null, "AMENITY": "bar", "SHOP": null, "OSM_TYPE": "node", "OSM_ID": 6913157786 }, "geometry": { "type": "Point", "coordinates": [ 23.3358849, 42.6979029 ] } },
{ "type": "Feature", "properties": { "NAME": "Wine & Co", "NAME_EN": null, "AMENITY": "bar", "SHOP": null, "OSM_TYPE": "node", "OSM_ID": 6915260285 }, "geometry": { "type": "Point", "coordinates": [ 23.3224452, 42.6926286 ] } },
{ "type": "Feature", "properties": { "NAME": null, "NAME_EN": null, "AMENITY": "bar", "SHOP": null, "OSM_TYPE": "node", "OSM_ID": 6915476185 }, "geometry": { "type": "Point", "coordinates": [ 23.3124249, 42.6925226 ] } },
{ "type": "Feature", "properties": { "NAME": "Pingo's", "NAME_EN": null, "AMENITY": "restaurant", "SHOP": null, "OSM_TYPE": "node", "OSM_ID": 6916694224 }, "geometry": { "type": "Point", "coordinates": [ 23.4551221, 42.6092367 ] } },
{ "type": "Feature", "properties": { "NAME": "Лесковачка Сръбска Скара", "NAME_EN": null, "AMENITY": "restaurant", "SHOP": null, "OSM_TYPE": "node", "OSM_ID": 6934095633 }, "geometry": { "type": "Point", "coordinates": [ 23.3037014, 42.6996497 ] } },
{ "type": "Feature", "properties": { "NAME": "Сладко & солено", "NAME_EN": null, "AMENITY": "fast_food", "SHOP": null, "OSM_TYPE": "node", "OSM_ID": 6934095636 }, "geometry": { "type": "Point", "coordinates": [ 23.3034989, 42.699681 ] } },
{ "type": "Feature", "properties": { "NAME": "Парадайс", "NAME_EN": null, "AMENITY": "fast_food", "SHOP": null, "OSM_TYPE": "node", "OSM_ID": 6950431869 }, "geometry": { "type": "Point", "coordinates": [ 23.2678279, 42.7160585 ] } },
{ "type": "Feature", "properties": { "NAME": null, "NAME_EN": null, "AMENITY": "fast_food", "SHOP": null, "OSM_TYPE": "node", "OSM_ID": 6950431870 }, "geometry": { "type": "Point", "coordinates": [ 23.2677847, 42.7160157 ] } },
{ "type": "Feature", "properties": { "NAME": "Рибката", "NAME_EN": null, "AMENITY": "restaurant", "SHOP": null, "OSM_TYPE": "node", "OSM_ID": 6950440387 }, "geometry": { "type": "Point", "coordinates": [ 23.2684529, 42.7167285 ] } },
{ "type": "Feature", "properties": { "NAME": "Баничарница", "NAME_EN": null, "AMENITY": "fast_food", "SHOP": null, "OSM_TYPE": "node", "OSM_ID": 6950440389 }, "geometry": { "type": "Point", "coordinates": [ 23.2686212, 42.7168847 ] } },
{ "type": "Feature", "properties": { "NAME": "Велодиспансер", "NAME_EN": null, "AMENITY": "bar", "SHOP": null, "OSM_TYPE": "node", "OSM_ID": 6956280486 }, "geometry": { "type": "Point", "coordinates": [ 23.3256539, 42.6900271 ] } },
{ "type": "Feature", "properties": { "NAME": null, "NAME_EN": null, "AMENITY": "restaurant", "SHOP": null, "OSM_TYPE": "node", "OSM_ID": 6961386132 }, "geometry": { "type": "Point", "coordinates": [ 23.4160495, 42.6625658 ] } },
{ "type": "Feature", "properties": { "NAME": "Fly Duner and Burger", "NAME_EN": null, "AMENITY": "fast_food", "SHOP": null, "OSM_TYPE": "node", "OSM_ID": 6975165857 }, "geometry": { "type": "Point", "coordinates": [ 23.2864391, 42.6959674 ] } },
{ "type": "Feature", "properties": { "NAME": "The Comedy Club Sofia", "NAME_EN": null, "AMENITY": "bar", "SHOP": null, "OSM_TYPE": "node", "OSM_ID": 6981573892 }, "geometry": { "type": "Point", "coordinates": [ 23.3239669, 42.6956113 ] } },
{ "type": "Feature", "properties": { "NAME": "Farro pizza & more", "NAME_EN": null, "AMENITY": "restaurant", "SHOP": null, "OSM_TYPE": "node", "OSM_ID": 6984377165 }, "geometry": { "type": "Point", "coordinates": [ 23.3533563, 42.6691408 ] } },
{ "type": "Feature", "properties": { "NAME": "Гостилница", "NAME_EN": null, "AMENITY": "restaurant", "SHOP": null, "OSM_TYPE": "node", "OSM_ID": 6990257444 }, "geometry": { "type": "Point", "coordinates": [ 23.3068829, 42.7019526 ] } },
{ "type": "Feature", "properties": { "NAME": "The Bibimbap", "NAME_EN": null, "AMENITY": "restaurant", "SHOP": null, "OSM_TYPE": "node", "OSM_ID": 7006305912 }, "geometry": { "type": "Point", "coordinates": [ 23.3418669, 42.6509166 ] } },
{ "type": "Feature", "properties": { "NAME": "Бон апетито", "NAME_EN": null, "AMENITY": "restaurant", "SHOP": null, "OSM_TYPE": "node", "OSM_ID": 7006376695 }, "geometry": { "type": "Point", "coordinates": [ 23.3124988, 42.6979541 ] } },
{ "type": "Feature", "properties": { "NAME": "Hotpot", "NAME_EN": null, "AMENITY": "restaurant", "SHOP": null, "OSM_TYPE": "node", "OSM_ID": 7006830649 }, "geometry": { "type": "Point", "coordinates": [ 23.3001645, 42.7001948 ] } },
{ "type": "Feature", "properties": { "NAME": "Psari", "NAME_EN": null, "AMENITY": "restaurant", "SHOP": null, "OSM_TYPE": "node", "OSM_ID": 7017885783 }, "geometry": { "type": "Point", "coordinates": [ 23.322152, 42.6773234 ] } },
{ "type": "Feature", "properties": { "NAME": "Sweet & Salty Bakery", "NAME_EN": null, "AMENITY": "cafe", "SHOP": null, "OSM_TYPE": "node", "OSM_ID": 7044982167 }, "geometry": { "type": "Point", "coordinates": [ 23.3185203, 42.6892277 ] } },
{ "type": "Feature", "properties": { "NAME": "V. Bar", "NAME_EN": null, "AMENITY": "bar", "SHOP": null, "OSM_TYPE": "node", "OSM_ID": 7047947828 }, "geometry": { "type": "Point", "coordinates": [ 23.328591, 42.6898825 ] } },
{ "type": "Feature", "properties": { "NAME": "Domino's", "NAME_EN": null, "AMENITY": "fast_food", "SHOP": null, "OSM_TYPE": "node", "OSM_ID": 7049445536 }, "geometry": { "type": "Point", "coordinates": [ 23.381326, 42.65548 ] } },
{ "type": "Feature", "properties": { "NAME": "Лимончето", "NAME_EN": "Limoncheto", "AMENITY": "restaurant", "SHOP": null, "OSM_TYPE": "node", "OSM_ID": 7059834486 }, "geometry": { "type": "Point", "coordinates": [ 23.2644898, 42.6480631 ] } },
{ "type": "Feature", "properties": { "NAME": "Котилото", "NAME_EN": "Kotiloto", "AMENITY": "restaurant", "SHOP": null, "OSM_TYPE": "node", "OSM_ID": 7083406171 }, "geometry": { "type": "Point", "coordinates": [ 23.3087966, 42.6298355 ] } },
{ "type": "Feature", "properties": { "NAME": "Бешамел", "NAME_EN": null, "AMENITY": "restaurant", "SHOP": null, "OSM_TYPE": "node", "OSM_ID": 7084134080 }, "geometry": { "type": "Point", "coordinates": [ 23.314633, 42.6912867 ] } },
{ "type": "Feature", "properties": { "NAME": "baristo", "NAME_EN": null, "AMENITY": "fast_food", "SHOP": null, "OSM_TYPE": "node", "OSM_ID": 7104664090 }, "geometry": { "type": "Point", "coordinates": [ 23.3177397, 42.6703729 ] } },
{ "type": "Feature", "properties": { "NAME": "Бистро Мираж", "NAME_EN": null, "AMENITY": "restaurant", "SHOP": null, "OSM_TYPE": "node", "OSM_ID": 7122851738 }, "geometry": { "type": "Point", "coordinates": [ 23.3019294, 42.7023538 ] } },
{ "type": "Feature", "properties": { "NAME": "StepUp", "NAME_EN": null, "AMENITY": "restaurant", "SHOP": null, "OSM_TYPE": "node", "OSM_ID": 7127130508 }, "geometry": { "type": "Point", "coordinates": [ 23.3699554, 42.7063764 ] } },
{ "type": "Feature", "properties": { "NAME": null, "NAME_EN": null, "AMENITY": "cafe", "SHOP": null, "OSM_TYPE": "node", "OSM_ID": 7129240356 }, "geometry": { "type": "Point", "coordinates": [ 23.2999827, 42.7020711 ] } },
{ "type": "Feature", "properties": { "NAME": "Баничарница", "NAME_EN": null, "AMENITY": "fast_food", "SHOP": null, "OSM_TYPE": "node", "OSM_ID": 7149761341 }, "geometry": { "type": "Point", "coordinates": [ 23.2498672, 42.728445 ] } },
{ "type": "Feature", "properties": { "NAME": "Сръбска скара Zuzi", "NAME_EN": null, "AMENITY": "restaurant", "SHOP": null, "OSM_TYPE": "node", "OSM_ID": 7149761360 }, "geometry": { "type": "Point", "coordinates": [ 23.249778, 42.7285198 ] } },
{ "type": "Feature", "properties": { "NAME": null, "NAME_EN": null, "AMENITY": "restaurant", "SHOP": null, "OSM_TYPE": "node", "OSM_ID": 7154908870 }, "geometry": { "type": "Point", "coordinates": [ 23.2534379, 42.7290592 ] } },
{ "type": "Feature", "properties": { "NAME": null, "NAME_EN": null, "AMENITY": "restaurant", "SHOP": null, "OSM_TYPE": "node", "OSM_ID": 7158081354 }, "geometry": { "type": "Point", "coordinates": [ 23.2571635, 42.729302 ] } },
{ "type": "Feature", "properties": { "NAME": "Сръбска скара", "NAME_EN": null, "AMENITY": "restaurant", "SHOP": null, "OSM_TYPE": "node", "OSM_ID": 7162395731 }, "geometry": { "type": "Point", "coordinates": [ 23.2550928, 42.725655 ] } },
{ "type": "Feature", "properties": { "NAME": "Sole Mio", "NAME_EN": null, "AMENITY": "restaurant", "SHOP": null, "OSM_TYPE": "node", "OSM_ID": 7166527210 }, "geometry": { "type": "Point", "coordinates": [ 23.2497406, 42.7281879 ] } },
{ "type": "Feature", "properties": { "NAME": null, "NAME_EN": null, "AMENITY": "fast_food", "SHOP": null, "OSM_TYPE": "node", "OSM_ID": 7166527214 }, "geometry": { "type": "Point", "coordinates": [ 23.2496285, 42.7282696 ] } },
{ "type": "Feature", "properties": { "NAME": "Гости", "NAME_EN": null, "AMENITY": "restaurant", "SHOP": null, "OSM_TYPE": "node", "OSM_ID": 7167673849 }, "geometry": { "type": "Point", "coordinates": [ 23.2480091, 42.7245092 ] } },
{ "type": "Feature", "properties": { "NAME": "Ador", "NAME_EN": null, "AMENITY": "restaurant", "SHOP": null, "OSM_TYPE": "node", "OSM_ID": 7169502662 }, "geometry": { "type": "Point", "coordinates": [ 23.3322689, 42.6932628 ] } },
{ "type": "Feature", "properties": { "NAME": "Аквариума", "NAME_EN": null, "AMENITY": "cafe", "SHOP": null, "OSM_TYPE": "node", "OSM_ID": 7176832344 }, "geometry": { "type": "Point", "coordinates": [ 23.2530899, 42.7242998 ] } },
{ "type": "Feature", "properties": { "NAME": "No Limit", "NAME_EN": null, "AMENITY": "cafe", "SHOP": null, "OSM_TYPE": "node", "OSM_ID": 7176832347 }, "geometry": { "type": "Point", "coordinates": [ 23.252935, 42.7241412 ] } },
{ "type": "Feature", "properties": { "NAME": "Bug Coffee", "NAME_EN": null, "AMENITY": "cafe", "SHOP": null, "OSM_TYPE": "node", "OSM_ID": 7180891985 }, "geometry": { "type": "Point", "coordinates": [ 23.3441194, 42.6933867 ] } },
{ "type": "Feature", "properties": { "NAME": null, "NAME_EN": "Blue Bag Coffee", "AMENITY": "cafe", "SHOP": null, "OSM_TYPE": "node", "OSM_ID": 7180927585 }, "geometry": { "type": "Point", "coordinates": [ 23.2758542, 42.6635224 ] } },
{ "type": "Feature", "properties": { "NAME": "Кринг", "NAME_EN": "Kring", "AMENITY": "restaurant", "SHOP": null, "OSM_TYPE": "node", "OSM_ID": 7181399985 }, "geometry": { "type": "Point", "coordinates": [ 23.3247036, 42.7010738 ] } },
{ "type": "Feature", "properties": { "NAME": "Зоя", "NAME_EN": "Zoya", "AMENITY": "restaurant", "SHOP": "health_food", "OSM_TYPE": "node", "OSM_ID": 7184552885 }, "geometry": { "type": "Point", "coordinates": [ 23.3223764, 42.6938352 ] } },
{ "type": "Feature", "properties": { "NAME": "Bon appetito", "NAME_EN": null, "AMENITY": "restaurant", "SHOP": null, "OSM_TYPE": "node", "OSM_ID": 7190526287 }, "geometry": { "type": "Point", "coordinates": [ 23.3254744, 42.700175 ] } },
{ "type": "Feature", "properties": { "NAME": "Ananda Healthy Bakery", "NAME_EN": null, "AMENITY": "cafe", "SHOP": "bakery", "OSM_TYPE": "node", "OSM_ID": 7192134285 }, "geometry": { "type": "Point", "coordinates": [ 23.303578, 42.6871618 ] } },
{ "type": "Feature", "properties": { "NAME": "Gelato lab", "NAME_EN": "Gelato Lab", "AMENITY": "ice_cream", "SHOP": null, "OSM_TYPE": "node", "OSM_ID": 7192164485 }, "geometry": { "type": "Point", "coordinates": [ 23.3092659, 42.6748952 ] } },
{ "type": "Feature", "properties": { "NAME": "Café MaBaker", "NAME_EN": "Ma Baker", "AMENITY": "cafe", "SHOP": null, "OSM_TYPE": "node", "OSM_ID": 7192754285 }, "geometry": { "type": "Point", "coordinates": [ 23.3192918, 42.6909469 ] } },
{ "type": "Feature", "properties": { "NAME": "Еврофутбол (затворен)", "NAME_EN": null, "AMENITY": "cafe", "SHOP": null, "OSM_TYPE": "node", "OSM_ID": 7194786688 }, "geometry": { "type": "Point", "coordinates": [ 23.2469359, 42.7235047 ] } },
{ "type": "Feature", "properties": { "NAME": "Cantina 22", "NAME_EN": null, "AMENITY": "restaurant", "SHOP": null, "OSM_TYPE": "node", "OSM_ID": 7196762585 }, "geometry": { "type": "Point", "coordinates": [ 23.3735517, 42.6611202 ] } },
{ "type": "Feature", "properties": { "NAME": "Виера Кулинария", "NAME_EN": null, "AMENITY": "fast_food", "SHOP": null, "OSM_TYPE": "node", "OSM_ID": 7207738487 }, "geometry": { "type": "Point", "coordinates": [ 23.2430324, 42.7205565 ] } },
{ "type": "Feature", "properties": { "NAME": "Сръбска скара", "NAME_EN": null, "AMENITY": "restaurant", "SHOP": null, "OSM_TYPE": "node", "OSM_ID": 7213622252 }, "geometry": { "type": "Point", "coordinates": [ 23.2441762, 42.7202332 ] } },
{ "type": "Feature", "properties": { "NAME": "Annapurna", "NAME_EN": "Annapurna", "AMENITY": "restaurant", "SHOP": null, "OSM_TYPE": "node", "OSM_ID": 7223294485 }, "geometry": { "type": "Point", "coordinates": [ 23.3234233, 42.6872829 ] } },
{ "type": "Feature", "properties": { "NAME": "Jazz Bar", "NAME_EN": null, "AMENITY": "bar", "SHOP": null, "OSM_TYPE": "node", "OSM_ID": 7231361080 }, "geometry": { "type": "Point", "coordinates": [ 23.3288369, 42.7028123 ] } },
{ "type": "Feature", "properties": { "NAME": null, "NAME_EN": null, "AMENITY": "fast_food", "SHOP": null, "OSM_TYPE": "node", "OSM_ID": 7232173948 }, "geometry": { "type": "Point", "coordinates": [ 23.2476591, 42.7181508 ] } },
{ "type": "Feature", "properties": { "NAME": "Скара Поли", "NAME_EN": null, "AMENITY": "fast_food", "SHOP": null, "OSM_TYPE": "node", "OSM_ID": 7232173949 }, "geometry": { "type": "Point", "coordinates": [ 23.2475886, 42.7181833 ] } },
{ "type": "Feature", "properties": { "NAME": "GABA", "NAME_EN": null, "AMENITY": "bar", "SHOP": null, "OSM_TYPE": "node", "OSM_ID": 7236425895 }, "geometry": { "type": "Point", "coordinates": [ 23.3248443, 42.687162 ] } },
{ "type": "Feature", "properties": { "NAME": null, "NAME_EN": null, "AMENITY": "restaurant", "SHOP": null, "OSM_TYPE": "node", "OSM_ID": 7238148467 }, "geometry": { "type": "Point", "coordinates": [ 23.2522282, 42.719915 ] } },
{ "type": "Feature", "properties": { "NAME": null, "NAME_EN": null, "AMENITY": "cafe", "SHOP": null, "OSM_TYPE": "node", "OSM_ID": 7238968196 }, "geometry": { "type": "Point", "coordinates": [ 23.2666255, 42.6464308 ] } },
{ "type": "Feature", "properties": { "NAME": null, "NAME_EN": null, "AMENITY": "cafe", "SHOP": null, "OSM_TYPE": "node", "OSM_ID": 7243597647 }, "geometry": { "type": "Point", "coordinates": [ 23.2509776, 42.7181695 ] } },
{ "type": "Feature", "properties": { "NAME": "Дилвале", "NAME_EN": null, "AMENITY": "restaurant", "SHOP": null, "OSM_TYPE": "node", "OSM_ID": 7245724149 }, "geometry": { "type": "Point", "coordinates": [ 23.3131384, 42.7008918 ] } },
{ "type": "Feature", "properties": { "NAME": "Сръбска скара", "NAME_EN": null, "AMENITY": "fast_food", "SHOP": null, "OSM_TYPE": "node", "OSM_ID": 7252292075 }, "geometry": { "type": "Point", "coordinates": [ 23.2525061, 42.717665 ] } },
{ "type": "Feature", "properties": { "NAME": "Maestro", "NAME_EN": null, "AMENITY": "bar", "SHOP": null, "OSM_TYPE": "node", "OSM_ID": 7252555018 }, "geometry": { "type": "Point", "coordinates": [ 23.3302241, 42.6975815 ] } },
{ "type": "Feature", "properties": { "NAME": "Палачинките", "NAME_EN": null, "AMENITY": "fast_food", "SHOP": null, "OSM_TYPE": "node", "OSM_ID": 7255859718 }, "geometry": { "type": "Point", "coordinates": [ 23.2502118, 42.7166438 ] } },
{ "type": "Feature", "properties": { "NAME": "efbet sports bar", "NAME_EN": null, "AMENITY": "bar", "SHOP": null, "OSM_TYPE": "node", "OSM_ID": 7255859817 }, "geometry": { "type": "Point", "coordinates": [ 23.2521786, 42.7174488 ] } },
{ "type": "Feature", "properties": { "NAME": "Oops!!", "NAME_EN": null, "AMENITY": "fast_food", "SHOP": null, "OSM_TYPE": "node", "OSM_ID": 7260054908 }, "geometry": { "type": "Point", "coordinates": [ 23.2499105, 42.7167367 ] } },
{ "type": "Feature", "properties": { "NAME": null, "NAME_EN": null, "AMENITY": "restaurant", "SHOP": null, "OSM_TYPE": "node", "OSM_ID": 7276841943 }, "geometry": { "type": "Point", "coordinates": [ 23.3117732, 42.72678 ] } },
{ "type": "Feature", "properties": { "NAME": "Hugo bar & dinner", "NAME_EN": null, "AMENITY": "restaurant", "SHOP": null, "OSM_TYPE": "node", "OSM_ID": 7277176604 }, "geometry": { "type": "Point", "coordinates": [ 23.3128327, 42.7305817 ] } },
{ "type": "Feature", "properties": { "NAME": null, "NAME_EN": null, "AMENITY": "fast_food", "SHOP": null, "OSM_TYPE": "node", "OSM_ID": 7281739116 }, "geometry": { "type": "Point", "coordinates": [ 23.2934611, 42.7355342 ] } },
{ "type": "Feature", "properties": { "NAME": "Fusion Cake", "NAME_EN": null, "AMENITY": "cafe", "SHOP": null, "OSM_TYPE": "node", "OSM_ID": 7283322394 }, "geometry": { "type": "Point", "coordinates": [ 23.2931118, 42.7358311 ] } },
{ "type": "Feature", "properties": { "NAME": "Палачинки", "NAME_EN": null, "AMENITY": "fast_food", "SHOP": null, "OSM_TYPE": "node", "OSM_ID": 7283322591 }, "geometry": { "type": "Point", "coordinates": [ 23.2935354, 42.73557 ] } },
{ "type": "Feature", "properties": { "NAME": "При Пупи", "NAME_EN": null, "AMENITY": "restaurant", "SHOP": null, "OSM_TYPE": "node", "OSM_ID": 7286407632 }, "geometry": { "type": "Point", "coordinates": [ 23.2869333, 42.7321628 ] } },
{ "type": "Feature", "properties": { "NAME": null, "NAME_EN": null, "AMENITY": "fast_food", "SHOP": null, "OSM_TYPE": "node", "OSM_ID": 7305225486 }, "geometry": { "type": "Point", "coordinates": [ 23.24621, 42.7184779 ] } },
{ "type": "Feature", "properties": { "NAME": "Златна Вечер", "NAME_EN": null, "AMENITY": "restaurant", "SHOP": null, "OSM_TYPE": "node", "OSM_ID": 7342957536 }, "geometry": { "type": "Point", "coordinates": [ 23.3046976, 42.7053918 ] } },
{ "type": "Feature", "properties": { "NAME": "Наш'то място", "NAME_EN": null, "AMENITY": "restaurant", "SHOP": null, "OSM_TYPE": "node", "OSM_ID": 7342957544 }, "geometry": { "type": "Point", "coordinates": [ 23.3076159, 42.7008974 ] } },
{ "type": "Feature", "properties": { "NAME": "Механа Македонска среща", "NAME_EN": "Makedonska Sreshta Tavern", "AMENITY": "restaurant", "SHOP": null, "OSM_TYPE": "node", "OSM_ID": 7342957547 }, "geometry": { "type": "Point", "coordinates": [ 23.3073277, 42.6962303 ] } },
{ "type": "Feature", "properties": { "NAME": "Масис", "NAME_EN": null, "AMENITY": "fast_food", "SHOP": null, "OSM_TYPE": "node", "OSM_ID": 7347709065 }, "geometry": { "type": "Point", "coordinates": [ 23.2504901, 42.7161319 ] } },
{ "type": "Feature", "properties": { "NAME": "Щастливеца", "NAME_EN": "Shtastliveca", "AMENITY": "restaurant", "SHOP": null, "OSM_TYPE": "node", "OSM_ID": 7392334238 }, "geometry": { "type": "Point", "coordinates": [ 23.3379173, 42.6917672 ] } },
{ "type": "Feature", "properties": { "NAME": "Приятели", "NAME_EN": null, "AMENITY": "restaurant", "SHOP": null, "OSM_TYPE": "node", "OSM_ID": 7399254897 }, "geometry": { "type": "Point", "coordinates": [ 23.5281395, 42.5166729 ] } },
{ "type": "Feature", "properties": { "NAME": null, "NAME_EN": null, "AMENITY": "cafe", "SHOP": null, "OSM_TYPE": "node", "OSM_ID": 7399745146 }, "geometry": { "type": "Point", "coordinates": [ 23.2384685, 42.7178084 ] } },
{ "type": "Feature", "properties": { "NAME": "Скара Цар Месар", "NAME_EN": null, "AMENITY": "fast_food", "SHOP": null, "OSM_TYPE": "node", "OSM_ID": 7417179477 }, "geometry": { "type": "Point", "coordinates": [ 23.297473, 42.7309609 ] } },
{ "type": "Feature", "properties": { "NAME": null, "NAME_EN": null, "AMENITY": "fast_food", "SHOP": null, "OSM_TYPE": "node", "OSM_ID": 7417179478 }, "geometry": { "type": "Point", "coordinates": [ 23.2980022, 42.7309099 ] } },
{ "type": "Feature", "properties": { "NAME": "la mia famiglia", "NAME_EN": null, "AMENITY": "restaurant", "SHOP": null, "OSM_TYPE": "node", "OSM_ID": 7453554457 }, "geometry": { "type": "Point", "coordinates": [ 23.2996649, 42.7121038 ] } },
{ "type": "Feature", "properties": { "NAME": null, "NAME_EN": null, "AMENITY": "restaurant", "SHOP": null, "OSM_TYPE": "node", "OSM_ID": 7453554468 }, "geometry": { "type": "Point", "coordinates": [ 23.2999718, 42.7121668 ] } },
{ "type": "Feature", "properties": { "NAME": "Смолита", "NAME_EN": null, "AMENITY": "restaurant", "SHOP": null, "OSM_TYPE": "node", "OSM_ID": 7453554469 }, "geometry": { "type": "Point", "coordinates": [ 23.2985666, 42.7140987 ] } },
{ "type": "Feature", "properties": { "NAME": null, "NAME_EN": null, "AMENITY": "fast_food", "SHOP": null, "OSM_TYPE": "node", "OSM_ID": 7453554472 }, "geometry": { "type": "Point", "coordinates": [ 23.3002418, 42.7120184 ] } },
{ "type": "Feature", "properties": { "NAME": null, "NAME_EN": null, "AMENITY": "restaurant", "SHOP": null, "OSM_TYPE": "node", "OSM_ID": 7453566997 }, "geometry": { "type": "Point", "coordinates": [ 23.2988748, 42.713666 ] } },
{ "type": "Feature", "properties": { "NAME": "Food Mood", "NAME_EN": null, "AMENITY": "restaurant", "SHOP": null, "OSM_TYPE": "node", "OSM_ID": 7501665619 }, "geometry": { "type": "Point", "coordinates": [ 23.3704595, 42.622487 ] } },
{ "type": "Feature", "properties": { "NAME": "Камен дел", "NAME_EN": null, "AMENITY": "restaurant", "SHOP": null, "OSM_TYPE": "node", "OSM_ID": 7517539068 }, "geometry": { "type": "Point", "coordinates": [ 23.265892, 42.6249142 ] } },
{ "type": "Feature", "properties": { "NAME": "Alea", "NAME_EN": null, "AMENITY": "restaurant", "SHOP": null, "OSM_TYPE": "node", "OSM_ID": 7522384314 }, "geometry": { "type": "Point", "coordinates": [ 23.2703371, 42.7149481 ] } },
{ "type": "Feature", "properties": { "NAME": "Балканска скара Grill House", "NAME_EN": null, "AMENITY": "fast_food", "SHOP": null, "OSM_TYPE": "node", "OSM_ID": 7533554874 }, "geometry": { "type": "Point", "coordinates": [ 23.3121479, 42.6980177 ] } },
{ "type": "Feature", "properties": { "NAME": "Китай", "NAME_EN": null, "AMENITY": "restaurant", "SHOP": null, "OSM_TYPE": "node", "OSM_ID": 7533554879 }, "geometry": { "type": "Point", "coordinates": [ 23.3143881, 42.6972784 ] } },
{ "type": "Feature", "properties": { "NAME": "Chingu", "NAME_EN": null, "AMENITY": "restaurant", "SHOP": null, "OSM_TYPE": "node", "OSM_ID": 7570529956 }, "geometry": { "type": "Point", "coordinates": [ 23.3182889, 42.7113638 ] } },
{ "type": "Feature", "properties": { "NAME": "Hi Life", "NAME_EN": null, "AMENITY": "restaurant", "SHOP": null, "OSM_TYPE": "node", "OSM_ID": 7599918085 }, "geometry": { "type": "Point", "coordinates": [ 23.3416706, 42.7993158 ] } },
{ "type": "Feature", "properties": { "NAME": "Lavené", "NAME_EN": null, "AMENITY": "cafe", "SHOP": null, "OSM_TYPE": "node", "OSM_ID": 7612923893 }, "geometry": { "type": "Point", "coordinates": [ 23.3271964, 42.6711832 ] } },
{ "type": "Feature", "properties": { "NAME": "Марайа Класик", "NAME_EN": null, "AMENITY": "restaurant", "SHOP": null, "OSM_TYPE": "node", "OSM_ID": 7622922018 }, "geometry": { "type": "Point", "coordinates": [ 23.3298688, 42.6855369 ] } },
{ "type": "Feature", "properties": { "NAME": null, "NAME_EN": null, "AMENITY": "restaurant", "SHOP": null, "OSM_TYPE": "node", "OSM_ID": 7623957233 }, "geometry": { "type": "Point", "coordinates": [ 23.3988251, 42.6541415 ] } },
{ "type": "Feature", "properties": { "NAME": "Нектар", "NAME_EN": null, "AMENITY": "cafe", "SHOP": null, "OSM_TYPE": "node", "OSM_ID": 7625928479 }, "geometry": { "type": "Point", "coordinates": [ 23.3330992, 42.6723665 ] } },
{ "type": "Feature", "properties": { "NAME": "Grab&Go", "NAME_EN": null, "AMENITY": "fast_food", "SHOP": null, "OSM_TYPE": "node", "OSM_ID": 7631723627 }, "geometry": { "type": "Point", "coordinates": [ 23.330597, 42.6841177 ] } },
{ "type": "Feature", "properties": { "NAME": "Everydaybar", "NAME_EN": null, "AMENITY": "cafe", "SHOP": null, "OSM_TYPE": "node", "OSM_ID": 7636574619 }, "geometry": { "type": "Point", "coordinates": [ 23.3302993, 42.6854501 ] } },
{ "type": "Feature", "properties": { "NAME": "Contour", "NAME_EN": null, "AMENITY": "restaurant", "SHOP": null, "OSM_TYPE": "node", "OSM_ID": 7637567477 }, "geometry": { "type": "Point", "coordinates": [ 23.3362368, 42.7015128 ] } },
{ "type": "Feature", "properties": { "NAME": "Юн", "NAME_EN": "Yun", "AMENITY": "restaurant", "SHOP": null, "OSM_TYPE": "node", "OSM_ID": 7649102952 }, "geometry": { "type": "Point", "coordinates": [ 23.343909, 42.6686448 ] } },
{ "type": "Feature", "properties": { "NAME": "Небче", "NAME_EN": null, "AMENITY": "fast_food", "SHOP": null, "OSM_TYPE": "node", "OSM_ID": 7663483538 }, "geometry": { "type": "Point", "coordinates": [ 23.3213334, 42.6708559 ] } },
{ "type": "Feature", "properties": { "NAME": "Орлово гнездо", "NAME_EN": null, "AMENITY": "cafe", "SHOP": null, "OSM_TYPE": "node", "OSM_ID": 7663483540 }, "geometry": { "type": "Point", "coordinates": [ 23.3217519, 42.67071 ] } },
{ "type": "Feature", "properties": { "NAME": "Старецът и Морето", "NAME_EN": null, "AMENITY": "restaurant", "SHOP": null, "OSM_TYPE": "node", "OSM_ID": 7673295287 }, "geometry": { "type": "Point", "coordinates": [ 23.4062096, 42.6058247 ] } },
{ "type": "Feature", "properties": { "NAME": null, "NAME_EN": null, "AMENITY": "fast_food", "SHOP": null, "OSM_TYPE": "node", "OSM_ID": 7681280703 }, "geometry": { "type": "Point", "coordinates": [ 23.3062361, 42.6859004 ] } },
{ "type": "Feature", "properties": { "NAME": "Ali Baba", "NAME_EN": null, "AMENITY": "fast_food", "SHOP": null, "OSM_TYPE": "node", "OSM_ID": 7681280709 }, "geometry": { "type": "Point", "coordinates": [ 23.3072648, 42.6861802 ] } },
{ "type": "Feature", "properties": { "NAME": "Шопска баница", "NAME_EN": null, "AMENITY": "fast_food", "SHOP": null, "OSM_TYPE": "node", "OSM_ID": 7694855340 }, "geometry": { "type": "Point", "coordinates": [ 23.3336072, 42.6759184 ] } },
{ "type": "Feature", "properties": { "NAME": "Yes", "NAME_EN": null, "AMENITY": "fast_food", "SHOP": null, "OSM_TYPE": "node", "OSM_ID": 7694855341 }, "geometry": { "type": "Point", "coordinates": [ 23.333615, 42.6758456 ] } },
{ "type": "Feature", "properties": { "NAME": null, "NAME_EN": null, "AMENITY": "food_court", "SHOP": null, "OSM_TYPE": "node", "OSM_ID": 7731447962 }, "geometry": { "type": "Point", "coordinates": [ 23.3040401, 42.7901255 ] } },
{ "type": "Feature", "properties": { "NAME": null, "NAME_EN": null, "AMENITY": "food_court", "SHOP": null, "OSM_TYPE": "node", "OSM_ID": 7731575348 }, "geometry": { "type": "Point", "coordinates": [ 23.3081987, 42.79415 ] } },
{ "type": "Feature", "properties": { "NAME": null, "NAME_EN": null, "AMENITY": "food_court", "SHOP": null, "OSM_TYPE": "node", "OSM_ID": 7731576862 }, "geometry": { "type": "Point", "coordinates": [ 23.2296235, 42.69585 ] } },
{ "type": "Feature", "properties": { "NAME": null, "NAME_EN": null, "AMENITY": "restaurant", "SHOP": null, "OSM_TYPE": "node", "OSM_ID": 7759152684 }, "geometry": { "type": "Point", "coordinates": [ 23.3296102, 42.7434153 ] } },
{ "type": "Feature", "properties": { "NAME": "Бистро Мидо", "NAME_EN": null, "AMENITY": "restaurant", "SHOP": null, "OSM_TYPE": "node", "OSM_ID": 7759173686 }, "geometry": { "type": "Point", "coordinates": [ 23.4655071, 42.6813097 ] } },
{ "type": "Feature", "properties": { "NAME": "Сарай", "NAME_EN": "Saray", "AMENITY": "restaurant", "SHOP": null, "OSM_TYPE": "node", "OSM_ID": 7760742585 }, "geometry": { "type": "Point", "coordinates": [ 23.4047879, 42.6499913 ] } },
{ "type": "Feature", "properties": { "NAME": "Ashurbanipal", "NAME_EN": null, "AMENITY": "restaurant", "SHOP": null, "OSM_TYPE": "node", "OSM_ID": 7781852599 }, "geometry": { "type": "Point", "coordinates": [ 23.3206562, 42.7023141 ] } },
{ "type": "Feature", "properties": { "NAME": "Roma Bene", "NAME_EN": null, "AMENITY": "restaurant", "SHOP": null, "OSM_TYPE": "node", "OSM_ID": 7801985740 }, "geometry": { "type": "Point", "coordinates": [ 23.3281943, 42.6675257 ] } },
{ "type": "Feature", "properties": { "NAME": "Ористе", "NAME_EN": "Oriste", "AMENITY": "restaurant", "SHOP": null, "OSM_TYPE": "node", "OSM_ID": 7834329286 }, "geometry": { "type": "Point", "coordinates": [ 23.3055093, 42.6765414 ] } },
{ "type": "Feature", "properties": { "NAME": "Параклиса", "NAME_EN": null, "AMENITY": "restaurant", "SHOP": null, "OSM_TYPE": "node", "OSM_ID": 7881050977 }, "geometry": { "type": "Point", "coordinates": [ 23.3657848, 42.5361104 ] } },
{ "type": "Feature", "properties": { "NAME": "Римска стена", "NAME_EN": null, "AMENITY": "restaurant", "SHOP": null, "OSM_TYPE": "node", "OSM_ID": 7908466877 }, "geometry": { "type": "Point", "coordinates": [ 23.3299274, 42.6840053 ] } },
{ "type": "Feature", "properties": { "NAME": "Lozenets waffle company", "NAME_EN": null, "AMENITY": "cafe", "SHOP": null, "OSM_TYPE": "node", "OSM_ID": 7953810767 }, "geometry": { "type": "Point", "coordinates": [ 23.3181421, 42.6750436 ] } },
{ "type": "Feature", "properties": { "NAME": "Starbucks", "NAME_EN": null, "AMENITY": "cafe", "SHOP": null, "OSM_TYPE": "node", "OSM_ID": 7967872600 }, "geometry": { "type": "Point", "coordinates": [ 23.2883207, 42.6645531 ] } },
{ "type": "Feature", "properties": { "NAME": "Илкаго", "NAME_EN": null, "AMENITY": "fast_food", "SHOP": null, "OSM_TYPE": "node", "OSM_ID": 7972902907 }, "geometry": { "type": "Point", "coordinates": [ 23.2898687, 42.6563137 ] } },
{ "type": "Feature", "properties": { "NAME": "Attitude food & wine", "NAME_EN": null, "AMENITY": "restaurant", "SHOP": null, "OSM_TYPE": "node", "OSM_ID": 7972913733 }, "geometry": { "type": "Point", "coordinates": [ 23.3024071, 42.6988305 ] } },
{ "type": "Feature", "properties": { "NAME": "Пицария Ралица", "NAME_EN": null, "AMENITY": "restaurant", "SHOP": null, "OSM_TYPE": "node", "OSM_ID": 7996460594 }, "geometry": { "type": "Point", "coordinates": [ 23.2926547, 42.7115329 ] } },
{ "type": "Feature", "properties": { "NAME": "Скай Лайн бар и динер", "NAME_EN": "SkyLine Bar & Diner", "AMENITY": "restaurant", "SHOP": null, "OSM_TYPE": "node", "OSM_ID": 7996480442 }, "geometry": { "type": "Point", "coordinates": [ 23.2960943, 42.7093451 ] } },
{ "type": "Feature", "properties": { "NAME": "Шами", "NAME_EN": null, "AMENITY": "fast_food", "SHOP": null, "OSM_TYPE": "node", "OSM_ID": 8033275614 }, "geometry": { "type": "Point", "coordinates": [ 23.3611031, 42.6787807 ] } },
{ "type": "Feature", "properties": { "NAME": "The Scene", "NAME_EN": null, "AMENITY": "bar", "SHOP": null, "OSM_TYPE": "node", "OSM_ID": 8042003244 }, "geometry": { "type": "Point", "coordinates": [ 23.3362316, 42.6964643 ] } },
{ "type": "Feature", "properties": { "NAME": "The Revolutionary", "NAME_EN": null, "AMENITY": "restaurant", "SHOP": null, "OSM_TYPE": "node", "OSM_ID": 8042003245 }, "geometry": { "type": "Point", "coordinates": [ 23.3357951, 42.6964825 ] } },
{ "type": "Feature", "properties": { "NAME": "Brunchbox", "NAME_EN": null, "AMENITY": "fast_food", "SHOP": null, "OSM_TYPE": "node", "OSM_ID": 8043916090 }, "geometry": { "type": "Point", "coordinates": [ 23.3188942, 42.6655845 ] } },
{ "type": "Feature", "properties": { "NAME": null, "NAME_EN": null, "AMENITY": "cafe", "SHOP": null, "OSM_TYPE": "node", "OSM_ID": 8043936079 }, "geometry": { "type": "Point", "coordinates": [ 23.2957296, 42.6909311 ] } },
{ "type": "Feature", "properties": { "NAME": "Наше село", "NAME_EN": null, "AMENITY": "restaurant", "SHOP": null, "OSM_TYPE": "node", "OSM_ID": 8045113501 }, "geometry": { "type": "Point", "coordinates": [ 23.3020106, 42.6834749 ] } },
{ "type": "Feature", "properties": { "NAME": "Българска кухня", "NAME_EN": null, "AMENITY": "restaurant", "SHOP": null, "OSM_TYPE": "node", "OSM_ID": 8063301240 }, "geometry": { "type": "Point", "coordinates": [ 23.4043608, 42.6514245 ] } },
{ "type": "Feature", "properties": { "NAME": "Фу Ли гун", "NAME_EN": null, "AMENITY": "restaurant", "SHOP": null, "OSM_TYPE": "node", "OSM_ID": 8065101519 }, "geometry": { "type": "Point", "coordinates": [ 23.2913351, 42.6765523 ] } },
{ "type": "Feature", "properties": { "NAME": null, "NAME_EN": null, "AMENITY": "cafe", "SHOP": null, "OSM_TYPE": "node", "OSM_ID": 8065141032 }, "geometry": { "type": "Point", "coordinates": [ 23.2923618, 42.6766864 ] } },
{ "type": "Feature", "properties": { "NAME": "Prime grill", "NAME_EN": null, "AMENITY": "fast_food", "SHOP": null, "OSM_TYPE": "node", "OSM_ID": 8074813056 }, "geometry": { "type": "Point", "coordinates": [ 23.3177623, 42.6627579 ] } },
{ "type": "Feature", "properties": { "NAME": "Ribs & sticks", "NAME_EN": null, "AMENITY": "restaurant", "SHOP": null, "OSM_TYPE": "node", "OSM_ID": 8074813064 }, "geometry": { "type": "Point", "coordinates": [ 23.3174973, 42.6621721 ] } },
{ "type": "Feature", "properties": { "NAME": "Coffee in Bar and Diner", "NAME_EN": null, "AMENITY": "bar", "SHOP": null, "OSM_TYPE": "node", "OSM_ID": 8094052733 }, "geometry": { "type": "Point", "coordinates": [ 23.2927577, 42.7250843 ] } },
{ "type": "Feature", "properties": { "NAME": "Син юн гъ", "NAME_EN": null, "AMENITY": "restaurant", "SHOP": null, "OSM_TYPE": "node", "OSM_ID": 8094989974 }, "geometry": { "type": "Point", "coordinates": [ 23.3664756, 42.7044698 ] } },
{ "type": "Feature", "properties": { "NAME": "Happy Bar & Grill", "NAME_EN": null, "AMENITY": "restaurant", "SHOP": null, "OSM_TYPE": "node", "OSM_ID": 8108378598 }, "geometry": { "type": "Point", "coordinates": [ 23.1431888, 42.7072928 ] } },
{ "type": "Feature", "properties": { "NAME": null, "NAME_EN": null, "AMENITY": "bar", "SHOP": null, "OSM_TYPE": "node", "OSM_ID": 8109610062 }, "geometry": { "type": "Point", "coordinates": [ 23.3413684, 42.8002958 ] } },
{ "type": "Feature", "properties": { "NAME": "fresha", "NAME_EN": null, "AMENITY": "cafe", "SHOP": null, "OSM_TYPE": "node", "OSM_ID": 8118791503 }, "geometry": { "type": "Point", "coordinates": [ 23.3093061, 42.6750579 ] } },
{ "type": "Feature", "properties": { "NAME": "Ciccione", "NAME_EN": null, "AMENITY": "fast_food", "SHOP": null, "OSM_TYPE": "node", "OSM_ID": 8118791505 }, "geometry": { "type": "Point", "coordinates": [ 23.3093095, 42.6747961 ] } },
{ "type": "Feature", "properties": { "NAME": "Graphit Bar & Lounge", "NAME_EN": null, "AMENITY": "bar", "SHOP": null, "OSM_TYPE": "node", "OSM_ID": 8120246960 }, "geometry": { "type": "Point", "coordinates": [ 23.5626982, 42.7605984 ] } },
{ "type": "Feature", "properties": { "NAME": "Санта Мария", "NAME_EN": "Santa Maria", "AMENITY": "cafe", "SHOP": null, "OSM_TYPE": "node", "OSM_ID": 8151073919 }, "geometry": { "type": "Point", "coordinates": [ 23.3105907, 42.6947817 ] } },
{ "type": "Feature", "properties": { "NAME": "Impact Bar", "NAME_EN": null, "AMENITY": "bar", "SHOP": null, "OSM_TYPE": "node", "OSM_ID": 8155039579 }, "geometry": { "type": "Point", "coordinates": [ 23.3491005, 42.6719164 ] } },
{ "type": "Feature", "properties": { "NAME": "Florans", "NAME_EN": null, "AMENITY": "restaurant", "SHOP": null, "OSM_TYPE": "node", "OSM_ID": 8158830710 }, "geometry": { "type": "Point", "coordinates": [ 23.2730093, 42.7113914 ] } },
{ "type": "Feature", "properties": { "NAME": "Yamas", "NAME_EN": null, "AMENITY": "restaurant", "SHOP": null, "OSM_TYPE": "node", "OSM_ID": 8171412291 }, "geometry": { "type": "Point", "coordinates": [ 23.3432904, 42.6576336 ] } },
{ "type": "Feature", "properties": { "NAME": "Bar-Grill Fredi", "NAME_EN": "Bar-Grill Fredi", "AMENITY": "restaurant", "SHOP": null, "OSM_TYPE": "node", "OSM_ID": 8205709189 }, "geometry": { "type": "Point", "coordinates": [ 23.3580182, 42.6752255 ] } },
{ "type": "Feature", "properties": { "NAME": "Happy panda", "NAME_EN": null, "AMENITY": "fast_food", "SHOP": null, "OSM_TYPE": "node", "OSM_ID": 8209130413 }, "geometry": { "type": "Point", "coordinates": [ 23.3304406, 42.6850171 ] } },
{ "type": "Feature", "properties": { "NAME": "Beyazade", "NAME_EN": null, "AMENITY": "cafe", "SHOP": null, "OSM_TYPE": "node", "OSM_ID": 8210132714 }, "geometry": { "type": "Point", "coordinates": [ 23.3288437, 42.6702556 ] } },
{ "type": "Feature", "properties": { "NAME": "Coco", "NAME_EN": null, "AMENITY": "cafe", "SHOP": null, "OSM_TYPE": "node", "OSM_ID": 8213395320 }, "geometry": { "type": "Point", "coordinates": [ 23.3311859, 42.6706608 ] } },
{ "type": "Feature", "properties": { "NAME": "Deli venue", "NAME_EN": null, "AMENITY": "cafe", "SHOP": null, "OSM_TYPE": "node", "OSM_ID": 8213395384 }, "geometry": { "type": "Point", "coordinates": [ 23.3283305, 42.6738572 ] } },
{ "type": "Feature", "properties": { "NAME": null, "NAME_EN": null, "AMENITY": "cafe", "SHOP": null, "OSM_TYPE": "node", "OSM_ID": 8214099254 }, "geometry": { "type": "Point", "coordinates": [ 23.3236411, 42.6704021 ] } },
{ "type": "Feature", "properties": { "NAME": "Burger Boutique", "NAME_EN": null, "AMENITY": "fast_food", "SHOP": null, "OSM_TYPE": "node", "OSM_ID": 8219146121 }, "geometry": { "type": "Point", "coordinates": [ 23.3327301, 42.6705564 ] } },
{ "type": "Feature", "properties": { "NAME": "Тирол-Т", "NAME_EN": null, "AMENITY": "restaurant", "SHOP": null, "OSM_TYPE": "node", "OSM_ID": 8228250302 }, "geometry": { "type": "Point", "coordinates": [ 23.3157083, 42.6702571 ] } },
{ "type": "Feature", "properties": { "NAME": "Fresco kitchen", "NAME_EN": null, "AMENITY": "fast_food", "SHOP": null, "OSM_TYPE": "node", "OSM_ID": 8230776236 }, "geometry": { "type": "Point", "coordinates": [ 23.3337755, 42.6730931 ] } },
{ "type": "Feature", "properties": { "NAME": "Santé", "NAME_EN": null, "AMENITY": "restaurant", "SHOP": null, "OSM_TYPE": "node", "OSM_ID": 8230776237 }, "geometry": { "type": "Point", "coordinates": [ 23.3333499, 42.6742913 ] } },
{ "type": "Feature", "properties": { "NAME": "Мусака bar", "NAME_EN": null, "AMENITY": "restaurant", "SHOP": null, "OSM_TYPE": "node", "OSM_ID": 8248093007 }, "geometry": { "type": "Point", "coordinates": [ 23.3529636, 42.6708765 ] } },
{ "type": "Feature", "properties": { "NAME": "Механа Орехчето", "NAME_EN": null, "AMENITY": "restaurant", "SHOP": null, "OSM_TYPE": "node", "OSM_ID": 8264546028 }, "geometry": { "type": "Point", "coordinates": [ 23.2910789, 42.6764523 ] } },
{ "type": "Feature", "properties": { "NAME": "Окото", "NAME_EN": null, "AMENITY": "restaurant", "SHOP": null, "OSM_TYPE": "node", "OSM_ID": 8267935617 }, "geometry": { "type": "Point", "coordinates": [ 23.4089572, 42.633428 ] } },
{ "type": "Feature", "properties": { "NAME": null, "NAME_EN": null, "AMENITY": "cafe", "SHOP": null, "OSM_TYPE": "node", "OSM_ID": 8272229144 }, "geometry": { "type": "Point", "coordinates": [ 23.3133088, 42.6749934 ] } },
{ "type": "Feature", "properties": { "NAME": null, "NAME_EN": null, "AMENITY": "fast_food", "SHOP": null, "OSM_TYPE": "node", "OSM_ID": 8274870962 }, "geometry": { "type": "Point", "coordinates": [ 23.3728655, 42.6527369 ] } },
{ "type": "Feature", "properties": { "NAME": "Caffe Panini", "NAME_EN": null, "AMENITY": "cafe", "SHOP": null, "OSM_TYPE": "node", "OSM_ID": 8292997175 }, "geometry": { "type": "Point", "coordinates": [ 23.3333001, 42.6745055 ] } },
{ "type": "Feature", "properties": { "NAME": "От закуска до вечеря", "NAME_EN": null, "AMENITY": "fast_food", "SHOP": null, "OSM_TYPE": "node", "OSM_ID": 8292997182 }, "geometry": { "type": "Point", "coordinates": [ 23.3298865, 42.6750828 ] } },
{ "type": "Feature", "properties": { "NAME": "Наслада", "NAME_EN": null, "AMENITY": "fast_food", "SHOP": null, "OSM_TYPE": "node", "OSM_ID": 8302404120 }, "geometry": { "type": "Point", "coordinates": [ 23.3296085, 42.6755531 ] } },
{ "type": "Feature", "properties": { "NAME": null, "NAME_EN": null, "AMENITY": "cafe", "SHOP": null, "OSM_TYPE": "node", "OSM_ID": 8309139000 }, "geometry": { "type": "Point", "coordinates": [ 23.3341992, 42.6725032 ] } },
{ "type": "Feature", "properties": { "NAME": "Брод", "NAME_EN": "Brod", "AMENITY": "restaurant", "SHOP": null, "OSM_TYPE": "node", "OSM_ID": 8321522118 }, "geometry": { "type": "Point", "coordinates": [ 23.2953011, 42.6768107 ] } },
{ "type": "Feature", "properties": { "NAME": "Soul Terrain", "NAME_EN": null, "AMENITY": "restaurant", "SHOP": null, "OSM_TYPE": "node", "OSM_ID": 8338888465 }, "geometry": { "type": "Point", "coordinates": [ 23.330744, 42.6851676 ] } },
{ "type": "Feature", "properties": { "NAME": "Бакалия Вересия", "NAME_EN": null, "AMENITY": "fast_food", "SHOP": null, "OSM_TYPE": "node", "OSM_ID": 8367238304 }, "geometry": { "type": "Point", "coordinates": [ 23.3172142, 42.6646272 ] } },
{ "type": "Feature", "properties": { "NAME": null, "NAME_EN": null, "AMENITY": "restaurant", "SHOP": null, "OSM_TYPE": "node", "OSM_ID": 8400832446 }, "geometry": { "type": "Point", "coordinates": [ 23.2384202, 42.714073 ] } },
{ "type": "Feature", "properties": { "NAME": "Механа \"Старата круша\"", "NAME_EN": "Mehana \"Starata Krusha\"", "AMENITY": "restaurant", "SHOP": null, "OSM_TYPE": "node", "OSM_ID": 8483345166 }, "geometry": { "type": "Point", "coordinates": [ 23.2587353, 42.6496067 ] } },
{ "type": "Feature", "properties": { "NAME": "Хитрата лисица", "NAME_EN": null, "AMENITY": "restaurant", "SHOP": null, "OSM_TYPE": "node", "OSM_ID": 8543665481 }, "geometry": { "type": "Point", "coordinates": [ 23.3244669, 42.6764814 ] } },
{ "type": "Feature", "properties": { "NAME": "Pizza Box", "NAME_EN": null, "AMENITY": "fast_food", "SHOP": null, "OSM_TYPE": "node", "OSM_ID": 8548071802 }, "geometry": { "type": "Point", "coordinates": [ 23.3268912, 42.6839016 ] } },
{ "type": "Feature", "properties": { "NAME": null, "NAME_EN": null, "AMENITY": "fast_food", "SHOP": null, "OSM_TYPE": "node", "OSM_ID": 8554092645 }, "geometry": { "type": "Point", "coordinates": [ 23.323493, 42.6783573 ] } },
{ "type": "Feature", "properties": { "NAME": null, "NAME_EN": null, "AMENITY": "fast_food", "SHOP": null, "OSM_TYPE": "node", "OSM_ID": 8557113650 }, "geometry": { "type": "Point", "coordinates": [ 23.3243877, 42.6795946 ] } },
{ "type": "Feature", "properties": { "NAME": "Лозата", "NAME_EN": null, "AMENITY": "restaurant", "SHOP": null, "OSM_TYPE": "node", "OSM_ID": 8557232733 }, "geometry": { "type": "Point", "coordinates": [ 23.3262487, 42.6774723 ] } },
{ "type": "Feature", "properties": { "NAME": "Рап и хляб", "NAME_EN": null, "AMENITY": "fast_food", "SHOP": null, "OSM_TYPE": "node", "OSM_ID": 8585855500 }, "geometry": { "type": "Point", "coordinates": [ 23.3537138, 42.6573615 ] } },
{ "type": "Feature", "properties": { "NAME": null, "NAME_EN": null, "AMENITY": "fast_food", "SHOP": null, "OSM_TYPE": "node", "OSM_ID": 8585855501 }, "geometry": { "type": "Point", "coordinates": [ 23.3537219, 42.6575303 ] } },
{ "type": "Feature", "properties": { "NAME": "Crunch & Ciao", "NAME_EN": null, "AMENITY": "fast_food", "SHOP": null, "OSM_TYPE": "node", "OSM_ID": 8585855504 }, "geometry": { "type": "Point", "coordinates": [ 23.35372, 42.6574906 ] } },
{ "type": "Feature", "properties": { "NAME": null, "NAME_EN": null, "AMENITY": "fast_food", "SHOP": null, "OSM_TYPE": "node", "OSM_ID": 8586051038 }, "geometry": { "type": "Point", "coordinates": [ 23.3551742, 42.6566873 ] } },
{ "type": "Feature", "properties": { "NAME": "Механа Дойранъ", "NAME_EN": null, "AMENITY": "restaurant", "SHOP": null, "OSM_TYPE": "node", "OSM_ID": 8591297718 }, "geometry": { "type": "Point", "coordinates": [ 23.2831193, 42.6716184 ] } },
{ "type": "Feature", "properties": { "NAME": "Fresh Lab", "NAME_EN": null, "AMENITY": "fast_food", "SHOP": null, "OSM_TYPE": "node", "OSM_ID": 8605196634 }, "geometry": { "type": "Point", "coordinates": [ 23.3008473, 42.6794332 ] } },
{ "type": "Feature", "properties": { "NAME": "Цуей Шан Гъ", "NAME_EN": null, "AMENITY": "restaurant", "SHOP": null, "OSM_TYPE": "node", "OSM_ID": 8614469196 }, "geometry": { "type": "Point", "coordinates": [ 23.2914568, 42.7320218 ] } },
{ "type": "Feature", "properties": { "NAME": "Pantastic", "NAME_EN": null, "AMENITY": "fast_food", "SHOP": null, "OSM_TYPE": "node", "OSM_ID": 8622242274 }, "geometry": { "type": "Point", "coordinates": [ 23.3617306, 42.6761243 ] } },
{ "type": "Feature", "properties": { "NAME": "Гаражъ", "NAME_EN": null, "AMENITY": "cafe", "SHOP": null, "OSM_TYPE": "node", "OSM_ID": 8662084586 }, "geometry": { "type": "Point", "coordinates": [ 23.3021404, 42.6728852 ] } },
{ "type": "Feature", "properties": { "NAME": null, "NAME_EN": null, "AMENITY": "restaurant", "SHOP": null, "OSM_TYPE": "node", "OSM_ID": 8745323690 }, "geometry": { "type": "Point", "coordinates": [ 23.3099806, 42.6523382 ] } },
{ "type": "Feature", "properties": { "NAME": "Costa", "NAME_EN": null, "AMENITY": "cafe", "SHOP": null, "OSM_TYPE": "node", "OSM_ID": 8765253417 }, "geometry": { "type": "Point", "coordinates": [ 23.320016, 42.6786828 ] } },
{ "type": "Feature", "properties": { "NAME": "HANAMI", "NAME_EN": "Hanami restaurant", "AMENITY": "restaurant", "SHOP": null, "OSM_TYPE": "node", "OSM_ID": 8769150613 }, "geometry": { "type": "Point", "coordinates": [ 23.4041564, 42.6580254 ] } },
{ "type": "Feature", "properties": { "NAME": "Бистро Невен", "NAME_EN": null, "AMENITY": "restaurant", "SHOP": null, "OSM_TYPE": "node", "OSM_ID": 8776394173 }, "geometry": { "type": "Point", "coordinates": [ 23.2410949, 42.6587279 ] } },
{ "type": "Feature", "properties": { "NAME": "GT Zone Bar", "NAME_EN": null, "AMENITY": "bar", "SHOP": null, "OSM_TYPE": "node", "OSM_ID": 8779556753 }, "geometry": { "type": "Point", "coordinates": [ 23.2533648, 42.7201161 ] } },
{ "type": "Feature", "properties": { "NAME": "Кривото", "NAME_EN": null, "AMENITY": "restaurant", "SHOP": null, "OSM_TYPE": "node", "OSM_ID": 8804284557 }, "geometry": { "type": "Point", "coordinates": [ 23.335856, 42.6928142 ] } },
{ "type": "Feature", "properties": { "NAME": "Pizza Lab", "NAME_EN": null, "AMENITY": "fast_food", "SHOP": "bakery", "OSM_TYPE": "node", "OSM_ID": 8806588618 }, "geometry": { "type": "Point", "coordinates": [ 23.314949, 42.6575884 ] } },
{ "type": "Feature", "properties": { "NAME": "Ручей", "NAME_EN": null, "AMENITY": "cafe", "SHOP": null, "OSM_TYPE": "node", "OSM_ID": 8810630118 }, "geometry": { "type": "Point", "coordinates": [ 23.300563, 42.6819198 ] } },
{ "type": "Feature", "properties": { "NAME": "Пицария \"Виа\"", "NAME_EN": null, "AMENITY": "fast_food", "SHOP": null, "OSM_TYPE": "node", "OSM_ID": 8814040125 }, "geometry": { "type": "Point", "coordinates": [ 23.303425, 42.6766928 ] } },
{ "type": "Feature", "properties": { "NAME": "Vkusno I evtino", "NAME_EN": null, "AMENITY": "restaurant", "SHOP": null, "OSM_TYPE": "node", "OSM_ID": 8814442372 }, "geometry": { "type": "Point", "coordinates": [ 23.2652314, 42.6599081 ] } },
{ "type": "Feature", "properties": { "NAME": "Кулинарно изкушение", "NAME_EN": null, "AMENITY": "fast_food", "SHOP": null, "OSM_TYPE": "node", "OSM_ID": 8828043820 }, "geometry": { "type": "Point", "coordinates": [ 23.3014306, 42.6801777 ] } },
{ "type": "Feature", "properties": { "NAME": "Арабията", "NAME_EN": "Arabiyata", "AMENITY": "fast_food", "SHOP": null, "OSM_TYPE": "node", "OSM_ID": 8833362581 }, "geometry": { "type": "Point", "coordinates": [ 23.3548872, 42.6651827 ] } },
{ "type": "Feature", "properties": { "NAME": "Яж Живей Обичай", "NAME_EN": null, "AMENITY": "fast_food", "SHOP": null, "OSM_TYPE": "node", "OSM_ID": 8906365516 }, "geometry": { "type": "Point", "coordinates": [ 23.3728334, 42.6524608 ] } },
{ "type": "Feature", "properties": { "NAME": null, "NAME_EN": null, "AMENITY": "cafe", "SHOP": null, "OSM_TYPE": "node", "OSM_ID": 8909316157 }, "geometry": { "type": "Point", "coordinates": [ 23.3929099, 42.6609966 ] } },
{ "type": "Feature", "properties": { "NAME": null, "NAME_EN": null, "AMENITY": "fast_food", "SHOP": null, "OSM_TYPE": "node", "OSM_ID": 8913096736 }, "geometry": { "type": "Point", "coordinates": [ 23.3730707, 42.6522799 ] } },
{ "type": "Feature", "properties": { "NAME": "Yami Yami", "NAME_EN": null, "AMENITY": "restaurant", "SHOP": null, "OSM_TYPE": "node", "OSM_ID": 8917558764 }, "geometry": { "type": "Point", "coordinates": [ 23.3948439, 42.6504165 ] } },
{ "type": "Feature", "properties": { "NAME": "Дюнер Sultan", "NAME_EN": "Duner Sultan", "AMENITY": "fast_food", "SHOP": null, "OSM_TYPE": "node", "OSM_ID": 8936366689 }, "geometry": { "type": "Point", "coordinates": [ 23.2981548, 42.7021696 ] } },
{ "type": "Feature", "properties": { "NAME": "Сладък Живот", "NAME_EN": null, "AMENITY": "cafe", "SHOP": null, "OSM_TYPE": "node", "OSM_ID": 8956407971 }, "geometry": { "type": "Point", "coordinates": [ 23.3547039, 42.6846039 ] } },
{ "type": "Feature", "properties": { "NAME": "Grano Pizza Napoletana", "NAME_EN": null, "AMENITY": "fast_food", "SHOP": null, "OSM_TYPE": "node", "OSM_ID": 8968540002 }, "geometry": { "type": "Point", "coordinates": [ 23.3160225, 42.6508185 ] } },
{ "type": "Feature", "properties": { "NAME": "Virtuoso", "NAME_EN": null, "AMENITY": "cafe", "SHOP": null, "OSM_TYPE": "node", "OSM_ID": 8968540004 }, "geometry": { "type": "Point", "coordinates": [ 23.3160802, 42.6506892 ] } },
{ "type": "Feature", "properties": { "NAME": "American pancakes' story", "NAME_EN": null, "AMENITY": "fast_food", "SHOP": null, "OSM_TYPE": "node", "OSM_ID": 8968612719 }, "geometry": { "type": "Point", "coordinates": [ 23.3163255, 42.650656 ] } },
{ "type": "Feature", "properties": { "NAME": "Momo Fusion Dumplings", "NAME_EN": null, "AMENITY": "fast_food", "SHOP": null, "OSM_TYPE": "node", "OSM_ID": 8968612721 }, "geometry": { "type": "Point", "coordinates": [ 23.31635, 42.6507259 ] } },
{ "type": "Feature", "properties": { "NAME": "Ribs Brothers", "NAME_EN": null, "AMENITY": "fast_food", "SHOP": null, "OSM_TYPE": "node", "OSM_ID": 8968612722 }, "geometry": { "type": "Point", "coordinates": [ 23.3163512, 42.6508987 ] } },
{ "type": "Feature", "properties": { "NAME": "Mediterraneo", "NAME_EN": null, "AMENITY": "restaurant", "SHOP": null, "OSM_TYPE": "node", "OSM_ID": 9040789062 }, "geometry": { "type": "Point", "coordinates": [ 23.3368937, 42.6956468 ] } },
{ "type": "Feature", "properties": { "NAME": "Aladin", "NAME_EN": null, "AMENITY": "fast_food", "SHOP": null, "OSM_TYPE": "node", "OSM_ID": 9040838600 }, "geometry": { "type": "Point", "coordinates": [ 23.3446892, 42.6520848 ] } },
{ "type": "Feature", "properties": { "NAME": "Гостилница Пърленките", "NAME_EN": "Gostilnica Purlenkite", "AMENITY": "restaurant", "SHOP": null, "OSM_TYPE": "node", "OSM_ID": 9051905250 }, "geometry": { "type": "Point", "coordinates": [ 23.3833113, 42.6378283 ] } },
{ "type": "Feature", "properties": { "NAME": "Schnitzel Haus", "NAME_EN": null, "AMENITY": "restaurant", "SHOP": null, "OSM_TYPE": "node", "OSM_ID": 9072269374 }, "geometry": { "type": "Point", "coordinates": [ 23.357271, 42.6802142 ] } },
{ "type": "Feature", "properties": { "NAME": "Editori", "NAME_EN": null, "AMENITY": "cafe", "SHOP": null, "OSM_TYPE": "node", "OSM_ID": 9116806140 }, "geometry": { "type": "Point", "coordinates": [ 23.3433099, 42.6926632 ] } },
{ "type": "Feature", "properties": { "NAME": "Tutti's Heaven", "NAME_EN": null, "AMENITY": "restaurant", "SHOP": null, "OSM_TYPE": "node", "OSM_ID": 9119562912 }, "geometry": { "type": "Point", "coordinates": [ 23.2923737, 42.6776167 ] } },
{ "type": "Feature", "properties": { "NAME": "Бистро 16", "NAME_EN": "Bistro 16", "AMENITY": "cafe", "SHOP": null, "OSM_TYPE": "node", "OSM_ID": 9128800070 }, "geometry": { "type": "Point", "coordinates": [ 23.3192833, 42.6998616 ] } },
{ "type": "Feature", "properties": { "NAME": "Пелини", "NAME_EN": null, "AMENITY": "cafe", "SHOP": null, "OSM_TYPE": "node", "OSM_ID": 9132591977 }, "geometry": { "type": "Point", "coordinates": [ 23.2866788, 42.6618183 ] } },
{ "type": "Feature", "properties": { "NAME": "Добър апетит", "NAME_EN": null, "AMENITY": "restaurant", "SHOP": null, "OSM_TYPE": "node", "OSM_ID": 9132591978 }, "geometry": { "type": "Point", "coordinates": [ 23.2869776, 42.6619643 ] } },
{ "type": "Feature", "properties": { "NAME": "Marashlian Pastry", "NAME_EN": null, "AMENITY": "cafe", "SHOP": null, "OSM_TYPE": "node", "OSM_ID": 9166529462 }, "geometry": { "type": "Point", "coordinates": [ 23.3713405, 42.682248 ] } },
{ "type": "Feature", "properties": { "NAME": "мокафе", "NAME_EN": null, "AMENITY": "cafe", "SHOP": null, "OSM_TYPE": "node", "OSM_ID": 9168858303 }, "geometry": { "type": "Point", "coordinates": [ 23.3082618, 42.7014278 ] } },
{ "type": "Feature", "properties": { "NAME": null, "NAME_EN": null, "AMENITY": "cafe", "SHOP": null, "OSM_TYPE": "node", "OSM_ID": 9168925830 }, "geometry": { "type": "Point", "coordinates": [ 23.3088865, 42.7031551 ] } },
{ "type": "Feature", "properties": { "NAME": "Гостилница", "NAME_EN": null, "AMENITY": "food_court", "SHOP": null, "OSM_TYPE": "node", "OSM_ID": 9172512883 }, "geometry": { "type": "Point", "coordinates": [ 23.3708474, 42.7111219 ] } },
{ "type": "Feature", "properties": { "NAME": "REPEat", "NAME_EN": null, "AMENITY": "fast_food", "SHOP": null, "OSM_TYPE": "node", "OSM_ID": 9214027439 }, "geometry": { "type": "Point", "coordinates": [ 23.3018689, 42.7112619 ] } },
{ "type": "Feature", "properties": { "NAME": null, "NAME_EN": null, "AMENITY": "restaurant", "SHOP": null, "OSM_TYPE": "node", "OSM_ID": 9223574849 }, "geometry": { "type": "Point", "coordinates": [ 23.2516251, 42.716828 ] } },
{ "type": "Feature", "properties": { "NAME": null, "NAME_EN": null, "AMENITY": "fast_food", "SHOP": null, "OSM_TYPE": "node", "OSM_ID": 9223574850 }, "geometry": { "type": "Point", "coordinates": [ 23.2531844, 42.7150774 ] } },
{ "type": "Feature", "properties": { "NAME": null, "NAME_EN": null, "AMENITY": "cafe", "SHOP": null, "OSM_TYPE": "node", "OSM_ID": 9228501573 }, "geometry": { "type": "Point", "coordinates": [ 23.420294, 42.7123195 ] } },
{ "type": "Feature", "properties": { "NAME": null, "NAME_EN": null, "AMENITY": "food_court", "SHOP": null, "OSM_TYPE": "node", "OSM_ID": 9228515105 }, "geometry": { "type": "Point", "coordinates": [ 23.4203127, 42.7120211 ] } },
{ "type": "Feature", "properties": { "NAME": "Гостилница Рай", "NAME_EN": null, "AMENITY": "food_court", "SHOP": null, "OSM_TYPE": "node", "OSM_ID": 9228523071 }, "geometry": { "type": "Point", "coordinates": [ 23.4245546, 42.7091951 ] } },
{ "type": "Feature", "properties": { "NAME": "Стол", "NAME_EN": null, "AMENITY": "restaurant", "SHOP": null, "OSM_TYPE": "node", "OSM_ID": 9240164433 }, "geometry": { "type": "Point", "coordinates": [ 23.3642499, 42.6729479 ] } },
{ "type": "Feature", "properties": { "NAME": "Idlib foods", "NAME_EN": null, "AMENITY": "fast_food", "SHOP": null, "OSM_TYPE": "node", "OSM_ID": 9274360981 }, "geometry": { "type": "Point", "coordinates": [ 23.2914677, 42.6764834 ] } },
{ "type": "Feature", "properties": { "NAME": "Green Mo", "NAME_EN": null, "AMENITY": "cafe", "SHOP": null, "OSM_TYPE": "node", "OSM_ID": 9348375784 }, "geometry": { "type": "Point", "coordinates": [ 23.2896154, 42.6772402 ] } },
{ "type": "Feature", "properties": { "NAME": "K.E.B.A. Клуб за Естетическо Възпитание на Артиста", "NAME_EN": null, "AMENITY": "bar", "SHOP": null, "OSM_TYPE": "node", "OSM_ID": 9366364217 }, "geometry": { "type": "Point", "coordinates": [ 23.3254914, 42.6918756 ] } },
{ "type": "Feature", "properties": { "NAME": "Nito House", "NAME_EN": null, "AMENITY": "fast_food", "SHOP": null, "OSM_TYPE": "node", "OSM_ID": 9379901120 }, "geometry": { "type": "Point", "coordinates": [ 23.2969602, 42.7374557 ] } },
{ "type": "Feature", "properties": { "NAME": "Pizza Lab", "NAME_EN": null, "AMENITY": "fast_food", "SHOP": null, "OSM_TYPE": "node", "OSM_ID": 9383218525 }, "geometry": { "type": "Point", "coordinates": [ 23.2730967, 42.670674 ] } },
{ "type": "Feature", "properties": { "NAME": "Джоджен", "NAME_EN": null, "AMENITY": "restaurant", "SHOP": null, "OSM_TYPE": "node", "OSM_ID": 9481059879 }, "geometry": { "type": "Point", "coordinates": [ 23.3927563, 42.6520199 ] } },
{ "type": "Feature", "properties": { "NAME": null, "NAME_EN": null, "AMENITY": "restaurant", "SHOP": null, "OSM_TYPE": "node", "OSM_ID": 9496637084 }, "geometry": { "type": "Point", "coordinates": [ 23.2525635, 42.7402577 ] } },
{ "type": "Feature", "properties": { "NAME": "Българска кухня", "NAME_EN": null, "AMENITY": "restaurant", "SHOP": null, "OSM_TYPE": "node", "OSM_ID": 9500796803 }, "geometry": { "type": "Point", "coordinates": [ 23.3082231, 42.6996001 ] } },
{ "type": "Feature", "properties": { "NAME": "Wurst", "NAME_EN": null, "AMENITY": "fast_food", "SHOP": null, "OSM_TYPE": "node", "OSM_ID": 9527169617 }, "geometry": { "type": "Point", "coordinates": [ 23.2313905, 42.7463519 ] } },
{ "type": "Feature", "properties": { "NAME": "Raffy", "NAME_EN": null, "AMENITY": "ice_cream", "SHOP": null, "OSM_TYPE": "node", "OSM_ID": 9552440256 }, "geometry": { "type": "Point", "coordinates": [ 23.3085799, 42.6960132 ] } },
{ "type": "Feature", "properties": { "NAME": "Vamos", "NAME_EN": null, "AMENITY": "fast_food", "SHOP": null, "OSM_TYPE": "node", "OSM_ID": 9554441604 }, "geometry": { "type": "Point", "coordinates": [ 23.2947389, 42.6756426 ] } },
{ "type": "Feature", "properties": { "NAME": "Bar Wink", "NAME_EN": null, "AMENITY": "bar", "SHOP": null, "OSM_TYPE": "node", "OSM_ID": 9590054057 }, "geometry": { "type": "Point", "coordinates": [ 23.3066179, 42.6985716 ] } },
{ "type": "Feature", "properties": { "NAME": "Тракийска баница", "NAME_EN": null, "AMENITY": "fast_food", "SHOP": null, "OSM_TYPE": "node", "OSM_ID": 9610404366 }, "geometry": { "type": "Point", "coordinates": [ 23.3573421, 42.6635095 ] } },
{ "type": "Feature", "properties": { "NAME": null, "NAME_EN": null, "AMENITY": "cafe", "SHOP": null, "OSM_TYPE": "node", "OSM_ID": 9627590973 }, "geometry": { "type": "Point", "coordinates": [ 23.2950407, 42.6752658 ] } },
{ "type": "Feature", "properties": { "NAME": "Compartido", "NAME_EN": null, "AMENITY": "cafe", "SHOP": null, "OSM_TYPE": "node", "OSM_ID": 9635245935 }, "geometry": { "type": "Point", "coordinates": [ 23.3025654, 42.7113235 ] } },
{ "type": "Feature", "properties": { "NAME": "Barbeque MAX", "NAME_EN": null, "AMENITY": "food_court", "SHOP": null, "OSM_TYPE": "node", "OSM_ID": 9641648585 }, "geometry": { "type": "Point", "coordinates": [ 23.303325, 42.7255967 ] } },
{ "type": "Feature", "properties": { "NAME": "Ем-Джо", "NAME_EN": null, "AMENITY": "fast_food", "SHOP": null, "OSM_TYPE": "node", "OSM_ID": 9658455438 }, "geometry": { "type": "Point", "coordinates": [ 23.285512, 42.6776246 ] } },
{ "type": "Feature", "properties": { "NAME": "In Office", "NAME_EN": null, "AMENITY": "restaurant", "SHOP": null, "OSM_TYPE": "node", "OSM_ID": 9668273596 }, "geometry": { "type": "Point", "coordinates": [ 23.3933531, 42.6471655 ] } },
{ "type": "Feature", "properties": { "NAME": "Adoro", "NAME_EN": null, "AMENITY": "food_court", "SHOP": null, "OSM_TYPE": "node", "OSM_ID": 9669532881 }, "geometry": { "type": "Point", "coordinates": [ 23.3103937, 42.6341336 ] } },
{ "type": "Feature", "properties": { "NAME": "Балдаран", "NAME_EN": null, "AMENITY": "food_court", "SHOP": null, "OSM_TYPE": "node", "OSM_ID": 9669544284 }, "geometry": { "type": "Point", "coordinates": [ 23.3104193, 42.6339301 ] } },
{ "type": "Feature", "properties": { "NAME": null, "NAME_EN": null, "AMENITY": "food_court", "SHOP": null, "OSM_TYPE": "node", "OSM_ID": 9683362275 }, "geometry": { "type": "Point", "coordinates": [ 23.3608471, 42.7028085 ] } },
{ "type": "Feature", "properties": { "NAME": null, "NAME_EN": null, "AMENITY": "food_court", "SHOP": null, "OSM_TYPE": "node", "OSM_ID": 9683364486 }, "geometry": { "type": "Point", "coordinates": [ 23.3599662, 42.7031754 ] } },
{ "type": "Feature", "properties": { "NAME": "The Ring", "NAME_EN": null, "AMENITY": "food_court", "SHOP": null, "OSM_TYPE": "node", "OSM_ID": 9683384372 }, "geometry": { "type": "Point", "coordinates": [ 23.3110547, 42.6415407 ] } },
{ "type": "Feature", "properties": { "NAME": null, "NAME_EN": null, "AMENITY": "fast_food", "SHOP": null, "OSM_TYPE": "node", "OSM_ID": 9683388805 }, "geometry": { "type": "Point", "coordinates": [ 23.3602392, 42.7024908 ] } },
{ "type": "Feature", "properties": { "NAME": "Ozone Skybar & lounge", "NAME_EN": null, "AMENITY": "restaurant", "SHOP": null, "OSM_TYPE": "node", "OSM_ID": 9687192443 }, "geometry": { "type": "Point", "coordinates": [ 23.3148594, 42.6821136 ] } },
{ "type": "Feature", "properties": { "NAME": "Urban Garden", "NAME_EN": null, "AMENITY": "cafe", "SHOP": null, "OSM_TYPE": "node", "OSM_ID": 9687192444 }, "geometry": { "type": "Point", "coordinates": [ 23.3148802, 42.6821912 ] } },
{ "type": "Feature", "properties": { "NAME": "Падре", "NAME_EN": null, "AMENITY": "restaurant", "SHOP": null, "OSM_TYPE": "node", "OSM_ID": 9700152260 }, "geometry": { "type": "Point", "coordinates": [ 23.3162296, 42.6704213 ] } },
{ "type": "Feature", "properties": { "NAME": "Ресторант L do Rado", "NAME_EN": "Restaurant L do Rado", "AMENITY": "restaurant", "SHOP": null, "OSM_TYPE": "node", "OSM_ID": 9708937134 }, "geometry": { "type": "Point", "coordinates": [ 23.4104273, 42.6330443 ] } },
{ "type": "Feature", "properties": { "NAME": "Onda", "NAME_EN": null, "AMENITY": "cafe", "SHOP": null, "OSM_TYPE": "node", "OSM_ID": 9714646116 }, "geometry": { "type": "Point", "coordinates": [ 23.4021146, 42.6897356 ] } },
{ "type": "Feature", "properties": { "NAME": "Onda", "NAME_EN": null, "AMENITY": "cafe", "SHOP": null, "OSM_TYPE": "node", "OSM_ID": 9714667117 }, "geometry": { "type": "Point", "coordinates": [ 23.403166, 42.689584 ] } },
{ "type": "Feature", "properties": { "NAME": null, "NAME_EN": null, "AMENITY": "fast_food", "SHOP": null, "OSM_TYPE": "node", "OSM_ID": 9717898506 }, "geometry": { "type": "Point", "coordinates": [ 23.3121608, 42.7399799 ] } },
{ "type": "Feature", "properties": { "NAME": null, "NAME_EN": null, "AMENITY": "fast_food", "SHOP": null, "OSM_TYPE": "node", "OSM_ID": 9717898507 }, "geometry": { "type": "Point", "coordinates": [ 23.3139545, 42.7390945 ] } },
{ "type": "Feature", "properties": { "NAME": null, "NAME_EN": null, "AMENITY": "fast_food", "SHOP": null, "OSM_TYPE": "node", "OSM_ID": 9721645474 }, "geometry": { "type": "Point", "coordinates": [ 23.2935959, 42.7354184 ] } },
{ "type": "Feature", "properties": { "NAME": "Hesburger", "NAME_EN": null, "AMENITY": "fast_food", "SHOP": null, "OSM_TYPE": "node", "OSM_ID": 9727606944 }, "geometry": { "type": "Point", "coordinates": [ 23.3909185, 42.6630165 ] } },
{ "type": "Feature", "properties": { "NAME": "Go Grill", "NAME_EN": null, "AMENITY": "fast_food", "SHOP": null, "OSM_TYPE": "node", "OSM_ID": 9730444862 }, "geometry": { "type": "Point", "coordinates": [ 23.2919319, 42.7111932 ] } },
{ "type": "Feature", "properties": { "NAME": null, "NAME_EN": null, "AMENITY": "cafe", "SHOP": null, "OSM_TYPE": "node", "OSM_ID": 9732243416 }, "geometry": { "type": "Point", "coordinates": [ 23.309164, 42.7395762 ] } },
{ "type": "Feature", "properties": { "NAME": null, "NAME_EN": null, "AMENITY": "fast_food", "SHOP": null, "OSM_TYPE": "node", "OSM_ID": 9734627025 }, "geometry": { "type": "Point", "coordinates": [ 23.2932844, 42.7348958 ] } },
{ "type": "Feature", "properties": { "NAME": null, "NAME_EN": null, "AMENITY": "cafe", "SHOP": null, "OSM_TYPE": "node", "OSM_ID": 9738301337 }, "geometry": { "type": "Point", "coordinates": [ 23.3016157, 42.7378169 ] } },
{ "type": "Feature", "properties": { "NAME": "Burrata Italiana", "NAME_EN": null, "AMENITY": "restaurant", "SHOP": null, "OSM_TYPE": "node", "OSM_ID": 9739610550 }, "geometry": { "type": "Point", "coordinates": [ 23.3226919, 42.6956696 ] } },
{ "type": "Feature", "properties": { "NAME": "Food Corner", "NAME_EN": null, "AMENITY": "cafe", "SHOP": null, "OSM_TYPE": "node", "OSM_ID": 9747482023 }, "geometry": { "type": "Point", "coordinates": [ 23.3059743, 42.7395308 ] } },
{ "type": "Feature", "properties": { "NAME": "Friends bar & dinner", "NAME_EN": null, "AMENITY": "restaurant", "SHOP": null, "OSM_TYPE": "node", "OSM_ID": 9751805232 }, "geometry": { "type": "Point", "coordinates": [ 23.3050044, 42.7292099 ] } },
{ "type": "Feature", "properties": { "NAME": null, "NAME_EN": null, "AMENITY": "restaurant", "SHOP": null, "OSM_TYPE": "node", "OSM_ID": 9755615087 }, "geometry": { "type": "Point", "coordinates": [ 23.3883154, 42.6534764 ] } },
{ "type": "Feature", "properties": { "NAME": "Пица, гофрети", "NAME_EN": null, "AMENITY": "fast_food", "SHOP": null, "OSM_TYPE": "node", "OSM_ID": 9764796283 }, "geometry": { "type": "Point", "coordinates": [ 23.2917757, 42.6762486 ] } },
{ "type": "Feature", "properties": { "NAME": "Tenebris", "NAME_EN": null, "AMENITY": "restaurant", "SHOP": null, "OSM_TYPE": "node", "OSM_ID": 9791070640 }, "geometry": { "type": "Point", "coordinates": [ 23.3244173, 42.6892651 ] } },
{ "type": "Feature", "properties": { "NAME": null, "NAME_EN": null, "AMENITY": "fast_food", "SHOP": null, "OSM_TYPE": "node", "OSM_ID": 9797843489 }, "geometry": { "type": "Point", "coordinates": [ 23.2534097, 42.7318179 ] } },
{ "type": "Feature", "properties": { "NAME": "Маслината", "NAME_EN": null, "AMENITY": "restaurant", "SHOP": null, "OSM_TYPE": "node", "OSM_ID": 9820034258 }, "geometry": { "type": "Point", "coordinates": [ 23.3590337, 42.7119312 ] } },
{ "type": "Feature", "properties": { "NAME": "Burrata Italiana", "NAME_EN": null, "AMENITY": "restaurant", "SHOP": null, "OSM_TYPE": "node", "OSM_ID": 9821180688 }, "geometry": { "type": "Point", "coordinates": [ 23.3399301, 42.6932743 ] } },
{ "type": "Feature", "properties": { "NAME": null, "NAME_EN": null, "AMENITY": "fast_food", "SHOP": null, "OSM_TYPE": "node", "OSM_ID": 9857857945 }, "geometry": { "type": "Point", "coordinates": [ 23.2501185, 42.7162654 ] } },
{ "type": "Feature", "properties": { "NAME": "Franco's Pizza", "NAME_EN": null, "AMENITY": "restaurant", "SHOP": null, "OSM_TYPE": "node", "OSM_ID": 9875133527 }, "geometry": { "type": "Point", "coordinates": [ 23.3535743, 42.6675495 ] } },
{ "type": "Feature", "properties": { "NAME": "Алтруист", "NAME_EN": "Altruist", "AMENITY": "cafe", "SHOP": null, "OSM_TYPE": "node", "OSM_ID": 9911035117 }, "geometry": { "type": "Point", "coordinates": [ 23.3251871, 42.7003138 ] } },
{ "type": "Feature", "properties": { "NAME": "Metro pizza", "NAME_EN": null, "AMENITY": "fast_food", "SHOP": null, "OSM_TYPE": "node", "OSM_ID": 9929721481 }, "geometry": { "type": "Point", "coordinates": [ 23.3741343, 42.6411597 ] } },
{ "type": "Feature", "properties": { "NAME": "Schroedinger Bar", "NAME_EN": null, "AMENITY": "bar", "SHOP": null, "OSM_TYPE": "node", "OSM_ID": 9952527817 }, "geometry": { "type": "Point", "coordinates": [ 23.3328912, 42.7032075 ] } },
{ "type": "Feature", "properties": { "NAME": "Bistro 36", "NAME_EN": null, "AMENITY": "restaurant", "SHOP": null, "OSM_TYPE": "node", "OSM_ID": 9954241917 }, "geometry": { "type": "Point", "coordinates": [ 23.3209314, 42.7033338 ] } },
{ "type": "Feature", "properties": { "NAME": null, "NAME_EN": null, "AMENITY": "cafe", "SHOP": null, "OSM_TYPE": "node", "OSM_ID": 9960258424 }, "geometry": { "type": "Point", "coordinates": [ 23.3047201, 42.694411 ] } },
{ "type": "Feature", "properties": { "NAME": "Българска гозба", "NAME_EN": null, "AMENITY": "food_court", "SHOP": null, "OSM_TYPE": "node", "OSM_ID": 9968695812 }, "geometry": { "type": "Point", "coordinates": [ 23.3300416, 42.7081659 ] } },
{ "type": "Feature", "properties": { "NAME": "Анона", "NAME_EN": null, "AMENITY": "cafe", "SHOP": null, "OSM_TYPE": "node", "OSM_ID": 9970297242 }, "geometry": { "type": "Point", "coordinates": [ 23.3126462, 42.707766 ] } },
{ "type": "Feature", "properties": { "NAME": "Zakho Doner", "NAME_EN": null, "AMENITY": "fast_food", "SHOP": null, "OSM_TYPE": "node", "OSM_ID": 10002544349 }, "geometry": { "type": "Point", "coordinates": [ 23.3023002, 42.7334327 ] } },
{ "type": "Feature", "properties": { "NAME": "Дебелата Панда", "NAME_EN": null, "AMENITY": "fast_food", "SHOP": null, "OSM_TYPE": "node", "OSM_ID": 10002564378 }, "geometry": { "type": "Point", "coordinates": [ 23.3053044, 42.7361237 ] } },
{ "type": "Feature", "properties": { "NAME": "La Terra Centro", "NAME_EN": null, "AMENITY": "restaurant", "SHOP": null, "OSM_TYPE": "node", "OSM_ID": 10015115055 }, "geometry": { "type": "Point", "coordinates": [ 23.3277173, 42.6889109 ] } },
{ "type": "Feature", "properties": { "NAME": null, "NAME_EN": null, "AMENITY": "cafe", "SHOP": null, "OSM_TYPE": "node", "OSM_ID": 10027861500 }, "geometry": { "type": "Point", "coordinates": [ 23.2684746, 42.7160257 ] } },
{ "type": "Feature", "properties": { "NAME": null, "NAME_EN": null, "AMENITY": "cafe", "SHOP": null, "OSM_TYPE": "node", "OSM_ID": 10035191637 }, "geometry": { "type": "Point", "coordinates": [ 23.2945494, 42.7385123 ] } },
{ "type": "Feature", "properties": { "NAME": "Street Chefs 3", "NAME_EN": null, "AMENITY": "fast_food", "SHOP": null, "OSM_TYPE": "node", "OSM_ID": 10039548462 }, "geometry": { "type": "Point", "coordinates": [ 23.2862723, 42.6636431 ] } },
{ "type": "Feature", "properties": { "NAME": null, "NAME_EN": null, "AMENITY": "fast_food", "SHOP": null, "OSM_TYPE": "node", "OSM_ID": 10045193483 }, "geometry": { "type": "Point", "coordinates": [ 23.2971773, 42.7316727 ] } },
{ "type": "Feature", "properties": { "NAME": null, "NAME_EN": null, "AMENITY": "fast_food", "SHOP": null, "OSM_TYPE": "node", "OSM_ID": 10045193484 }, "geometry": { "type": "Point", "coordinates": [ 23.2971284, 42.7318101 ] } },
{ "type": "Feature", "properties": { "NAME": "Phoenix", "NAME_EN": null, "AMENITY": "fast_food", "SHOP": null, "OSM_TYPE": "node", "OSM_ID": 10050028018 }, "geometry": { "type": "Point", "coordinates": [ 23.3031002, 42.7332389 ] } },
{ "type": "Feature", "properties": { "NAME": "Пит стоп 2", "NAME_EN": null, "AMENITY": "food_court", "SHOP": null, "OSM_TYPE": "node", "OSM_ID": 10050377062 }, "geometry": { "type": "Point", "coordinates": [ 23.4635374, 42.6682817 ] } },
{ "type": "Feature", "properties": { "NAME": null, "NAME_EN": null, "AMENITY": "food_court", "SHOP": null, "OSM_TYPE": "node", "OSM_ID": 10050385138 }, "geometry": { "type": "Point", "coordinates": [ 23.4203679, 42.7087073 ] } },
{ "type": "Feature", "properties": { "NAME": null, "NAME_EN": null, "AMENITY": "restaurant", "SHOP": null, "OSM_TYPE": "node", "OSM_ID": 10050391193 }, "geometry": { "type": "Point", "coordinates": [ 23.4658807, 42.7326222 ] } },
{ "type": "Feature", "properties": { "NAME": null, "NAME_EN": null, "AMENITY": "food_court", "SHOP": null, "OSM_TYPE": "node", "OSM_ID": 10050394339 }, "geometry": { "type": "Point", "coordinates": [ 23.4664846, 42.7335121 ] } },
{ "type": "Feature", "properties": { "NAME": "Ancona Station", "NAME_EN": "Ancona Station", "AMENITY": "fast_food", "SHOP": null, "OSM_TYPE": "node", "OSM_ID": 10066700430 }, "geometry": { "type": "Point", "coordinates": [ 23.3047418, 42.723822 ] } },
{ "type": "Feature", "properties": { "NAME": null, "NAME_EN": null, "AMENITY": "fast_food", "SHOP": null, "OSM_TYPE": "node", "OSM_ID": 10067682480 }, "geometry": { "type": "Point", "coordinates": [ 23.3049544, 42.7244446 ] } },
{ "type": "Feature", "properties": { "NAME": null, "NAME_EN": null, "AMENITY": "fast_food", "SHOP": null, "OSM_TYPE": "node", "OSM_ID": 10067701471 }, "geometry": { "type": "Point", "coordinates": [ 23.2863244, 42.7284312 ] } },
{ "type": "Feature", "properties": { "NAME": "Grill House", "NAME_EN": null, "AMENITY": "fast_food", "SHOP": null, "OSM_TYPE": "node", "OSM_ID": 10068554798 }, "geometry": { "type": "Point", "coordinates": [ 23.325256, 42.6917165 ] } },
{ "type": "Feature", "properties": { "NAME": null, "NAME_EN": null, "AMENITY": "fast_food", "SHOP": null, "OSM_TYPE": "node", "OSM_ID": 10075429435 }, "geometry": { "type": "Point", "coordinates": [ 23.2887242, 42.7326192 ] } },
{ "type": "Feature", "properties": { "NAME": "High Five", "NAME_EN": null, "AMENITY": "bar", "SHOP": null, "OSM_TYPE": "node", "OSM_ID": 10082272217 }, "geometry": { "type": "Point", "coordinates": [ 23.321024, 42.6918212 ] } },
{ "type": "Feature", "properties": { "NAME": null, "NAME_EN": null, "AMENITY": "restaurant", "SHOP": null, "OSM_TYPE": "node", "OSM_ID": 10084819132 }, "geometry": { "type": "Point", "coordinates": [ 23.2979109, 42.7338232 ] } },
{ "type": "Feature", "properties": { "NAME": null, "NAME_EN": null, "AMENITY": "fast_food", "SHOP": null, "OSM_TYPE": "node", "OSM_ID": 10084846917 }, "geometry": { "type": "Point", "coordinates": [ 23.3004007, 42.7283189 ] } },
{ "type": "Feature", "properties": { "NAME": "Carraro", "NAME_EN": null, "AMENITY": "cafe", "SHOP": null, "OSM_TYPE": "node", "OSM_ID": 10086487095 }, "geometry": { "type": "Point", "coordinates": [ 23.3481372, 42.6517743 ] } },
{ "type": "Feature", "properties": { "NAME": "Дворець", "NAME_EN": null, "AMENITY": "restaurant", "SHOP": null, "OSM_TYPE": "node", "OSM_ID": 10095136100 }, "geometry": { "type": "Point", "coordinates": [ 23.3428785, 42.6444735 ] } },
{ "type": "Feature", "properties": { "NAME": "Public Bar", "NAME_EN": null, "AMENITY": "bar", "SHOP": null, "OSM_TYPE": "node", "OSM_ID": 10108050803 }, "geometry": { "type": "Point", "coordinates": [ 23.3225202, 42.6932978 ] } },
{ "type": "Feature", "properties": { "NAME": "Sushi king", "NAME_EN": null, "AMENITY": "restaurant", "SHOP": null, "OSM_TYPE": "node", "OSM_ID": 10111055821 }, "geometry": { "type": "Point", "coordinates": [ 23.3746867, 42.6342847 ] } },
{ "type": "Feature", "properties": { "NAME": "Мимас", "NAME_EN": "Mimas", "AMENITY": "fast_food", "SHOP": null, "OSM_TYPE": "node", "OSM_ID": 10115993629 }, "geometry": { "type": "Point", "coordinates": [ 23.3460944, 42.6519381 ] } },
{ "type": "Feature", "properties": { "NAME": "Баш Наденицата", "NAME_EN": null, "AMENITY": "fast_food", "SHOP": null, "OSM_TYPE": "node", "OSM_ID": 10116192207 }, "geometry": { "type": "Point", "coordinates": [ 23.3426245, 42.6515195 ] } },
{ "type": "Feature", "properties": { "NAME": "Green Deli Cafe", "NAME_EN": null, "AMENITY": "cafe", "SHOP": null, "OSM_TYPE": "node", "OSM_ID": 10116457903 }, "geometry": { "type": "Point", "coordinates": [ 23.3775692, 42.6266857 ] } },
{ "type": "Feature", "properties": { "NAME": "Kitch.", "NAME_EN": null, "AMENITY": "restaurant", "SHOP": null, "OSM_TYPE": "node", "OSM_ID": 10116588507 }, "geometry": { "type": "Point", "coordinates": [ 23.377847, 42.6266818 ] } },
{ "type": "Feature", "properties": { "NAME": "Палачинки Анибо", "NAME_EN": null, "AMENITY": "fast_food", "SHOP": null, "OSM_TYPE": "node", "OSM_ID": 10116719186 }, "geometry": { "type": "Point", "coordinates": [ 23.3439698, 42.6538586 ] } },
{ "type": "Feature", "properties": { "NAME": "Дюнерландия", "NAME_EN": "Donerlandia", "AMENITY": "fast_food", "SHOP": null, "OSM_TYPE": "node", "OSM_ID": 10118153317 }, "geometry": { "type": "Point", "coordinates": [ 23.3351565, 42.6977684 ] } },
{ "type": "Feature", "properties": { "NAME": "From Barista", "NAME_EN": null, "AMENITY": "cafe", "SHOP": null, "OSM_TYPE": "node", "OSM_ID": 10118541900 }, "geometry": { "type": "Point", "coordinates": [ 23.3680502, 42.6221705 ] } },
{ "type": "Feature", "properties": { "NAME": "Domino's", "NAME_EN": null, "AMENITY": "fast_food", "SHOP": null, "OSM_TYPE": "node", "OSM_ID": 10119119558 }, "geometry": { "type": "Point", "coordinates": [ 23.3459239, 42.6538018 ] } },
{ "type": "Feature", "properties": { "NAME": "Трите войводи", "NAME_EN": null, "AMENITY": "fast_food", "SHOP": null, "OSM_TYPE": "node", "OSM_ID": 10119124024 }, "geometry": { "type": "Point", "coordinates": [ 23.3439935, 42.6538566 ] } },
{ "type": "Feature", "properties": { "NAME": "Turkish Sofra", "NAME_EN": null, "AMENITY": "restaurant", "SHOP": null, "OSM_TYPE": "node", "OSM_ID": 10119220053 }, "geometry": { "type": "Point", "coordinates": [ 23.3461549, 42.6524172 ] } },
{ "type": "Feature", "properties": { "NAME": "Пица Тути", "NAME_EN": null, "AMENITY": "fast_food", "SHOP": null, "OSM_TYPE": "node", "OSM_ID": 10133546606 }, "geometry": { "type": "Point", "coordinates": [ 23.3037487, 42.6765219 ] } },
{ "type": "Feature", "properties": { "NAME": "Кумбаре", "NAME_EN": "Kumbare", "AMENITY": "restaurant", "SHOP": null, "OSM_TYPE": "node", "OSM_ID": 10135787788 }, "geometry": { "type": "Point", "coordinates": [ 23.2786643, 42.6503859 ] } },
{ "type": "Feature", "properties": { "NAME": "Domino's", "NAME_EN": null, "AMENITY": "fast_food", "SHOP": null, "OSM_TYPE": "node", "OSM_ID": 10136125978 }, "geometry": { "type": "Point", "coordinates": [ 23.2943201, 42.7343377 ] } },
{ "type": "Feature", "properties": { "NAME": null, "NAME_EN": null, "AMENITY": "fast_food", "SHOP": null, "OSM_TYPE": "node", "OSM_ID": 10136192866 }, "geometry": { "type": "Point", "coordinates": [ 23.2966962, 42.7321302 ] } },
{ "type": "Feature", "properties": { "NAME": "Механа Илиянци", "NAME_EN": null, "AMENITY": "restaurant", "SHOP": null, "OSM_TYPE": "node", "OSM_ID": 10136192867 }, "geometry": { "type": "Point", "coordinates": [ 23.3190482, 42.7508317 ] } },
{ "type": "Feature", "properties": { "NAME": "Баницата", "NAME_EN": null, "AMENITY": "fast_food", "SHOP": null, "OSM_TYPE": "node", "OSM_ID": 10137234515 }, "geometry": { "type": "Point", "coordinates": [ 23.2620114, 42.6494603 ] } },
{ "type": "Feature", "properties": { "NAME": "Rose", "NAME_EN": null, "AMENITY": "restaurant", "SHOP": null, "OSM_TYPE": "node", "OSM_ID": 10142228419 }, "geometry": { "type": "Point", "coordinates": [ 23.2803007, 42.6553499 ] } },
{ "type": "Feature", "properties": { "NAME": "Starbucks", "NAME_EN": null, "AMENITY": "cafe", "SHOP": "coffee", "OSM_TYPE": "node", "OSM_ID": 10142333889 }, "geometry": { "type": "Point", "coordinates": [ 23.3540458, 42.6237046 ] } },
{ "type": "Feature", "properties": { "NAME": "Бонитас", "NAME_EN": "Bonitas", "AMENITY": "restaurant", "SHOP": null, "OSM_TYPE": "node", "OSM_ID": 10142703732 }, "geometry": { "type": "Point", "coordinates": [ 23.369289, 42.6207006 ] } },
{ "type": "Feature", "properties": { "NAME": "Da Nino", "NAME_EN": null, "AMENITY": "fast_food", "SHOP": null, "OSM_TYPE": "node", "OSM_ID": 10144573175 }, "geometry": { "type": "Point", "coordinates": [ 23.3249271, 42.691625 ] } },
{ "type": "Feature", "properties": { "NAME": "Lunch time", "NAME_EN": null, "AMENITY": "restaurant", "SHOP": null, "OSM_TYPE": "node", "OSM_ID": 10147055968 }, "geometry": { "type": "Point", "coordinates": [ 23.3800997, 42.6268838 ] } },
{ "type": "Feature", "properties": { "NAME": "Гергана", "NAME_EN": "Gergana", "AMENITY": "restaurant", "SHOP": null, "OSM_TYPE": "node", "OSM_ID": 10149634706 }, "geometry": { "type": "Point", "coordinates": [ 23.3808206, 42.6299483 ] } },
{ "type": "Feature", "properties": { "NAME": "KFC", "NAME_EN": null, "AMENITY": "fast_food", "SHOP": null, "OSM_TYPE": "node", "OSM_ID": 10155577983 }, "geometry": { "type": "Point", "coordinates": [ 23.346749, 42.6534554 ] } },
{ "type": "Feature", "properties": { "NAME": "Баш Мерак", "NAME_EN": "Bash Merak", "AMENITY": "restaurant", "SHOP": null, "OSM_TYPE": "node", "OSM_ID": 10159650544 }, "geometry": { "type": "Point", "coordinates": [ 23.3448873, 42.6446193 ] } },
{ "type": "Feature", "properties": { "NAME": null, "NAME_EN": null, "AMENITY": "fast_food", "SHOP": null, "OSM_TYPE": "node", "OSM_ID": 10159965612 }, "geometry": { "type": "Point", "coordinates": [ 23.2377333, 42.7397083 ] } },
{ "type": "Feature", "properties": { "NAME": null, "NAME_EN": null, "AMENITY": "fast_food", "SHOP": null, "OSM_TYPE": "node", "OSM_ID": 10171990389 }, "geometry": { "type": "Point", "coordinates": [ 23.3390894, 42.6123835 ] } },
{ "type": "Feature", "properties": { "NAME": "При Коко", "NAME_EN": null, "AMENITY": "food_court", "SHOP": null, "OSM_TYPE": "node", "OSM_ID": 10180716058 }, "geometry": { "type": "Point", "coordinates": [ 23.4236557, 42.8013914 ] } },
{ "type": "Feature", "properties": { "NAME": "Гостилница Теменуга", "NAME_EN": "Violet inn", "AMENITY": "food_court", "SHOP": null, "OSM_TYPE": "node", "OSM_ID": 10180727834 }, "geometry": { "type": "Point", "coordinates": [ 23.3179079, 42.7265875 ] } },
{ "type": "Feature", "properties": { "NAME": null, "NAME_EN": null, "AMENITY": "cafe", "SHOP": null, "OSM_TYPE": "node", "OSM_ID": 10181093702 }, "geometry": { "type": "Point", "coordinates": [ 23.2525539, 42.7185105 ] } },
{ "type": "Feature", "properties": { "NAME": "Furna", "NAME_EN": null, "AMENITY": "cafe", "SHOP": null, "OSM_TYPE": "node", "OSM_ID": 10200029208 }, "geometry": { "type": "Point", "coordinates": [ 23.3307848, 42.6850241 ] } },
{ "type": "Feature", "properties": { "NAME": "Пица Гурко", "NAME_EN": null, "AMENITY": "fast_food", "SHOP": null, "OSM_TYPE": "node", "OSM_ID": 10201422858 }, "geometry": { "type": "Point", "coordinates": [ 23.3313622, 42.6902175 ] } },
{ "type": "Feature", "properties": { "NAME": "Maison's", "NAME_EN": null, "AMENITY": "restaurant", "SHOP": null, "OSM_TYPE": "node", "OSM_ID": 10203853010 }, "geometry": { "type": "Point", "coordinates": [ 23.3443463, 42.6538322 ] } },
{ "type": "Feature", "properties": { "NAME": null, "NAME_EN": null, "AMENITY": "restaurant", "SHOP": null, "OSM_TYPE": "node", "OSM_ID": 10212445481 }, "geometry": { "type": "Point", "coordinates": [ 23.3392894, 42.6121854 ] } },
{ "type": "Feature", "properties": { "NAME": "Soffy's BBQ", "NAME_EN": null, "AMENITY": "restaurant", "SHOP": null, "OSM_TYPE": "node", "OSM_ID": 10212445492 }, "geometry": { "type": "Point", "coordinates": [ 23.3385713, 42.6147615 ] } },
{ "type": "Feature", "properties": { "NAME": "Cheese Box Elemag", "NAME_EN": null, "AMENITY": "cafe", "SHOP": null, "OSM_TYPE": "node", "OSM_ID": 10212445513 }, "geometry": { "type": "Point", "coordinates": [ 23.3385555, 42.6153328 ] } },
{ "type": "Feature", "properties": { "NAME": null, "NAME_EN": null, "AMENITY": "fast_food", "SHOP": null, "OSM_TYPE": "node", "OSM_ID": 10212453427 }, "geometry": { "type": "Point", "coordinates": [ 23.3378413, 42.6156808 ] } },
{ "type": "Feature", "properties": { "NAME": "Alex Fish", "NAME_EN": null, "AMENITY": "restaurant", "SHOP": null, "OSM_TYPE": "node", "OSM_ID": 10215162277 }, "geometry": { "type": "Point", "coordinates": [ 23.3124349, 42.6319505 ] } },
{ "type": "Feature", "properties": { "NAME": "Wok to Walk", "NAME_EN": null, "AMENITY": "fast_food", "SHOP": null, "OSM_TYPE": "node", "OSM_ID": 10216846613 }, "geometry": { "type": "Point", "coordinates": [ 23.3191908, 42.6656679 ] } },
{ "type": "Feature", "properties": { "NAME": "Mangi & Piangi", "NAME_EN": null, "AMENITY": "fast_food", "SHOP": null, "OSM_TYPE": "node", "OSM_ID": 10216880977 }, "geometry": { "type": "Point", "coordinates": [ 23.3135967, 42.657595 ] } },
{ "type": "Feature", "properties": { "NAME": "Salateria", "NAME_EN": null, "AMENITY": "fast_food", "SHOP": null, "OSM_TYPE": "node", "OSM_ID": 10216885793 }, "geometry": { "type": "Point", "coordinates": [ 23.3137803, 42.6576777 ] } },
{ "type": "Feature", "properties": { "NAME": "Aladin Foods", "NAME_EN": null, "AMENITY": "fast_food", "SHOP": null, "OSM_TYPE": "node", "OSM_ID": 10216886060 }, "geometry": { "type": "Point", "coordinates": [ 23.3136842, 42.6576344 ] } },
{ "type": "Feature", "properties": { "NAME": "Burger Shop", "NAME_EN": null, "AMENITY": "fast_food", "SHOP": null, "OSM_TYPE": "node", "OSM_ID": 10218011213 }, "geometry": { "type": "Point", "coordinates": [ 23.3102226, 42.7009739 ] } },
{ "type": "Feature", "properties": { "NAME": "Дуня", "NAME_EN": null, "AMENITY": "food_court", "SHOP": null, "OSM_TYPE": "node", "OSM_ID": 10221081381 }, "geometry": { "type": "Point", "coordinates": [ 23.2389053, 42.6764669 ] } },
{ "type": "Feature", "properties": { "NAME": "Нашето място", "NAME_EN": null, "AMENITY": "restaurant", "SHOP": null, "OSM_TYPE": "node", "OSM_ID": 10221601658 }, "geometry": { "type": "Point", "coordinates": [ 23.2992706, 42.6677586 ] } },
{ "type": "Feature", "properties": { "NAME": "Балканска Скара Лозенска", "NAME_EN": null, "AMENITY": "fast_food", "SHOP": null, "OSM_TYPE": "node", "OSM_ID": 10223726020 }, "geometry": { "type": "Point", "coordinates": [ 23.3335969, 42.6760142 ] } },
{ "type": "Feature", "properties": { "NAME": "Paradise Дюнер", "NAME_EN": null, "AMENITY": "fast_food", "SHOP": null, "OSM_TYPE": "node", "OSM_ID": 10230995267 }, "geometry": { "type": "Point", "coordinates": [ 23.3167911, 42.6592887 ] } },
{ "type": "Feature", "properties": { "NAME": null, "NAME_EN": null, "AMENITY": "fast_food", "SHOP": null, "OSM_TYPE": "node", "OSM_ID": 10231018236 }, "geometry": { "type": "Point", "coordinates": [ 23.3168934, 42.6593368 ] } },
{ "type": "Feature", "properties": { "NAME": null, "NAME_EN": null, "AMENITY": "fast_food", "SHOP": null, "OSM_TYPE": "node", "OSM_ID": 10231021441 }, "geometry": { "type": "Point", "coordinates": [ 23.3168682, 42.6593264 ] } },
{ "type": "Feature", "properties": { "NAME": "Градцко", "NAME_EN": null, "AMENITY": "fast_food", "SHOP": null, "OSM_TYPE": "node", "OSM_ID": 10233028908 }, "geometry": { "type": "Point", "coordinates": [ 23.3322255, 42.6807415 ] } },
{ "type": "Feature", "properties": { "NAME": "All Inclusive by Parlenka", "NAME_EN": null, "AMENITY": "fast_food", "SHOP": null, "OSM_TYPE": "node", "OSM_ID": 10233103445 }, "geometry": { "type": "Point", "coordinates": [ 23.3169039, 42.6949687 ] } },
{ "type": "Feature", "properties": { "NAME": "Pera Zdera", "NAME_EN": null, "AMENITY": "restaurant", "SHOP": null, "OSM_TYPE": "node", "OSM_ID": 10236292719 }, "geometry": { "type": "Point", "coordinates": [ 23.2846419, 42.6776444 ] } },
{ "type": "Feature", "properties": { "NAME": "Кармен", "NAME_EN": null, "AMENITY": "restaurant", "SHOP": null, "OSM_TYPE": "node", "OSM_ID": 10236292735 }, "geometry": { "type": "Point", "coordinates": [ 23.2848815, 42.6784399 ] } },
{ "type": "Feature", "properties": { "NAME": "Pizza locale", "NAME_EN": null, "AMENITY": "fast_food", "SHOP": null, "OSM_TYPE": "node", "OSM_ID": 10236292740 }, "geometry": { "type": "Point", "coordinates": [ 23.2844463, 42.6782063 ] } },
{ "type": "Feature", "properties": { "NAME": "Вкусната баница", "NAME_EN": null, "AMENITY": "fast_food", "SHOP": null, "OSM_TYPE": "node", "OSM_ID": 10236292760 }, "geometry": { "type": "Point", "coordinates": [ 23.2851002, 42.6774201 ] } },
{ "type": "Feature", "properties": { "NAME": "Thai Box", "NAME_EN": null, "AMENITY": "fast_food", "SHOP": null, "OSM_TYPE": "node", "OSM_ID": 10248611617 }, "geometry": { "type": "Point", "coordinates": [ 23.3177307, 42.6602136 ] } },
{ "type": "Feature", "properties": { "NAME": "При бат Краси", "NAME_EN": null, "AMENITY": "fast_food", "SHOP": null, "OSM_TYPE": "node", "OSM_ID": 10248611618 }, "geometry": { "type": "Point", "coordinates": [ 23.3177411, 42.6602537 ] } },
{ "type": "Feature", "properties": { "NAME": "Доказаната баницарника", "NAME_EN": null, "AMENITY": "fast_food", "SHOP": null, "OSM_TYPE": "node", "OSM_ID": 10248611619 }, "geometry": { "type": "Point", "coordinates": [ 23.3177501, 42.6602883 ] } },
{ "type": "Feature", "properties": { "NAME": null, "NAME_EN": null, "AMENITY": "food_court", "SHOP": null, "OSM_TYPE": "node", "OSM_ID": 10249380578 }, "geometry": { "type": "Point", "coordinates": [ 23.3819104, 42.6607779 ] } },
{ "type": "Feature", "properties": { "NAME": "Hesburger", "NAME_EN": null, "AMENITY": "fast_food", "SHOP": null, "OSM_TYPE": "node", "OSM_ID": 10249380579 }, "geometry": { "type": "Point", "coordinates": [ 23.3820418, 42.6609159 ] } },
{ "type": "Feature", "properties": { "NAME": "Kete", "NAME_EN": null, "AMENITY": "food_court", "SHOP": null, "OSM_TYPE": "node", "OSM_ID": 10249380580 }, "geometry": { "type": "Point", "coordinates": [ 23.3825218, 42.660837 ] } },
{ "type": "Feature", "properties": { "NAME": null, "NAME_EN": null, "AMENITY": "food_court", "SHOP": null, "OSM_TYPE": "node", "OSM_ID": 10249380581 }, "geometry": { "type": "Point", "coordinates": [ 23.3823824, 42.66091 ] } },
{ "type": "Feature", "properties": { "NAME": "RepEat", "NAME_EN": null, "AMENITY": "food_court", "SHOP": null, "OSM_TYPE": "node", "OSM_ID": 10249380582 }, "geometry": { "type": "Point", "coordinates": [ 23.3828516, 42.6605294 ] } },
{ "type": "Feature", "properties": { "NAME": "Salad Box", "NAME_EN": null, "AMENITY": "food_court", "SHOP": null, "OSM_TYPE": "node", "OSM_ID": 10249380583 }, "geometry": { "type": "Point", "coordinates": [ 23.3828986, 42.6605028 ] } },
{ "type": "Feature", "properties": { "NAME": "Starbucks", "NAME_EN": null, "AMENITY": "cafe", "SHOP": "coffee", "OSM_TYPE": "node", "OSM_ID": 10249380664 }, "geometry": { "type": "Point", "coordinates": [ 23.3822294, 42.660482 ] } },
{ "type": "Feature", "properties": { "NAME": "Pizza Lab", "NAME_EN": null, "AMENITY": "food_court", "SHOP": null, "OSM_TYPE": "node", "OSM_ID": 10249380675 }, "geometry": { "type": "Point", "coordinates": [ 23.3829669, 42.6604643 ] } },
{ "type": "Feature", "properties": { "NAME": "Ikigai", "NAME_EN": null, "AMENITY": "restaurant", "SHOP": null, "OSM_TYPE": "node", "OSM_ID": 10249380729 }, "geometry": { "type": "Point", "coordinates": [ 23.3822268, 42.6610145 ] } },
{ "type": "Feature", "properties": { "NAME": "Subway", "NAME_EN": null, "AMENITY": "fast_food", "SHOP": null, "OSM_TYPE": "node", "OSM_ID": 10249380879 }, "geometry": { "type": "Point", "coordinates": [ 23.3819748, 42.6608567 ] } },
{ "type": "Feature", "properties": { "NAME": null, "NAME_EN": null, "AMENITY": "food_court", "SHOP": null, "OSM_TYPE": "node", "OSM_ID": 10249380880 }, "geometry": { "type": "Point", "coordinates": [ 23.3819507, 42.6608074 ] } },
{ "type": "Feature", "properties": { "NAME": "KFC", "NAME_EN": null, "AMENITY": "fast_food", "SHOP": null, "OSM_TYPE": "node", "OSM_ID": 10249380881 }, "geometry": { "type": "Point", "coordinates": [ 23.3820901, 42.6609731 ] } },
{ "type": "Feature", "properties": { "NAME": "BMS", "NAME_EN": null, "AMENITY": "food_court", "SHOP": null, "OSM_TYPE": "node", "OSM_ID": 10249380882 }, "geometry": { "type": "Point", "coordinates": [ 23.3823261, 42.6609573 ] } },
{ "type": "Feature", "properties": { "NAME": "Aladin Foods", "NAME_EN": null, "AMENITY": "food_court", "SHOP": null, "OSM_TYPE": "node", "OSM_ID": 10249380883 }, "geometry": { "type": "Point", "coordinates": [ 23.3824467, 42.6608607 ] } },
{ "type": "Feature", "properties": { "NAME": "Coffero", "NAME_EN": null, "AMENITY": "cafe", "SHOP": null, "OSM_TYPE": "node", "OSM_ID": 10249381126 }, "geometry": { "type": "Point", "coordinates": [ 23.3828598, 42.6611744 ] } },
{ "type": "Feature", "properties": { "NAME": "Raffy", "NAME_EN": null, "AMENITY": "food_court", "SHOP": null, "OSM_TYPE": "node", "OSM_ID": 10249381141 }, "geometry": { "type": "Point", "coordinates": [ 23.3818514, 42.660768 ] } },
{ "type": "Feature", "properties": { "NAME": "Ola Taste of MED", "NAME_EN": null, "AMENITY": "food_court", "SHOP": null, "OSM_TYPE": "node", "OSM_ID": 10249381516 }, "geometry": { "type": "Point", "coordinates": [ 23.382802, 42.660561 ] } },
{ "type": "Feature", "properties": { "NAME": "Skapto", "NAME_EN": null, "AMENITY": "food_court", "SHOP": null, "OSM_TYPE": "node", "OSM_ID": 10249381517 }, "geometry": { "type": "Point", "coordinates": [ 23.3830018, 42.6604318 ] } },
{ "type": "Feature", "properties": { "NAME": "Senior Burrito", "NAME_EN": null, "AMENITY": "food_court", "SHOP": null, "OSM_TYPE": "node", "OSM_ID": 10249382710 }, "geometry": { "type": "Point", "coordinates": [ 23.3830501, 42.6603993 ] } },
{ "type": "Feature", "properties": { "NAME": "Saha Duner", "NAME_EN": null, "AMENITY": "fast_food", "SHOP": null, "OSM_TYPE": "node", "OSM_ID": 10249669799 }, "geometry": { "type": "Point", "coordinates": [ 23.2851412, 42.6782036 ] } },
{ "type": "Feature", "properties": { "NAME": "La Opera", "NAME_EN": null, "AMENITY": "restaurant", "SHOP": null, "OSM_TYPE": "node", "OSM_ID": 10255485426 }, "geometry": { "type": "Point", "coordinates": [ 23.2744738, 42.6573477 ] } },
{ "type": "Feature", "properties": { "NAME": "Пала Бургер", "NAME_EN": "Palla Burger", "AMENITY": "fast_food", "SHOP": null, "OSM_TYPE": "node", "OSM_ID": 10261424569 }, "geometry": { "type": "Point", "coordinates": [ 23.3426057, 42.6518002 ] } },
{ "type": "Feature", "properties": { "NAME": "RepEat", "NAME_EN": null, "AMENITY": "restaurant", "SHOP": null, "OSM_TYPE": "node", "OSM_ID": 10267707118 }, "geometry": { "type": "Point", "coordinates": [ 23.2676737, 42.6828846 ] } },
{ "type": "Feature", "properties": { "NAME": "Toraldo", "NAME_EN": null, "AMENITY": "cafe", "SHOP": null, "OSM_TYPE": "node", "OSM_ID": 10269298871 }, "geometry": { "type": "Point", "coordinates": [ 23.3436673, 42.7090378 ] } },
{ "type": "Feature", "properties": { "NAME": "Cheat day", "NAME_EN": null, "AMENITY": "restaurant", "SHOP": null, "OSM_TYPE": "node", "OSM_ID": 10269943942 }, "geometry": { "type": "Point", "coordinates": [ 23.3429999, 42.6515744 ] } },
{ "type": "Feature", "properties": { "NAME": "Wok to Walk", "NAME_EN": null, "AMENITY": "fast_food", "SHOP": null, "OSM_TYPE": "node", "OSM_ID": 10272940236 }, "geometry": { "type": "Point", "coordinates": [ 23.3531764, 42.623617 ] } },
{ "type": "Feature", "properties": { "NAME": "Domino's", "NAME_EN": null, "AMENITY": "fast_food", "SHOP": null, "OSM_TYPE": "node", "OSM_ID": 10273264641 }, "geometry": { "type": "Point", "coordinates": [ 23.3440266, 42.6429759 ] } },
{ "type": "Feature", "properties": { "NAME": "Лецковска Скара - При Бракята", "NAME_EN": null, "AMENITY": "fast_food", "SHOP": null, "OSM_TYPE": "node", "OSM_ID": 10273279457 }, "geometry": { "type": "Point", "coordinates": [ 23.3412373, 42.6447138 ] } },
{ "type": "Feature", "properties": { "NAME": "Бабино Село", "NAME_EN": null, "AMENITY": "fast_food", "SHOP": null, "OSM_TYPE": "node", "OSM_ID": 10273318787 }, "geometry": { "type": "Point", "coordinates": [ 23.3421076, 42.6442066 ] } },
{ "type": "Feature", "properties": { "NAME": "Тирол", "NAME_EN": "Tiroln", "AMENITY": "restaurant", "SHOP": null, "OSM_TYPE": "node", "OSM_ID": 10275490709 }, "geometry": { "type": "Point", "coordinates": [ 23.2875532, 42.6597753 ] } },
{ "type": "Feature", "properties": { "NAME": null, "NAME_EN": null, "AMENITY": "fast_food", "SHOP": null, "OSM_TYPE": "node", "OSM_ID": 10276742195 }, "geometry": { "type": "Point", "coordinates": [ 23.3089946, 42.6290822 ] } },
{ "type": "Feature", "properties": { "NAME": null, "NAME_EN": null, "AMENITY": "fast_food", "SHOP": null, "OSM_TYPE": "node", "OSM_ID": 10289305103 }, "geometry": { "type": "Point", "coordinates": [ 23.2851645, 42.6782162 ] } },
{ "type": "Feature", "properties": { "NAME": "Шишарка", "NAME_EN": null, "AMENITY": "restaurant", "SHOP": null, "OSM_TYPE": "node", "OSM_ID": 10295030528 }, "geometry": { "type": "Point", "coordinates": [ 23.2404093, 42.6564062 ] } },
{ "type": "Feature", "properties": { "NAME": null, "NAME_EN": null, "AMENITY": "cafe", "SHOP": null, "OSM_TYPE": "node", "OSM_ID": 10296297998 }, "geometry": { "type": "Point", "coordinates": [ 23.3224429, 42.7111165 ] } },
{ "type": "Feature", "properties": { "NAME": "Нещо вкусно", "NAME_EN": null, "AMENITY": "restaurant", "SHOP": null, "OSM_TYPE": "node", "OSM_ID": 10296373446 }, "geometry": { "type": "Point", "coordinates": [ 23.3713903, 42.6474799 ] } },
{ "type": "Feature", "properties": { "NAME": "Story Bar & Dinner", "NAME_EN": null, "AMENITY": "restaurant", "SHOP": null, "OSM_TYPE": "node", "OSM_ID": 10296510819 }, "geometry": { "type": "Point", "coordinates": [ 23.3438365, 42.6519673 ] } },
{ "type": "Feature", "properties": { "NAME": "Cook Book", "NAME_EN": null, "AMENITY": "restaurant", "SHOP": null, "OSM_TYPE": "node", "OSM_ID": 10296556605 }, "geometry": { "type": "Point", "coordinates": [ 23.3940639, 42.6485848 ] } },
{ "type": "Feature", "properties": { "NAME": "Барбекю", "NAME_EN": null, "AMENITY": "fast_food", "SHOP": null, "OSM_TYPE": "node", "OSM_ID": 10296613421 }, "geometry": { "type": "Point", "coordinates": [ 23.2519499, 42.7409462 ] } },
{ "type": "Feature", "properties": { "NAME": null, "NAME_EN": null, "AMENITY": "fast_food", "SHOP": null, "OSM_TYPE": "node", "OSM_ID": 10296621618 }, "geometry": { "type": "Point", "coordinates": [ 23.3990014, 42.6648032 ] } },
{ "type": "Feature", "properties": { "NAME": "Сам дойдох", "NAME_EN": null, "AMENITY": "restaurant", "SHOP": null, "OSM_TYPE": "node", "OSM_ID": 10296698355 }, "geometry": { "type": "Point", "coordinates": [ 23.4109975, 42.5932516 ] } },
{ "type": "Feature", "properties": { "NAME": "Big Panda", "NAME_EN": null, "AMENITY": "fast_food", "SHOP": null, "OSM_TYPE": "node", "OSM_ID": 10306910194 }, "geometry": { "type": "Point", "coordinates": [ 23.3171691, 42.694756 ] } },
{ "type": "Feature", "properties": { "NAME": "Дюкянь", "NAME_EN": null, "AMENITY": "cafe", "SHOP": null, "OSM_TYPE": "node", "OSM_ID": 10311349148 }, "geometry": { "type": "Point", "coordinates": [ 23.3321263, 42.680944 ] } },
{ "type": "Feature", "properties": { "NAME": "Food Halle", "NAME_EN": null, "AMENITY": "restaurant", "SHOP": null, "OSM_TYPE": "node", "OSM_ID": 10555379925 }, "geometry": { "type": "Point", "coordinates": [ 23.2875879, 42.6559922 ] } },
{ "type": "Feature", "properties": { "NAME": null, "NAME_EN": null, "AMENITY": "fast_food", "SHOP": null, "OSM_TYPE": "node", "OSM_ID": 10569762381 }, "geometry": { "type": "Point", "coordinates": [ 23.2761643, 42.7189202 ] } },
{ "type": "Feature", "properties": { "NAME": "Тополите", "NAME_EN": null, "AMENITY": "restaurant", "SHOP": null, "OSM_TYPE": "node", "OSM_ID": 10584319960 }, "geometry": { "type": "Point", "coordinates": [ 23.3355467, 42.6550446 ] } },
{ "type": "Feature", "properties": { "NAME": "Nutrio", "NAME_EN": null, "AMENITY": "bar", "SHOP": null, "OSM_TYPE": "node", "OSM_ID": 10596723256 }, "geometry": { "type": "Point", "coordinates": [ 23.3335529, 42.6451022 ] } },
{ "type": "Feature", "properties": { "NAME": null, "NAME_EN": null, "AMENITY": "fast_food", "SHOP": null, "OSM_TYPE": "node", "OSM_ID": 10607760759 }, "geometry": { "type": "Point", "coordinates": [ 23.3826224, 42.6744168 ] } },
{ "type": "Feature", "properties": { "NAME": "Grilly", "NAME_EN": null, "AMENITY": "fast_food", "SHOP": null, "OSM_TYPE": "node", "OSM_ID": 10607775926 }, "geometry": { "type": "Point", "coordinates": [ 23.3303853, 42.7043364 ] } },
{ "type": "Feature", "properties": { "NAME": "Златна Хапка", "NAME_EN": null, "AMENITY": "fast_food", "SHOP": null, "OSM_TYPE": "node", "OSM_ID": 10607775927 }, "geometry": { "type": "Point", "coordinates": [ 23.3303294, 42.7043303 ] } },
{ "type": "Feature", "properties": { "NAME": "DÖNERMAN", "NAME_EN": null, "AMENITY": "fast_food", "SHOP": null, "OSM_TYPE": "node", "OSM_ID": 10607836485 }, "geometry": { "type": "Point", "coordinates": [ 23.3006807, 42.7000977 ] } },
{ "type": "Feature", "properties": { "NAME": "Пикник", "NAME_EN": null, "AMENITY": "restaurant", "SHOP": null, "OSM_TYPE": "node", "OSM_ID": 10632602250 }, "geometry": { "type": "Point", "coordinates": [ 23.3829094, 42.6294499 ] } },
{ "type": "Feature", "properties": { "NAME": "Готвеното", "NAME_EN": null, "AMENITY": "restaurant", "SHOP": null, "OSM_TYPE": "node", "OSM_ID": 10636803722 }, "geometry": { "type": "Point", "coordinates": [ 23.3713857, 42.6503324 ] } },
{ "type": "Feature", "properties": { "NAME": "Дюнер Обеля", "NAME_EN": null, "AMENITY": "fast_food", "SHOP": null, "OSM_TYPE": "node", "OSM_ID": 10655298331 }, "geometry": { "type": "Point", "coordinates": [ 23.2506797, 42.7160198 ] } },
{ "type": "Feature", "properties": { "NAME": "Monte", "NAME_EN": null, "AMENITY": "cafe", "SHOP": "health_food", "OSM_TYPE": "node", "OSM_ID": 10685067732 }, "geometry": { "type": "Point", "coordinates": [ 23.2847635, 42.6585268 ] } },
{ "type": "Feature", "properties": { "NAME": "Pepe pizza", "NAME_EN": null, "AMENITY": "fast_food", "SHOP": null, "OSM_TYPE": "node", "OSM_ID": 10685919420 }, "geometry": { "type": "Point", "coordinates": [ 23.3487891, 42.6937553 ] } },
{ "type": "Feature", "properties": { "NAME": "Бистро \"Рибката\"", "NAME_EN": null, "AMENITY": "restaurant", "SHOP": null, "OSM_TYPE": "node", "OSM_ID": 10692949006 }, "geometry": { "type": "Point", "coordinates": [ 23.3753845, 42.6308329 ] } },
{ "type": "Feature", "properties": { "NAME": "Добрият готвач", "NAME_EN": null, "AMENITY": "restaurant", "SHOP": null, "OSM_TYPE": "node", "OSM_ID": 10695196879 }, "geometry": { "type": "Point", "coordinates": [ 23.2837976, 42.6742282 ] } },
{ "type": "Feature", "properties": { "NAME": null, "NAME_EN": null, "AMENITY": "fast_food", "SHOP": null, "OSM_TYPE": "node", "OSM_ID": 10697469288 }, "geometry": { "type": "Point", "coordinates": [ 23.3567039, 42.6951403 ] } },
{ "type": "Feature", "properties": { "NAME": "Под метлите", "NAME_EN": null, "AMENITY": "restaurant", "SHOP": null, "OSM_TYPE": "node", "OSM_ID": 10732341325 }, "geometry": { "type": "Point", "coordinates": [ 23.3040598, 42.6345307 ] } },
{ "type": "Feature", "properties": { "NAME": "Subway", "NAME_EN": null, "AMENITY": "fast_food", "SHOP": null, "OSM_TYPE": "node", "OSM_ID": 10733530519 }, "geometry": { "type": "Point", "coordinates": [ 23.3192411, 42.6854565 ] } },
{ "type": "Feature", "properties": { "NAME": "Сингълс", "NAME_EN": "Bar Singles", "AMENITY": "bar", "SHOP": null, "OSM_TYPE": "node", "OSM_ID": 10742536978 }, "geometry": { "type": "Point", "coordinates": [ 23.3183736, 42.6847786 ] } },
{ "type": "Feature", "properties": { "NAME": "Taste the Seasons", "NAME_EN": null, "AMENITY": "restaurant", "SHOP": null, "OSM_TYPE": "node", "OSM_ID": 10743129377 }, "geometry": { "type": "Point", "coordinates": [ 23.3498486, 42.6569064 ] } },
{ "type": "Feature", "properties": { "NAME": "Black Hawk", "NAME_EN": null, "AMENITY": "restaurant", "SHOP": null, "OSM_TYPE": "node", "OSM_ID": 10744170105 }, "geometry": { "type": "Point", "coordinates": [ 23.2846268, 42.6638211 ] } },
{ "type": "Feature", "properties": { "NAME": "888 Taste Show Asian Cuisine", "NAME_EN": null, "AMENITY": "restaurant", "SHOP": null, "OSM_TYPE": "node", "OSM_ID": 10744669220 }, "geometry": { "type": "Point", "coordinates": [ 23.3152584, 42.6826232 ] } },
{ "type": "Feature", "properties": { "NAME": "Скаричкъ", "NAME_EN": null, "AMENITY": "fast_food", "SHOP": null, "OSM_TYPE": "node", "OSM_ID": 10748637286 }, "geometry": { "type": "Point", "coordinates": [ 23.3599553, 42.6765968 ] } },
{ "type": "Feature", "properties": { "NAME": null, "NAME_EN": null, "AMENITY": "cafe", "SHOP": null, "OSM_TYPE": "node", "OSM_ID": 10748668591 }, "geometry": { "type": "Point", "coordinates": [ 23.3604725, 42.6783104 ] } },
{ "type": "Feature", "properties": { "NAME": "Twist&Go", "NAME_EN": null, "AMENITY": "fast_food", "SHOP": null, "OSM_TYPE": "node", "OSM_ID": 10748678462 }, "geometry": { "type": "Point", "coordinates": [ 23.361236, 42.6790578 ] } },
{ "type": "Feature", "properties": { "NAME": "Теса", "NAME_EN": null, "AMENITY": "fast_food", "SHOP": null, "OSM_TYPE": "node", "OSM_ID": 10750969690 }, "geometry": { "type": "Point", "coordinates": [ 23.3654426, 42.6730408 ] } },
{ "type": "Feature", "properties": { "NAME": "da Bono", "NAME_EN": null, "AMENITY": "restaurant", "SHOP": null, "OSM_TYPE": "node", "OSM_ID": 10760941358 }, "geometry": { "type": "Point", "coordinates": [ 23.2902529, 42.6779183 ] } },
{ "type": "Feature", "properties": { "NAME": "Зад ъгъла", "NAME_EN": null, "AMENITY": "fast_food", "SHOP": null, "OSM_TYPE": "node", "OSM_ID": 10760941363 }, "geometry": { "type": "Point", "coordinates": [ 23.2909493, 42.6782186 ] } },
{ "type": "Feature", "properties": { "NAME": null, "NAME_EN": null, "AMENITY": "fast_food", "SHOP": null, "OSM_TYPE": "node", "OSM_ID": 10762109044 }, "geometry": { "type": "Point", "coordinates": [ 23.2861212, 42.6776754 ] } },
{ "type": "Feature", "properties": { "NAME": "Бащиното село", "NAME_EN": null, "AMENITY": "restaurant", "SHOP": null, "OSM_TYPE": "node", "OSM_ID": 10767774502 }, "geometry": { "type": "Point", "coordinates": [ 23.2633422, 42.6493133 ] } },
{ "type": "Feature", "properties": { "NAME": "Малина", "NAME_EN": null, "AMENITY": "cafe", "SHOP": null, "OSM_TYPE": "node", "OSM_ID": 10775481410 }, "geometry": { "type": "Point", "coordinates": [ 23.3626821, 42.6784036 ] } },
{ "type": "Feature", "properties": { "NAME": null, "NAME_EN": null, "AMENITY": "cafe", "SHOP": null, "OSM_TYPE": "node", "OSM_ID": 10781742859 }, "geometry": { "type": "Point", "coordinates": [ 23.3083815, 42.6761942 ] } },
{ "type": "Feature", "properties": { "NAME": null, "NAME_EN": null, "AMENITY": "fast_food", "SHOP": null, "OSM_TYPE": "node", "OSM_ID": 10784950442 }, "geometry": { "type": "Point", "coordinates": [ 23.3034276, 42.6764817 ] } },
{ "type": "Feature", "properties": { "NAME": "Шампионите на дюнера", "NAME_EN": null, "AMENITY": "fast_food", "SHOP": null, "OSM_TYPE": "node", "OSM_ID": 10785256768 }, "geometry": { "type": "Point", "coordinates": [ 23.3035281, 42.6769124 ] } },
{ "type": "Feature", "properties": { "NAME": null, "NAME_EN": null, "AMENITY": "fast_food", "SHOP": null, "OSM_TYPE": "node", "OSM_ID": 10785314315 }, "geometry": { "type": "Point", "coordinates": [ 23.3034144, 42.6767673 ] } },
{ "type": "Feature", "properties": { "NAME": "Нож и вилица", "NAME_EN": null, "AMENITY": "restaurant", "SHOP": null, "OSM_TYPE": "node", "OSM_ID": 10785314316 }, "geometry": { "type": "Point", "coordinates": [ 23.303412, 42.6767364 ] } },
{ "type": "Feature", "properties": { "NAME": null, "NAME_EN": null, "AMENITY": "fast_food", "SHOP": null, "OSM_TYPE": "node", "OSM_ID": 10785314318 }, "geometry": { "type": "Point", "coordinates": [ 23.3039039, 42.6766441 ] } },
{ "type": "Feature", "properties": { "NAME": "Kamori", "NAME_EN": null, "AMENITY": "cafe", "SHOP": null, "OSM_TYPE": "node", "OSM_ID": 10788309966 }, "geometry": { "type": "Point", "coordinates": [ 23.3290822, 42.6708343 ] } },
{ "type": "Feature", "properties": { "NAME": "Healthy bite", "NAME_EN": null, "AMENITY": "cafe", "SHOP": null, "OSM_TYPE": "node", "OSM_ID": 10794824501 }, "geometry": { "type": "Point", "coordinates": [ 23.3004647, 42.6844841 ] } },
{ "type": "Feature", "properties": { "NAME": "Soho", "NAME_EN": null, "AMENITY": "cafe", "SHOP": null, "OSM_TYPE": "node", "OSM_ID": 10795579099 }, "geometry": { "type": "Point", "coordinates": [ 23.2881605, 42.6641527 ] } },
{ "type": "Feature", "properties": { "NAME": "Miral", "NAME_EN": null, "AMENITY": "fast_food", "SHOP": null, "OSM_TYPE": "node", "OSM_ID": 10804069089 }, "geometry": { "type": "Point", "coordinates": [ 23.3290716, 42.6950127 ] } },
{ "type": "Feature", "properties": { "NAME": null, "NAME_EN": null, "AMENITY": "cafe", "SHOP": null, "OSM_TYPE": "node", "OSM_ID": 10804583886 }, "geometry": { "type": "Point", "coordinates": [ 23.3042932, 42.6760484 ] } },
{ "type": "Feature", "properties": { "NAME": "Opa", "NAME_EN": null, "AMENITY": "restaurant", "SHOP": null, "OSM_TYPE": "node", "OSM_ID": 10807037964 }, "geometry": { "type": "Point", "coordinates": [ 23.3206696, 42.6936962 ] } },
{ "type": "Feature", "properties": { "NAME": "Вкусното кебапче", "NAME_EN": null, "AMENITY": "fast_food", "SHOP": null, "OSM_TYPE": "node", "OSM_ID": 10807147499 }, "geometry": { "type": "Point", "coordinates": [ 23.2796506, 42.668914 ] } },
{ "type": "Feature", "properties": { "NAME": "Борово", "NAME_EN": null, "AMENITY": "fast_food", "SHOP": null, "OSM_TYPE": "node", "OSM_ID": 10807167317 }, "geometry": { "type": "Point", "coordinates": [ 23.2795436, 42.6688089 ] } },
{ "type": "Feature", "properties": { "NAME": "Alrayaan Foods", "NAME_EN": null, "AMENITY": "fast_food", "SHOP": null, "OSM_TYPE": "node", "OSM_ID": 10819060400 }, "geometry": { "type": "Point", "coordinates": [ 23.3528003, 42.6693104 ] } },
{ "type": "Feature", "properties": { "NAME": "Cinecitta Osteria Italiana", "NAME_EN": null, "AMENITY": "restaurant", "SHOP": null, "OSM_TYPE": "node", "OSM_ID": 10825906377 }, "geometry": { "type": "Point", "coordinates": [ 23.2828436, 42.643133 ] } },
{ "type": "Feature", "properties": { "NAME": "Джумаята", "NAME_EN": null, "AMENITY": "fast_food", "SHOP": null, "OSM_TYPE": "node", "OSM_ID": 10829040841 }, "geometry": { "type": "Point", "coordinates": [ 23.3360382, 42.6986596 ] } },
{ "type": "Feature", "properties": { "NAME": "Арабията", "NAME_EN": null, "AMENITY": "restaurant", "SHOP": null, "OSM_TYPE": "node", "OSM_ID": 10829512971 }, "geometry": { "type": "Point", "coordinates": [ 23.3587617, 42.6555587 ] } },
{ "type": "Feature", "properties": { "NAME": null, "NAME_EN": null, "AMENITY": "fast_food", "SHOP": null, "OSM_TYPE": "node", "OSM_ID": 10829518081 }, "geometry": { "type": "Point", "coordinates": [ 23.3537127, 42.6573931 ] } },
{ "type": "Feature", "properties": { "NAME": "Raffy", "NAME_EN": null, "AMENITY": "cafe", "SHOP": null, "OSM_TYPE": "node", "OSM_ID": 10832071392 }, "geometry": { "type": "Point", "coordinates": [ 23.3402032, 42.693522 ] } },
{ "type": "Feature", "properties": { "NAME": "Manja kitchen", "NAME_EN": null, "AMENITY": "restaurant", "SHOP": null, "OSM_TYPE": "node", "OSM_ID": 10832078263 }, "geometry": { "type": "Point", "coordinates": [ 23.3375099, 42.691166 ] } },
{ "type": "Feature", "properties": { "NAME": "The Embassy Suites & Cafe Bar Memento", "NAME_EN": null, "AMENITY": "cafe", "SHOP": null, "OSM_TYPE": "node", "OSM_ID": 10833381677 }, "geometry": { "type": "Point", "coordinates": [ 23.3432605, 42.6926539 ] } },
{ "type": "Feature", "properties": { "NAME": "The Holy Smokes BBQ", "NAME_EN": null, "AMENITY": "restaurant", "SHOP": null, "OSM_TYPE": "node", "OSM_ID": 10833708879 }, "geometry": { "type": "Point", "coordinates": [ 23.3174783, 42.6772949 ] } },
{ "type": "Feature", "properties": { "NAME": "Bubble Waffles", "NAME_EN": null, "AMENITY": "fast_food", "SHOP": null, "OSM_TYPE": "node", "OSM_ID": 10836246814 }, "geometry": { "type": "Point", "coordinates": [ 23.2931173, 42.7359189 ] } },
{ "type": "Feature", "properties": { "NAME": "Tortilla shack", "NAME_EN": null, "AMENITY": "fast_food", "SHOP": null, "OSM_TYPE": "node", "OSM_ID": 10837317501 }, "geometry": { "type": "Point", "coordinates": [ 23.3579593, 42.6569492 ] } },
{ "type": "Feature", "properties": { "NAME": "Bardero", "NAME_EN": null, "AMENITY": "fast_food", "SHOP": null, "OSM_TYPE": "node", "OSM_ID": 10837364614 }, "geometry": { "type": "Point", "coordinates": [ 23.3578341, 42.6569208 ] } },
{ "type": "Feature", "properties": { "NAME": "IP chef's Balkan grill station", "NAME_EN": null, "AMENITY": "fast_food", "SHOP": null, "OSM_TYPE": "node", "OSM_ID": 10844457552 }, "geometry": { "type": "Point", "coordinates": [ 23.3186042, 42.6605264 ] } },
{ "type": "Feature", "properties": { "NAME": "The Espressonist", "NAME_EN": null, "AMENITY": "cafe", "SHOP": null, "OSM_TYPE": "node", "OSM_ID": 10845311282 }, "geometry": { "type": "Point", "coordinates": [ 23.3146962, 42.6892532 ] } },
{ "type": "Feature", "properties": { "NAME": "Велчеви", "NAME_EN": null, "AMENITY": "cafe", "SHOP": null, "OSM_TYPE": "node", "OSM_ID": 10846321669 }, "geometry": { "type": "Point", "coordinates": [ 23.3956807, 42.6486851 ] } },
{ "type": "Feature", "properties": { "NAME": "Соле мио", "NAME_EN": null, "AMENITY": "fast_food", "SHOP": null, "OSM_TYPE": "node", "OSM_ID": 10846432387 }, "geometry": { "type": "Point", "coordinates": [ 23.3351759, 42.691622 ] } },
{ "type": "Feature", "properties": { "NAME": "The XperimenT", "NAME_EN": null, "AMENITY": "restaurant", "SHOP": null, "OSM_TYPE": "node", "OSM_ID": 10851018028 }, "geometry": { "type": "Point", "coordinates": [ 23.3656985, 42.666673 ] } },
{ "type": "Feature", "properties": { "NAME": "6-те кьошета", "NAME_EN": null, "AMENITY": "cafe", "SHOP": null, "OSM_TYPE": "node", "OSM_ID": 10853556144 }, "geometry": { "type": "Point", "coordinates": [ 23.3127348, 42.6891884 ] } },
{ "type": "Feature", "properties": { "NAME": "Vogue bar and dinner", "NAME_EN": null, "AMENITY": "restaurant", "SHOP": null, "OSM_TYPE": "node", "OSM_ID": 10854043655 }, "geometry": { "type": "Point", "coordinates": [ 23.2627579, 42.7149779 ] } },
{ "type": "Feature", "properties": { "NAME": null, "NAME_EN": null, "AMENITY": "cafe", "SHOP": null, "OSM_TYPE": "node", "OSM_ID": 10861685755 }, "geometry": { "type": "Point", "coordinates": [ 23.3363507, 42.6174399 ] } },
{ "type": "Feature", "properties": { "NAME": null, "NAME_EN": null, "AMENITY": "cafe", "SHOP": null, "OSM_TYPE": "node", "OSM_ID": 10861685756 }, "geometry": { "type": "Point", "coordinates": [ 23.3374505, 42.6164532 ] } },
{ "type": "Feature", "properties": { "NAME": null, "NAME_EN": null, "AMENITY": "fast_food", "SHOP": null, "OSM_TYPE": "node", "OSM_ID": 10861685757 }, "geometry": { "type": "Point", "coordinates": [ 23.3374637, 42.6164386 ] } },
{ "type": "Feature", "properties": { "NAME": null, "NAME_EN": null, "AMENITY": "fast_food", "SHOP": null, "OSM_TYPE": "node", "OSM_ID": 10861685759 }, "geometry": { "type": "Point", "coordinates": [ 23.3374922, 42.6164072 ] } },
{ "type": "Feature", "properties": { "NAME": "TT eduspace", "NAME_EN": null, "AMENITY": "cafe", "SHOP": null, "OSM_TYPE": "node", "OSM_ID": 10862392058 }, "geometry": { "type": "Point", "coordinates": [ 23.2954993, 42.6749605 ] } },
{ "type": "Feature", "properties": { "NAME": "Shahrayar", "NAME_EN": null, "AMENITY": "fast_food", "SHOP": null, "OSM_TYPE": "node", "OSM_ID": 10862609278 }, "geometry": { "type": "Point", "coordinates": [ 23.3401211, 42.644908 ] } },
{ "type": "Feature", "properties": { "NAME": "Legendary Barbeque", "NAME_EN": null, "AMENITY": "restaurant", "SHOP": null, "OSM_TYPE": "node", "OSM_ID": 10862715583 }, "geometry": { "type": "Point", "coordinates": [ 23.3414301, 42.648308 ] } },
{ "type": "Feature", "properties": { "NAME": "MAX Вкусно", "NAME_EN": null, "AMENITY": "fast_food", "SHOP": null, "OSM_TYPE": "node", "OSM_ID": 10867294809 }, "geometry": { "type": "Point", "coordinates": [ 23.308978, 42.7070347 ] } },
{ "type": "Feature", "properties": { "NAME": null, "NAME_EN": null, "AMENITY": "fast_food", "SHOP": null, "OSM_TYPE": "node", "OSM_ID": 10867683697 }, "geometry": { "type": "Point", "coordinates": [ 23.3024883, 42.6702699 ] } },
{ "type": "Feature", "properties": { "NAME": "Nero", "NAME_EN": null, "AMENITY": "cafe", "SHOP": null, "OSM_TYPE": "node", "OSM_ID": 10867752967 }, "geometry": { "type": "Point", "coordinates": [ 23.2860088, 42.6568024 ] } },
{ "type": "Feature", "properties": { "NAME": "Fuzzy", "NAME_EN": null, "AMENITY": "bar", "SHOP": null, "OSM_TYPE": "node", "OSM_ID": 10880709510 }, "geometry": { "type": "Point", "coordinates": [ 23.329978, 42.6841894 ] } },
{ "type": "Feature", "properties": { "NAME": "Кафе-бираия", "NAME_EN": null, "AMENITY": "cafe", "SHOP": null, "OSM_TYPE": "node", "OSM_ID": 10894582206 }, "geometry": { "type": "Point", "coordinates": [ 23.2371903, 42.6102703 ] } },
{ "type": "Feature", "properties": { "NAME": "Ла Рока", "NAME_EN": "La Rocca", "AMENITY": "restaurant", "SHOP": null, "OSM_TYPE": "node", "OSM_ID": 10895685335 }, "geometry": { "type": "Point", "coordinates": [ 23.3796027, 42.6425055 ] } },
{ "type": "Feature", "properties": { "NAME": "Maria espresso room", "NAME_EN": null, "AMENITY": "cafe", "SHOP": null, "OSM_TYPE": "node", "OSM_ID": 10899577256 }, "geometry": { "type": "Point", "coordinates": [ 23.3418579, 42.6487742 ] } },
{ "type": "Feature", "properties": { "NAME": "Meat&beer", "NAME_EN": null, "AMENITY": "fast_food", "SHOP": null, "OSM_TYPE": "node", "OSM_ID": 10904700615 }, "geometry": { "type": "Point", "coordinates": [ 23.3215982, 42.6715505 ] } },
{ "type": "Feature", "properties": { "NAME": "Fresh&Go", "NAME_EN": null, "AMENITY": "cafe", "SHOP": null, "OSM_TYPE": "node", "OSM_ID": 10906095085 }, "geometry": { "type": "Point", "coordinates": [ 23.2771946, 42.669244 ] } },
{ "type": "Feature", "properties": { "NAME": "Stuart Little kids zone cafe", "NAME_EN": null, "AMENITY": "cafe", "SHOP": null, "OSM_TYPE": "node", "OSM_ID": 10908601060 }, "geometry": { "type": "Point", "coordinates": [ 23.3135035, 42.6602879 ] } },
{ "type": "Feature", "properties": { "NAME": null, "NAME_EN": null, "AMENITY": "fast_food", "SHOP": null, "OSM_TYPE": "node", "OSM_ID": 10912960674 }, "geometry": { "type": "Point", "coordinates": [ 23.2794945, 42.6688128 ] } },
{ "type": "Feature", "properties": { "NAME": "Лилан", "NAME_EN": null, "AMENITY": "fast_food", "SHOP": null, "OSM_TYPE": "node", "OSM_ID": 10915037020 }, "geometry": { "type": "Point", "coordinates": [ 23.2779593, 42.6691873 ] } },
{ "type": "Feature", "properties": { "NAME": "South park", "NAME_EN": null, "AMENITY": "cafe", "SHOP": null, "OSM_TYPE": "node", "OSM_ID": 10928624017 }, "geometry": { "type": "Point", "coordinates": [ 23.3017542, 42.665667 ] } },
{ "type": "Feature", "properties": { "NAME": "Il peperoncino", "NAME_EN": null, "AMENITY": "fast_food", "SHOP": null, "OSM_TYPE": "node", "OSM_ID": 10928760355 }, "geometry": { "type": "Point", "coordinates": [ 23.3247643, 42.6593223 ] } },
{ "type": "Feature", "properties": { "NAME": "Chimi churri", "NAME_EN": null, "AMENITY": "fast_food", "SHOP": null, "OSM_TYPE": "node", "OSM_ID": 10928776562 }, "geometry": { "type": "Point", "coordinates": [ 23.315988, 42.6507037 ] } },
{ "type": "Feature", "properties": { "NAME": "Healtholic", "NAME_EN": null, "AMENITY": "fast_food", "SHOP": null, "OSM_TYPE": "node", "OSM_ID": 10928776771 }, "geometry": { "type": "Point", "coordinates": [ 23.316436, 42.650807 ] } },
{ "type": "Feature", "properties": { "NAME": "Vivenda", "NAME_EN": null, "AMENITY": "restaurant", "SHOP": null, "OSM_TYPE": "node", "OSM_ID": 10928778237 }, "geometry": { "type": "Point", "coordinates": [ 23.3156756, 42.6497382 ] } },
{ "type": "Feature", "properties": { "NAME": "EatBox Food Park", "NAME_EN": null, "AMENITY": "food_court", "SHOP": null, "OSM_TYPE": "node", "OSM_ID": 10928873161 }, "geometry": { "type": "Point", "coordinates": [ 23.3164174, 42.6506207 ] } },
{ "type": "Feature", "properties": { "NAME": "Pantastic", "NAME_EN": null, "AMENITY": "fast_food", "SHOP": null, "OSM_TYPE": "node", "OSM_ID": 10928922444 }, "geometry": { "type": "Point", "coordinates": [ 23.3164065, 42.6506463 ] } },
{ "type": "Feature", "properties": { "NAME": "Eden brunch", "NAME_EN": null, "AMENITY": "fast_food", "SHOP": null, "OSM_TYPE": "node", "OSM_ID": 10928922454 }, "geometry": { "type": "Point", "coordinates": [ 23.3161001, 42.6509013 ] } },
{ "type": "Feature", "properties": { "NAME": "Ale House", "NAME_EN": null, "AMENITY": "pub", "SHOP": null, "OSM_TYPE": "node", "OSM_ID": 10928922455 }, "geometry": { "type": "Point", "coordinates": [ 23.316143, 42.6508984 ] } },
{ "type": "Feature", "properties": { "NAME": "Stick & Soup bar", "NAME_EN": null, "AMENITY": "fast_food", "SHOP": null, "OSM_TYPE": "node", "OSM_ID": 10928922456 }, "geometry": { "type": "Point", "coordinates": [ 23.3161859, 42.6508934 ] } },
{ "type": "Feature", "properties": { "NAME": "Къри", "NAME_EN": null, "AMENITY": "restaurant", "SHOP": null, "OSM_TYPE": "node", "OSM_ID": 10928977374 }, "geometry": { "type": "Point", "coordinates": [ 23.3615121, 42.5864879 ] } },
{ "type": "Feature", "properties": { "NAME": null, "NAME_EN": null, "AMENITY": "fast_food", "SHOP": null, "OSM_TYPE": "node", "OSM_ID": 10929738029 }, "geometry": { "type": "Point", "coordinates": [ 23.2794123, 42.6688387 ] } },
{ "type": "Feature", "properties": { "NAME": "Бистришка Скара", "NAME_EN": null, "AMENITY": "restaurant", "SHOP": null, "OSM_TYPE": "node", "OSM_ID": 10931546876 }, "geometry": { "type": "Point", "coordinates": [ 23.3596715, 42.5862317 ] } },
{ "type": "Feature", "properties": { "NAME": "Adoro", "NAME_EN": null, "AMENITY": "fast_food", "SHOP": null, "OSM_TYPE": "node", "OSM_ID": 10931670779 }, "geometry": { "type": "Point", "coordinates": [ 23.3168628, 42.6628272 ] } },
{ "type": "Feature", "properties": { "NAME": "Добревски", "NAME_EN": null, "AMENITY": "restaurant", "SHOP": null, "OSM_TYPE": "node", "OSM_ID": 10931719197 }, "geometry": { "type": "Point", "coordinates": [ 23.3217098, 42.6624794 ] } },
{ "type": "Feature", "properties": { "NAME": "Глад ли", "NAME_EN": null, "AMENITY": "fast_food", "SHOP": null, "OSM_TYPE": "node", "OSM_ID": 10932537022 }, "geometry": { "type": "Point", "coordinates": [ 23.2884112, 42.6695595 ] } },
{ "type": "Feature", "properties": { "NAME": "Ла манджа", "NAME_EN": null, "AMENITY": "fast_food", "SHOP": null, "OSM_TYPE": "node", "OSM_ID": 10932537029 }, "geometry": { "type": "Point", "coordinates": [ 23.2855037, 42.6682431 ] } },
{ "type": "Feature", "properties": { "NAME": "Mother Fathers", "NAME_EN": null, "AMENITY": "cafe", "SHOP": null, "OSM_TYPE": "node", "OSM_ID": 10933640197 }, "geometry": { "type": "Point", "coordinates": [ 23.3329358, 42.6933738 ] } },
{ "type": "Feature", "properties": { "NAME": "Ravenna", "NAME_EN": null, "AMENITY": "restaurant", "SHOP": null, "OSM_TYPE": "node", "OSM_ID": 10934138839 }, "geometry": { "type": "Point", "coordinates": [ 23.4117959, 42.644205 ] } },
{ "type": "Feature", "properties": { "NAME": "Дюнери, бургери, хотдог", "NAME_EN": null, "AMENITY": "fast_food", "SHOP": null, "OSM_TYPE": "node", "OSM_ID": 10934155281 }, "geometry": { "type": "Point", "coordinates": [ 23.4118947, 42.6440062 ] } },
{ "type": "Feature", "properties": { "NAME": "Blend", "NAME_EN": null, "AMENITY": "restaurant", "SHOP": null, "OSM_TYPE": "node", "OSM_ID": 10936666684 }, "geometry": { "type": "Point", "coordinates": [ 23.313257, 42.6563373 ] } },
{ "type": "Feature", "properties": { "NAME": "София мел", "NAME_EN": null, "AMENITY": "fast_food", "SHOP": null, "OSM_TYPE": "node", "OSM_ID": 10938955831 }, "geometry": { "type": "Point", "coordinates": [ 23.2793623, 42.6688545 ] } },
{ "type": "Feature", "properties": { "NAME": "Circles Donut & Bagel Shop", "NAME_EN": null, "AMENITY": "fast_food", "SHOP": null, "OSM_TYPE": "node", "OSM_ID": 10940310782 }, "geometry": { "type": "Point", "coordinates": [ 23.3206871, 42.7016372 ] } },
{ "type": "Feature", "properties": { "NAME": "Pavilion 24", "NAME_EN": null, "AMENITY": "cafe", "SHOP": null, "OSM_TYPE": "node", "OSM_ID": 10941899715 }, "geometry": { "type": "Point", "coordinates": [ 23.3616022, 42.6793884 ] } },
{ "type": "Feature", "properties": { "NAME": "Emdo бар-магазин", "NAME_EN": null, "AMENITY": "bar", "SHOP": null, "OSM_TYPE": "node", "OSM_ID": 10943790363 }, "geometry": { "type": "Point", "coordinates": [ 23.3652905, 42.6838231 ] } },
{ "type": "Feature", "properties": { "NAME": "Blue Taste Poke", "NAME_EN": null, "AMENITY": "fast_food", "SHOP": null, "OSM_TYPE": "node", "OSM_ID": 10944558756 }, "geometry": { "type": "Point", "coordinates": [ 23.3202278, 42.6935677 ] } },
{ "type": "Feature", "properties": { "NAME": "Arabesk", "NAME_EN": null, "AMENITY": "bar", "SHOP": null, "OSM_TYPE": "node", "OSM_ID": 10945833000 }, "geometry": { "type": "Point", "coordinates": [ 23.3405364, 42.6500029 ] } },
{ "type": "Feature", "properties": { "NAME": "Diel", "NAME_EN": null, "AMENITY": "bar", "SHOP": null, "OSM_TYPE": "node", "OSM_ID": 10945835878 }, "geometry": { "type": "Point", "coordinates": [ 23.3401286, 42.6509289 ] } },
{ "type": "Feature", "properties": { "NAME": "Lux", "NAME_EN": null, "AMENITY": "bar", "SHOP": null, "OSM_TYPE": "node", "OSM_ID": 10945837869 }, "geometry": { "type": "Point", "coordinates": [ 23.3400515, 42.6500242 ] } },
{ "type": "Feature", "properties": { "NAME": "Sky lounge", "NAME_EN": null, "AMENITY": "bar", "SHOP": null, "OSM_TYPE": "node", "OSM_ID": 10945846153 }, "geometry": { "type": "Point", "coordinates": [ 23.3404712, 42.6508898 ] } },
{ "type": "Feature", "properties": { "NAME": "Nura", "NAME_EN": null, "AMENITY": "fast_food", "SHOP": null, "OSM_TYPE": "node", "OSM_ID": 10946383163 }, "geometry": { "type": "Point", "coordinates": [ 23.3023525, 42.6843886 ] } },
{ "type": "Feature", "properties": { "NAME": "GoGrill", "NAME_EN": null, "AMENITY": "fast_food", "SHOP": null, "OSM_TYPE": "node", "OSM_ID": 10959441791 }, "geometry": { "type": "Point", "coordinates": [ 23.3833346, 42.6288179 ] } },
{ "type": "Feature", "properties": { "NAME": null, "NAME_EN": null, "AMENITY": "fast_food", "SHOP": null, "OSM_TYPE": "node", "OSM_ID": 10969642457 }, "geometry": { "type": "Point", "coordinates": [ 23.2796379, 42.6754778 ] } },
{ "type": "Feature", "properties": { "NAME": "Нееко", "NAME_EN": null, "AMENITY": "restaurant", "SHOP": null, "OSM_TYPE": "node", "OSM_ID": 10971322905 }, "geometry": { "type": "Point", "coordinates": [ 23.3218292, 42.6894995 ] } },
{ "type": "Feature", "properties": { "NAME": "При приятелите", "NAME_EN": null, "AMENITY": "fast_food", "SHOP": null, "OSM_TYPE": "node", "OSM_ID": 10974915136 }, "geometry": { "type": "Point", "coordinates": [ 23.2697181, 42.666706 ] } },
{ "type": "Feature", "properties": { "NAME": null, "NAME_EN": null, "AMENITY": "fast_food", "SHOP": null, "OSM_TYPE": "node", "OSM_ID": 10978473230 }, "geometry": { "type": "Point", "coordinates": [ 23.3525423, 42.668824 ] } },
{ "type": "Feature", "properties": { "NAME": "Yo2Dinner", "NAME_EN": null, "AMENITY": "cafe", "SHOP": null, "OSM_TYPE": "node", "OSM_ID": 10980030253 }, "geometry": { "type": "Point", "coordinates": [ 23.3487936, 42.6509449 ] } },
{ "type": "Feature", "properties": { "NAME": "Skapto", "NAME_EN": "Skapto", "AMENITY": "fast_food", "SHOP": null, "OSM_TYPE": "node", "OSM_ID": 10980555875 }, "geometry": { "type": "Point", "coordinates": [ 23.2880733, 42.6640125 ] } },
{ "type": "Feature", "properties": { "NAME": "Skapto", "NAME_EN": "Skapto", "AMENITY": "fast_food", "SHOP": null, "OSM_TYPE": "node", "OSM_ID": 10980555876 }, "geometry": { "type": "Point", "coordinates": [ 23.3090615, 42.6984321 ] } },
{ "type": "Feature", "properties": { "NAME": "Skapto", "NAME_EN": "Skapto", "AMENITY": "fast_food", "SHOP": null, "OSM_TYPE": "node", "OSM_ID": 10980555878 }, "geometry": { "type": "Point", "coordinates": [ 23.38312, 42.6602786 ] } },
{ "type": "Feature", "properties": { "NAME": "Skapto", "NAME_EN": "Skapto", "AMENITY": "fast_food", "SHOP": null, "OSM_TYPE": "node", "OSM_ID": 10980555879 }, "geometry": { "type": "Point", "coordinates": [ 23.3745181, 42.6297356 ] } },
{ "type": "Feature", "properties": { "NAME": "Amore", "NAME_EN": null, "AMENITY": "fast_food", "SHOP": null, "OSM_TYPE": "node", "OSM_ID": 10984521704 }, "geometry": { "type": "Point", "coordinates": [ 23.2875583, 42.6770362 ] } },
{ "type": "Feature", "properties": { "NAME": null, "NAME_EN": null, "AMENITY": "fast_food", "SHOP": null, "OSM_TYPE": "node", "OSM_ID": 10994428459 }, "geometry": { "type": "Point", "coordinates": [ 23.3498775, 42.696339 ] } },
{ "type": "Feature", "properties": { "NAME": "Българска баница", "NAME_EN": null, "AMENITY": "fast_food", "SHOP": null, "OSM_TYPE": "node", "OSM_ID": 10994442553 }, "geometry": { "type": "Point", "coordinates": [ 23.3500885, 42.6963662 ] } },
{ "type": "Feature", "properties": { "NAME": "Цитаделата", "NAME_EN": null, "AMENITY": "bar", "SHOP": null, "OSM_TYPE": "node", "OSM_ID": 11001334019 }, "geometry": { "type": "Point", "coordinates": [ 23.3723118, 42.6843964 ] } },
{ "type": "Feature", "properties": { "NAME": "Cafe del mar", "NAME_EN": null, "AMENITY": "bar", "SHOP": null, "OSM_TYPE": "node", "OSM_ID": 11001335235 }, "geometry": { "type": "Point", "coordinates": [ 23.372296, 42.6841285 ] } },
{ "type": "Feature", "properties": { "NAME": null, "NAME_EN": null, "AMENITY": "fast_food", "SHOP": null, "OSM_TYPE": "node", "OSM_ID": 11001707675 }, "geometry": { "type": "Point", "coordinates": [ 23.2873592, 42.6743952 ] } },
{ "type": "Feature", "properties": { "NAME": "Agapi", "NAME_EN": null, "AMENITY": "restaurant", "SHOP": null, "OSM_TYPE": "node", "OSM_ID": 11003414874 }, "geometry": { "type": "Point", "coordinates": [ 23.2799233, 42.6692919 ] } },
{ "type": "Feature", "properties": { "NAME": null, "NAME_EN": null, "AMENITY": "restaurant", "SHOP": null, "OSM_TYPE": "node", "OSM_ID": 11006033674 }, "geometry": { "type": "Point", "coordinates": [ 23.3578888, 42.5856272 ] } },
{ "type": "Feature", "properties": { "NAME": "Caramel Relax Bar & Dinner", "NAME_EN": "Caramel Relax Bar & Dinner", "AMENITY": "restaurant", "SHOP": null, "OSM_TYPE": "node", "OSM_ID": 11014041060 }, "geometry": { "type": "Point", "coordinates": [ 23.3587509, 42.6569864 ] } },
{ "type": "Feature", "properties": { "NAME": "Smiles", "NAME_EN": null, "AMENITY": "fast_food", "SHOP": null, "OSM_TYPE": "node", "OSM_ID": 11014065115 }, "geometry": { "type": "Point", "coordinates": [ 23.3577222, 42.6569271 ] } },
{ "type": "Feature", "properties": { "NAME": "Двата лъва", "NAME_EN": null, "AMENITY": "fast_food", "SHOP": null, "OSM_TYPE": "node", "OSM_ID": 11016474517 }, "geometry": { "type": "Point", "coordinates": [ 23.2896003, 42.6751743 ] } },
{ "type": "Feature", "properties": { "NAME": "Кулинарна къща", "NAME_EN": null, "AMENITY": "fast_food", "SHOP": null, "OSM_TYPE": "node", "OSM_ID": 11026035167 }, "geometry": { "type": "Point", "coordinates": [ 23.289448, 42.6700563 ] } },
{ "type": "Feature", "properties": { "NAME": "Mone", "NAME_EN": null, "AMENITY": "cafe", "SHOP": null, "OSM_TYPE": "node", "OSM_ID": 11026035169 }, "geometry": { "type": "Point", "coordinates": [ 23.2909977, 42.6691033 ] } },
{ "type": "Feature", "properties": { "NAME": "VIP Milko's", "NAME_EN": null, "AMENITY": "restaurant", "SHOP": null, "OSM_TYPE": "node", "OSM_ID": 11026067469 }, "geometry": { "type": "Point", "coordinates": [ 23.2884051, 42.6700751 ] } },
{ "type": "Feature", "properties": { "NAME": "Лозенци", "NAME_EN": null, "AMENITY": "restaurant", "SHOP": null, "OSM_TYPE": "node", "OSM_ID": 11026531615 }, "geometry": { "type": "Point", "coordinates": [ 23.3333428, 42.6759873 ] } },
{ "type": "Feature", "properties": { "NAME": "Суши маркет", "NAME_EN": null, "AMENITY": "fast_food", "SHOP": null, "OSM_TYPE": "node", "OSM_ID": 11027617129 }, "geometry": { "type": "Point", "coordinates": [ 23.2957949, 42.666505 ] } },
{ "type": "Feature", "properties": { "NAME": "Angi", "NAME_EN": null, "AMENITY": "cafe", "SHOP": null, "OSM_TYPE": "node", "OSM_ID": 11028118849 }, "geometry": { "type": "Point", "coordinates": [ 23.2830895, 42.6753972 ] } },
{ "type": "Feature", "properties": { "NAME": "При бай Стоил", "NAME_EN": null, "AMENITY": "fast_food", "SHOP": null, "OSM_TYPE": "node", "OSM_ID": 11030768988 }, "geometry": { "type": "Point", "coordinates": [ 23.2771604, 42.6692591 ] } },
{ "type": "Feature", "properties": { "NAME": "Kebap Haus", "NAME_EN": null, "AMENITY": "fast_food", "SHOP": null, "OSM_TYPE": "node", "OSM_ID": 11034447693 }, "geometry": { "type": "Point", "coordinates": [ 23.3411719, 42.6431439 ] } },
{ "type": "Feature", "properties": { "NAME": "Скара на жар", "NAME_EN": null, "AMENITY": "fast_food", "SHOP": null, "OSM_TYPE": "node", "OSM_ID": 11034484162 }, "geometry": { "type": "Point", "coordinates": [ 23.272858, 42.6723823 ] } },
{ "type": "Feature", "properties": { "NAME": "Червеното", "NAME_EN": null, "AMENITY": "cafe", "SHOP": null, "OSM_TYPE": "node", "OSM_ID": 11034484163 }, "geometry": { "type": "Point", "coordinates": [ 23.272275, 42.6727591 ] } },
{ "type": "Feature", "properties": { "NAME": "Benissimo", "NAME_EN": null, "AMENITY": "restaurant", "SHOP": null, "OSM_TYPE": "node", "OSM_ID": 11034611814 }, "geometry": { "type": "Point", "coordinates": [ 23.2769967, 42.6691932 ] } },
{ "type": "Feature", "properties": { "NAME": null, "NAME_EN": null, "AMENITY": "fast_food", "SHOP": null, "OSM_TYPE": "node", "OSM_ID": 11039538083 }, "geometry": { "type": "Point", "coordinates": [ 23.3102625, 42.7423556 ] } },
{ "type": "Feature", "properties": { "NAME": null, "NAME_EN": null, "AMENITY": "fast_food", "SHOP": null, "OSM_TYPE": "node", "OSM_ID": 11039538084 }, "geometry": { "type": "Point", "coordinates": [ 23.3094867, 42.7409767 ] } },
{ "type": "Feature", "properties": { "NAME": "Вкус мания", "NAME_EN": null, "AMENITY": "fast_food", "SHOP": null, "OSM_TYPE": "node", "OSM_ID": 11040020757 }, "geometry": { "type": "Point", "coordinates": [ 23.2850575, 42.6770156 ] } },
{ "type": "Feature", "properties": { "NAME": "Халеб Ал Шахба", "NAME_EN": null, "AMENITY": "fast_food", "SHOP": "butcher", "OSM_TYPE": "node", "OSM_ID": 11043373292 }, "geometry": { "type": "Point", "coordinates": [ 23.3118066, 42.7028705 ] } },
{ "type": "Feature", "properties": { "NAME": "Ям ям", "NAME_EN": null, "AMENITY": "fast_food", "SHOP": null, "OSM_TYPE": "node", "OSM_ID": 11046193621 }, "geometry": { "type": "Point", "coordinates": [ 23.3160462, 42.6995117 ] } },
{ "type": "Feature", "properties": { "NAME": null, "NAME_EN": null, "AMENITY": "restaurant", "SHOP": null, "OSM_TYPE": "node", "OSM_ID": 11046971889 }, "geometry": { "type": "Point", "coordinates": [ 23.3063545, 42.7363301 ] } },
{ "type": "Feature", "properties": { "NAME": null, "NAME_EN": null, "AMENITY": "cafe", "SHOP": null, "OSM_TYPE": "node", "OSM_ID": 11046971891 }, "geometry": { "type": "Point", "coordinates": [ 23.3088939, 42.7354568 ] } },
{ "type": "Feature", "properties": { "NAME": null, "NAME_EN": null, "AMENITY": "cafe", "SHOP": null, "OSM_TYPE": "node", "OSM_ID": 11047226517 }, "geometry": { "type": "Point", "coordinates": [ 23.2789162, 42.6682184 ] } },
{ "type": "Feature", "properties": { "NAME": "Supa bar", "NAME_EN": null, "AMENITY": "restaurant", "SHOP": null, "OSM_TYPE": "node", "OSM_ID": 11048705604 }, "geometry": { "type": "Point", "coordinates": [ 23.3534447, 42.6687404 ] } },
{ "type": "Feature", "properties": { "NAME": null, "NAME_EN": null, "AMENITY": "fast_food", "SHOP": null, "OSM_TYPE": "node", "OSM_ID": 11048711417 }, "geometry": { "type": "Point", "coordinates": [ 23.3536699, 42.6688459 ] } },
{ "type": "Feature", "properties": { "NAME": "ЕрДинЧе", "NAME_EN": null, "AMENITY": "restaurant", "SHOP": null, "OSM_TYPE": "node", "OSM_ID": 11048711418 }, "geometry": { "type": "Point", "coordinates": [ 23.354857, 42.672171 ] } },
{ "type": "Feature", "properties": { "NAME": "При бай Стоил", "NAME_EN": null, "AMENITY": "restaurant", "SHOP": null, "OSM_TYPE": "node", "OSM_ID": 11048711419 }, "geometry": { "type": "Point", "coordinates": [ 23.3533673, 42.6687172 ] } },
{ "type": "Feature", "properties": { "NAME": null, "NAME_EN": null, "AMENITY": "restaurant", "SHOP": null, "OSM_TYPE": "node", "OSM_ID": 11067018716 }, "geometry": { "type": "Point", "coordinates": [ 23.5082528, 42.5957988 ] } },
{ "type": "Feature", "properties": { "NAME": "Quo vadis", "NAME_EN": null, "AMENITY": "cafe", "SHOP": null, "OSM_TYPE": "node", "OSM_ID": 11067745941 }, "geometry": { "type": "Point", "coordinates": [ 23.2881805, 42.677916 ] } },
{ "type": "Feature", "properties": { "NAME": "Hubi Brothers", "NAME_EN": null, "AMENITY": "restaurant", "SHOP": null, "OSM_TYPE": "node", "OSM_ID": 11068731740 }, "geometry": { "type": "Point", "coordinates": [ 23.3756386, 42.62768 ] } },
{ "type": "Feature", "properties": { "NAME": "Smottie", "NAME_EN": null, "AMENITY": "cafe", "SHOP": null, "OSM_TYPE": "node", "OSM_ID": 11077592423 }, "geometry": { "type": "Point", "coordinates": [ 23.3300024, 42.6839018 ] } },
{ "type": "Feature", "properties": { "NAME": "Hot point", "NAME_EN": null, "AMENITY": "fast_food", "SHOP": null, "OSM_TYPE": "node", "OSM_ID": 11077592433 }, "geometry": { "type": "Point", "coordinates": [ 23.3304088, 42.6840482 ] } },
{ "type": "Feature", "properties": { "NAME": "Rony's", "NAME_EN": null, "AMENITY": "fast_food", "SHOP": null, "OSM_TYPE": "node", "OSM_ID": 11077592434 }, "geometry": { "type": "Point", "coordinates": [ 23.3304734, 42.6840721 ] } },
{ "type": "Feature", "properties": { "NAME": "Finca", "NAME_EN": null, "AMENITY": "cafe", "SHOP": null, "OSM_TYPE": "node", "OSM_ID": 11077592445 }, "geometry": { "type": "Point", "coordinates": [ 23.3302541, 42.6839289 ] } },
{ "type": "Feature", "properties": { "NAME": "Ori", "NAME_EN": null, "AMENITY": "restaurant", "SHOP": null, "OSM_TYPE": "node", "OSM_ID": 11077592446 }, "geometry": { "type": "Point", "coordinates": [ 23.3301827, 42.6839619 ] } },
{ "type": "Feature", "properties": { "NAME": "Kayo sushi shop", "NAME_EN": null, "AMENITY": "fast_food", "SHOP": null, "OSM_TYPE": "node", "OSM_ID": 11083714347 }, "geometry": { "type": "Point", "coordinates": [ 23.3022366, 42.6648804 ] } },
{ "type": "Feature", "properties": { "NAME": "Нож и вилица", "NAME_EN": null, "AMENITY": "fast_food", "SHOP": null, "OSM_TYPE": "node", "OSM_ID": 11091091495 }, "geometry": { "type": "Point", "coordinates": [ 23.3194648, 42.6684715 ] } },
{ "type": "Feature", "properties": { "NAME": "Синг Ронг", "NAME_EN": null, "AMENITY": "fast_food", "SHOP": null, "OSM_TYPE": "node", "OSM_ID": 11099079058 }, "geometry": { "type": "Point", "coordinates": [ 23.2761695, 42.7411466 ] } },
{ "type": "Feature", "properties": { "NAME": "Палачинките", "NAME_EN": null, "AMENITY": "fast_food", "SHOP": null, "OSM_TYPE": "node", "OSM_ID": 11099079063 }, "geometry": { "type": "Point", "coordinates": [ 23.2763124, 42.7412467 ] } },
{ "type": "Feature", "properties": { "NAME": "Битоля", "NAME_EN": null, "AMENITY": "fast_food", "SHOP": null, "OSM_TYPE": "node", "OSM_ID": 11101172253 }, "geometry": { "type": "Point", "coordinates": [ 23.2731622, 42.6697076 ] } },
{ "type": "Feature", "properties": { "NAME": null, "NAME_EN": null, "AMENITY": "cafe", "SHOP": null, "OSM_TYPE": "node", "OSM_ID": 11101172258 }, "geometry": { "type": "Point", "coordinates": [ 23.2727243, 42.6699098 ] } },
{ "type": "Feature", "properties": { "NAME": "Cafe Desire", "NAME_EN": null, "AMENITY": "cafe", "SHOP": null, "OSM_TYPE": "node", "OSM_ID": 11101172265 }, "geometry": { "type": "Point", "coordinates": [ 23.271194, 42.6705333 ] } },
{ "type": "Feature", "properties": { "NAME": "Чорбаджийска скара", "NAME_EN": null, "AMENITY": "restaurant", "SHOP": null, "OSM_TYPE": "node", "OSM_ID": 11112148429 }, "geometry": { "type": "Point", "coordinates": [ 23.397302, 42.6619019 ] } },
{ "type": "Feature", "properties": { "NAME": "Zero", "NAME_EN": null, "AMENITY": "restaurant", "SHOP": null, "OSM_TYPE": "node", "OSM_ID": 11112294052 }, "geometry": { "type": "Point", "coordinates": [ 23.2656374, 42.6557853 ] } },
{ "type": "Feature", "properties": { "NAME": null, "NAME_EN": null, "AMENITY": "cafe", "SHOP": null, "OSM_TYPE": "node", "OSM_ID": 11116101894 }, "geometry": { "type": "Point", "coordinates": [ 23.3009267, 42.6830488 ] } },
{ "type": "Feature", "properties": { "NAME": "Lunchspot", "NAME_EN": null, "AMENITY": "cafe", "SHOP": null, "OSM_TYPE": "node", "OSM_ID": 11116262158 }, "geometry": { "type": "Point", "coordinates": [ 23.2993992, 42.6862392 ] } },
{ "type": "Feature", "properties": { "NAME": "The grill room", "NAME_EN": null, "AMENITY": "fast_food", "SHOP": null, "OSM_TYPE": "node", "OSM_ID": 11116292772 }, "geometry": { "type": "Point", "coordinates": [ 23.3062111, 42.6858926 ] } },
{ "type": "Feature", "properties": { "NAME": "Кестените", "NAME_EN": null, "AMENITY": "restaurant", "SHOP": null, "OSM_TYPE": "node", "OSM_ID": 11117134869 }, "geometry": { "type": "Point", "coordinates": [ 23.1464861, 42.7066645 ] } },
{ "type": "Feature", "properties": { "NAME": null, "NAME_EN": null, "AMENITY": "cafe", "SHOP": null, "OSM_TYPE": "node", "OSM_ID": 11117134873 }, "geometry": { "type": "Point", "coordinates": [ 23.144924, 42.7074868 ] } },
{ "type": "Feature", "properties": { "NAME": "Kubcheto", "NAME_EN": null, "AMENITY": "bar", "SHOP": null, "OSM_TYPE": "node", "OSM_ID": 11121512488 }, "geometry": { "type": "Point", "coordinates": [ 23.3191065, 42.6936657 ] } },
{ "type": "Feature", "properties": { "NAME": "KFC", "NAME_EN": null, "AMENITY": "fast_food", "SHOP": null, "OSM_TYPE": "node", "OSM_ID": 11123910992 }, "geometry": { "type": "Point", "coordinates": [ 23.294245, 42.7343989 ] } },
{ "type": "Feature", "properties": { "NAME": "Бояна", "NAME_EN": null, "AMENITY": "cafe", "SHOP": null, "OSM_TYPE": "node", "OSM_ID": 11124570899 }, "geometry": { "type": "Point", "coordinates": [ 23.2616032, 42.6491707 ] } },
{ "type": "Feature", "properties": { "NAME": "Viewpoint cafe", "NAME_EN": null, "AMENITY": "cafe", "SHOP": null, "OSM_TYPE": "node", "OSM_ID": 11124805772 }, "geometry": { "type": "Point", "coordinates": [ 23.2667303, 42.6466903 ] } },
{ "type": "Feature", "properties": { "NAME": "Freddo", "NAME_EN": null, "AMENITY": "restaurant", "SHOP": null, "OSM_TYPE": "node", "OSM_ID": 11124805774 }, "geometry": { "type": "Point", "coordinates": [ 23.2668085, 42.6468598 ] } },
{ "type": "Feature", "properties": { "NAME": "Perfetto", "NAME_EN": null, "AMENITY": "restaurant", "SHOP": null, "OSM_TYPE": "node", "OSM_ID": 11125126769 }, "geometry": { "type": "Point", "coordinates": [ 23.2617192, 42.6495507 ] } },
{ "type": "Feature", "properties": { "NAME": null, "NAME_EN": null, "AMENITY": "food_court", "SHOP": null, "OSM_TYPE": "node", "OSM_ID": 11125192813 }, "geometry": { "type": "Point", "coordinates": [ 23.3833382, 42.6776077 ] } },
{ "type": "Feature", "properties": { "NAME": null, "NAME_EN": null, "AMENITY": "food_court", "SHOP": null, "OSM_TYPE": "node", "OSM_ID": 11125230713 }, "geometry": { "type": "Point", "coordinates": [ 23.401448, 42.6568359 ] } },
{ "type": "Feature", "properties": { "NAME": "Boromeo", "NAME_EN": null, "AMENITY": "cafe", "SHOP": null, "OSM_TYPE": "node", "OSM_ID": 11128539635 }, "geometry": { "type": "Point", "coordinates": [ 23.2726195, 42.6650033 ] } },
{ "type": "Feature", "properties": { "NAME": "Atiro bar&dinner", "NAME_EN": null, "AMENITY": "restaurant", "SHOP": null, "OSM_TYPE": "node", "OSM_ID": 11128539636 }, "geometry": { "type": "Point", "coordinates": [ 23.2726182, 42.6649689 ] } },
{ "type": "Feature", "properties": { "NAME": "Шедьовър", "NAME_EN": null, "AMENITY": "fast_food", "SHOP": null, "OSM_TYPE": "node", "OSM_ID": 11128539642 }, "geometry": { "type": "Point", "coordinates": [ 23.272697, 42.6652395 ] } },
{ "type": "Feature", "properties": { "NAME": null, "NAME_EN": null, "AMENITY": "restaurant", "SHOP": null, "OSM_TYPE": "node", "OSM_ID": 11128541038 }, "geometry": { "type": "Point", "coordinates": [ 23.2721207, 42.6640702 ] } },
{ "type": "Feature", "properties": { "NAME": "Foresta", "NAME_EN": null, "AMENITY": "fast_food", "SHOP": null, "OSM_TYPE": "node", "OSM_ID": 11128637363 }, "geometry": { "type": "Point", "coordinates": [ 23.2660156, 42.6670875 ] } },
{ "type": "Feature", "properties": { "NAME": "Нож и вилица", "NAME_EN": null, "AMENITY": "fast_food", "SHOP": null, "OSM_TYPE": "node", "OSM_ID": 11128718238 }, "geometry": { "type": "Point", "coordinates": [ 23.2755476, 42.6655407 ] } },
{ "type": "Feature", "properties": { "NAME": "Двата бора", "NAME_EN": null, "AMENITY": "fast_food", "SHOP": null, "OSM_TYPE": "node", "OSM_ID": 11136988026 }, "geometry": { "type": "Point", "coordinates": [ 23.2714719, 42.6658229 ] } },
{ "type": "Feature", "properties": { "NAME": "Marquise", "NAME_EN": null, "AMENITY": "cafe", "SHOP": null, "OSM_TYPE": "node", "OSM_ID": 11136988027 }, "geometry": { "type": "Point", "coordinates": [ 23.27192, 42.6660121 ] } },
{ "type": "Feature", "properties": { "NAME": "Златна скара", "NAME_EN": "Golden Grill", "AMENITY": "fast_food", "SHOP": null, "OSM_TYPE": "node", "OSM_ID": 11137017750 }, "geometry": { "type": "Point", "coordinates": [ 23.2682783, 42.6671623 ] } },
{ "type": "Feature", "properties": { "NAME": "Камелия", "NAME_EN": null, "AMENITY": "fast_food", "SHOP": null, "OSM_TYPE": "node", "OSM_ID": 11138366041 }, "geometry": { "type": "Point", "coordinates": [ 23.27364, 42.6653571 ] } },
{ "type": "Feature", "properties": { "NAME": "Mega bite", "NAME_EN": null, "AMENITY": "fast_food", "SHOP": null, "OSM_TYPE": "node", "OSM_ID": 11139567200 }, "geometry": { "type": "Point", "coordinates": [ 23.2411174, 42.6590818 ] } },
{ "type": "Feature", "properties": { "NAME": null, "NAME_EN": null, "AMENITY": "restaurant", "SHOP": null, "OSM_TYPE": "node", "OSM_ID": 11139685310 }, "geometry": { "type": "Point", "coordinates": [ 23.253519, 42.6631006 ] } },
{ "type": "Feature", "properties": { "NAME": null, "NAME_EN": null, "AMENITY": "cafe", "SHOP": null, "OSM_TYPE": "node", "OSM_ID": 11141511216 }, "geometry": { "type": "Point", "coordinates": [ 23.3042183, 42.6697388 ] } },
{ "type": "Feature", "properties": { "NAME": "Дюнер Фентъзи", "NAME_EN": "Duner Fantasy", "AMENITY": "fast_food", "SHOP": null, "OSM_TYPE": "node", "OSM_ID": 11141810206 }, "geometry": { "type": "Point", "coordinates": [ 23.3305417, 42.6840973 ] } },
{ "type": "Feature", "properties": { "NAME": "Ям ям", "NAME_EN": null, "AMENITY": "fast_food", "SHOP": null, "OSM_TYPE": "node", "OSM_ID": 11144034546 }, "geometry": { "type": "Point", "coordinates": [ 23.2900167, 42.6639154 ] } },
{ "type": "Feature", "properties": { "NAME": "Хъшове", "NAME_EN": null, "AMENITY": "restaurant", "SHOP": null, "OSM_TYPE": "node", "OSM_ID": 11158985678 }, "geometry": { "type": "Point", "coordinates": [ 23.3226423, 42.7016565 ] } },
{ "type": "Feature", "properties": { "NAME": "Yummy", "NAME_EN": null, "AMENITY": "fast_food", "SHOP": null, "OSM_TYPE": "node", "OSM_ID": 11159046185 }, "geometry": { "type": "Point", "coordinates": [ 23.3218308, 42.702468 ] } },
{ "type": "Feature", "properties": { "NAME": null, "NAME_EN": null, "AMENITY": "fast_food", "SHOP": null, "OSM_TYPE": "node", "OSM_ID": 11162555299 }, "geometry": { "type": "Point", "coordinates": [ 23.3010393, 42.7026497 ] } },
{ "type": "Feature", "properties": { "NAME": null, "NAME_EN": null, "AMENITY": "fast_food", "SHOP": null, "OSM_TYPE": "node", "OSM_ID": 11162609307 }, "geometry": { "type": "Point", "coordinates": [ 23.3010934, 42.7025988 ] } },
{ "type": "Feature", "properties": { "NAME": "Ла Ботега", "NAME_EN": "La bottega all'Angolo", "AMENITY": "restaurant", "SHOP": null, "OSM_TYPE": "node", "OSM_ID": 11163374605 }, "geometry": { "type": "Point", "coordinates": [ 23.3231205, 42.6912436 ] } },
{ "type": "Feature", "properties": { "NAME": "Renny's Restaurant", "NAME_EN": null, "AMENITY": "restaurant", "SHOP": null, "OSM_TYPE": "node", "OSM_ID": 11165144087 }, "geometry": { "type": "Point", "coordinates": [ 23.2318159, 42.746289 ] } },
{ "type": "Feature", "properties": { "NAME": "In Reserve", "NAME_EN": null, "AMENITY": "fast_food", "SHOP": null, "OSM_TYPE": "node", "OSM_ID": 11165200858 }, "geometry": { "type": "Point", "coordinates": [ 23.312048, 42.7008132 ] } },
{ "type": "Feature", "properties": { "NAME": "Prince Pizza", "NAME_EN": null, "AMENITY": "fast_food", "SHOP": null, "OSM_TYPE": "node", "OSM_ID": 11165200859 }, "geometry": { "type": "Point", "coordinates": [ 23.3119662, 42.7008251 ] } },
{ "type": "Feature", "properties": { "NAME": "Оазис", "NAME_EN": null, "AMENITY": "fast_food", "SHOP": null, "OSM_TYPE": "node", "OSM_ID": 11166854654 }, "geometry": { "type": "Point", "coordinates": [ 23.271576, 42.6679306 ] } },
{ "type": "Feature", "properties": { "NAME": null, "NAME_EN": null, "AMENITY": "fast_food", "SHOP": null, "OSM_TYPE": "node", "OSM_ID": 11166960026 }, "geometry": { "type": "Point", "coordinates": [ 23.2668371, 42.6677254 ] } },
{ "type": "Feature", "properties": { "NAME": "McDonald's", "NAME_EN": null, "AMENITY": "fast_food", "SHOP": null, "OSM_TYPE": "node", "OSM_ID": 11171321384 }, "geometry": { "type": "Point", "coordinates": [ 23.3090487, 42.6981205 ] } },
{ "type": "Feature", "properties": { "NAME": "Pizza Lab", "NAME_EN": null, "AMENITY": "fast_food", "SHOP": null, "OSM_TYPE": "node", "OSM_ID": 11171322240 }, "geometry": { "type": "Point", "coordinates": [ 23.30864, 42.6981643 ] } },
{ "type": "Feature", "properties": { "NAME": "Механа Народна", "NAME_EN": null, "AMENITY": "restaurant", "SHOP": null, "OSM_TYPE": "node", "OSM_ID": 11172042282 }, "geometry": { "type": "Point", "coordinates": [ 23.3413836, 42.6446629 ] } },
{ "type": "Feature", "properties": { "NAME": "Бабино село", "NAME_EN": null, "AMENITY": "fast_food", "SHOP": null, "OSM_TYPE": "node", "OSM_ID": 11173767724 }, "geometry": { "type": "Point", "coordinates": [ 23.2632874, 42.6741285 ] } },
{ "type": "Feature", "properties": { "NAME": "Порки Мънч", "NAME_EN": null, "AMENITY": "restaurant", "SHOP": null, "OSM_TYPE": "node", "OSM_ID": 11175125130 }, "geometry": { "type": "Point", "coordinates": [ 23.2512175, 42.7169669 ] } },
{ "type": "Feature", "properties": { "NAME": "Lazy Park", "NAME_EN": null, "AMENITY": "cafe", "SHOP": null, "OSM_TYPE": "node", "OSM_ID": 11175309218 }, "geometry": { "type": "Point", "coordinates": [ 23.3406048, 42.6822956 ] } },
{ "type": "Feature", "properties": { "NAME": "AURA by Bamboo RestoClub", "NAME_EN": null, "AMENITY": "restaurant", "SHOP": null, "OSM_TYPE": "node", "OSM_ID": 11180619563 }, "geometry": { "type": "Point", "coordinates": [ 23.3183271, 42.6854798 ] } },
{ "type": "Feature", "properties": { "NAME": "Скара Боряна", "NAME_EN": null, "AMENITY": "fast_food", "SHOP": null, "OSM_TYPE": "node", "OSM_ID": 11181650649 }, "geometry": { "type": "Point", "coordinates": [ 23.2869527, 42.6737713 ] } },
{ "type": "Feature", "properties": { "NAME": null, "NAME_EN": null, "AMENITY": "cafe", "SHOP": null, "OSM_TYPE": "node", "OSM_ID": 11181739162 }, "geometry": { "type": "Point", "coordinates": [ 23.2843832, 42.6774521 ] } },
{ "type": "Feature", "properties": { "NAME": "Дикси", "NAME_EN": null, "AMENITY": "fast_food", "SHOP": null, "OSM_TYPE": "node", "OSM_ID": 11185373994 }, "geometry": { "type": "Point", "coordinates": [ 23.2846846, 42.677925 ] } },
{ "type": "Feature", "properties": { "NAME": null, "NAME_EN": null, "AMENITY": "fast_food", "SHOP": null, "OSM_TYPE": "node", "OSM_ID": 11185373996 }, "geometry": { "type": "Point", "coordinates": [ 23.2845923, 42.6778898 ] } },
{ "type": "Feature", "properties": { "NAME": "Бабино село", "NAME_EN": null, "AMENITY": "fast_food", "SHOP": null, "OSM_TYPE": "node", "OSM_ID": 11185642189 }, "geometry": { "type": "Point", "coordinates": [ 23.2854767, 42.6778197 ] } },
{ "type": "Feature", "properties": { "NAME": "Фантазия", "NAME_EN": null, "AMENITY": "fast_food", "SHOP": null, "OSM_TYPE": "node", "OSM_ID": 11185670221 }, "geometry": { "type": "Point", "coordinates": [ 23.2855515, 42.6784411 ] } },
{ "type": "Feature", "properties": { "NAME": "Ребърца и кълка", "NAME_EN": null, "AMENITY": "fast_food", "SHOP": null, "OSM_TYPE": "node", "OSM_ID": 11193031749 }, "geometry": { "type": "Point", "coordinates": [ 23.2902368, 42.6715357 ] } },
{ "type": "Feature", "properties": { "NAME": "Никол", "NAME_EN": null, "AMENITY": "cafe", "SHOP": null, "OSM_TYPE": "node", "OSM_ID": 11193031753 }, "geometry": { "type": "Point", "coordinates": [ 23.2897019, 42.669653 ] } },
{ "type": "Feature", "properties": { "NAME": "Шеф Тасев", "NAME_EN": "Chef Tasev", "AMENITY": "fast_food", "SHOP": null, "OSM_TYPE": "node", "OSM_ID": 11195957937 }, "geometry": { "type": "Point", "coordinates": [ 23.3031985, 42.6697652 ] } },
{ "type": "Feature", "properties": { "NAME": "АМ", "NAME_EN": null, "AMENITY": "cafe", "SHOP": null, "OSM_TYPE": "node", "OSM_ID": 11200195083 }, "geometry": { "type": "Point", "coordinates": [ 23.2896486, 42.6756698 ] } },
{ "type": "Feature", "properties": { "NAME": null, "NAME_EN": null, "AMENITY": "cafe", "SHOP": null, "OSM_TYPE": "node", "OSM_ID": 11207219059 }, "geometry": { "type": "Point", "coordinates": [ 23.2888818, 42.6729963 ] } },
{ "type": "Feature", "properties": { "NAME": "Бешамел", "NAME_EN": null, "AMENITY": "fast_food", "SHOP": null, "OSM_TYPE": "node", "OSM_ID": 11208487059 }, "geometry": { "type": "Point", "coordinates": [ 23.2906641, 42.6670886 ] } },
{ "type": "Feature", "properties": { "NAME": "Spetema", "NAME_EN": null, "AMENITY": "cafe", "SHOP": null, "OSM_TYPE": "node", "OSM_ID": 11212816898 }, "geometry": { "type": "Point", "coordinates": [ 23.32172, 42.7108294 ] } },
{ "type": "Feature", "properties": { "NAME": "Сиера", "NAME_EN": null, "AMENITY": "cafe", "SHOP": null, "OSM_TYPE": "node", "OSM_ID": 11212816915 }, "geometry": { "type": "Point", "coordinates": [ 23.322133, 42.7106822 ] } },
{ "type": "Feature", "properties": { "NAME": null, "NAME_EN": null, "AMENITY": "cafe", "SHOP": null, "OSM_TYPE": "node", "OSM_ID": 11215493862 }, "geometry": { "type": "Point", "coordinates": [ 23.2918911, 42.6678338 ] } },
{ "type": "Feature", "properties": { "NAME": "Paradise island", "NAME_EN": null, "AMENITY": "cafe", "SHOP": null, "OSM_TYPE": "node", "OSM_ID": 11215613320 }, "geometry": { "type": "Point", "coordinates": [ 23.2912134, 42.6655842 ] } },
{ "type": "Feature", "properties": { "NAME": "Винарната", "NAME_EN": "Vinarnata", "AMENITY": "restaurant", "SHOP": null, "OSM_TYPE": "node", "OSM_ID": 11222116137 }, "geometry": { "type": "Point", "coordinates": [ 23.255262, 42.6864187 ] } },
{ "type": "Feature", "properties": { "NAME": null, "NAME_EN": null, "AMENITY": "food_court", "SHOP": null, "OSM_TYPE": "node", "OSM_ID": 11222441211 }, "geometry": { "type": "Point", "coordinates": [ 23.3950441, 42.6475792 ] } },
{ "type": "Feature", "properties": { "NAME": null, "NAME_EN": null, "AMENITY": "food_court", "SHOP": null, "OSM_TYPE": "node", "OSM_ID": 11222441222 }, "geometry": { "type": "Point", "coordinates": [ 23.3948796, 42.6477122 ] } },
{ "type": "Feature", "properties": { "NAME": null, "NAME_EN": null, "AMENITY": "food_court", "SHOP": null, "OSM_TYPE": "node", "OSM_ID": 11222441227 }, "geometry": { "type": "Point", "coordinates": [ 23.3949667, 42.6476677 ] } },
{ "type": "Feature", "properties": { "NAME": "Дюнер Дианабад", "NAME_EN": null, "AMENITY": "fast_food", "SHOP": null, "OSM_TYPE": "node", "OSM_ID": 11226461325 }, "geometry": { "type": "Point", "coordinates": [ 23.3495918, 42.6670834 ] } },
{ "type": "Feature", "properties": { "NAME": "Тинтява", "NAME_EN": null, "AMENITY": "restaurant", "SHOP": null, "OSM_TYPE": "node", "OSM_ID": 11226463523 }, "geometry": { "type": "Point", "coordinates": [ 23.350043, 42.6671167 ] } },
{ "type": "Feature", "properties": { "NAME": "Алеро", "NAME_EN": null, "AMENITY": "fast_food", "SHOP": null, "OSM_TYPE": "node", "OSM_ID": 11229806312 }, "geometry": { "type": "Point", "coordinates": [ 23.3235291, 42.7044023 ] } },
{ "type": "Feature", "properties": { "NAME": "Жираф Кафе", "NAME_EN": null, "AMENITY": "cafe", "SHOP": null, "OSM_TYPE": "node", "OSM_ID": 11229849301 }, "geometry": { "type": "Point", "coordinates": [ 23.3233883, 42.6854773 ] } },
{ "type": "Feature", "properties": { "NAME": "Local.38", "NAME_EN": null, "AMENITY": "cafe", "SHOP": null, "OSM_TYPE": "node", "OSM_ID": 11235239737 }, "geometry": { "type": "Point", "coordinates": [ 23.3200543, 42.6901031 ] } },
{ "type": "Feature", "properties": { "NAME": "con Gusto", "NAME_EN": null, "AMENITY": "fast_food", "SHOP": null, "OSM_TYPE": "node", "OSM_ID": 11235309437 }, "geometry": { "type": "Point", "coordinates": [ 23.3799621, 42.6268974 ] } },
{ "type": "Feature", "properties": { "NAME": "Аеро гофрети", "NAME_EN": null, "AMENITY": "fast_food", "SHOP": null, "OSM_TYPE": "node", "OSM_ID": 11241768855 }, "geometry": { "type": "Point", "coordinates": [ 23.2860489, 42.6781243 ] } },
{ "type": "Feature", "properties": { "NAME": "Механа \"Джоревата къща\"", "NAME_EN": null, "AMENITY": "restaurant", "SHOP": null, "OSM_TYPE": "node", "OSM_ID": 11244011274 }, "geometry": { "type": "Point", "coordinates": [ 23.3371047, 42.6121616 ] } },
{ "type": "Feature", "properties": { "NAME": "Катедра Студентски Глад", "NAME_EN": null, "AMENITY": "restaurant", "SHOP": null, "OSM_TYPE": "node", "OSM_ID": 11245811742 }, "geometry": { "type": "Point", "coordinates": [ 23.3565686, 42.6621337 ] } },
{ "type": "Feature", "properties": { "NAME": "Сръбска скара", "NAME_EN": null, "AMENITY": "fast_food", "SHOP": null, "OSM_TYPE": "node", "OSM_ID": 11247589553 }, "geometry": { "type": "Point", "coordinates": [ 23.1448592, 42.7075177 ] } },
{ "type": "Feature", "properties": { "NAME": "Домашна кухня", "NAME_EN": null, "AMENITY": "fast_food", "SHOP": null, "OSM_TYPE": "node", "OSM_ID": 11252603334 }, "geometry": { "type": "Point", "coordinates": [ 23.328658, 42.7040609 ] } },
{ "type": "Feature", "properties": { "NAME": null, "NAME_EN": null, "AMENITY": "cafe", "SHOP": null, "OSM_TYPE": "node", "OSM_ID": 11254611228 }, "geometry": { "type": "Point", "coordinates": [ 23.2607001, 42.6637534 ] } },
{ "type": "Feature", "properties": { "NAME": "Проя", "NAME_EN": null, "AMENITY": "restaurant", "SHOP": null, "OSM_TYPE": "node", "OSM_ID": 11254727601 }, "geometry": { "type": "Point", "coordinates": [ 23.2637326, 42.6587209 ] } },
{ "type": "Feature", "properties": { "NAME": null, "NAME_EN": null, "AMENITY": "cafe", "SHOP": null, "OSM_TYPE": "node", "OSM_ID": 11255212782 }, "geometry": { "type": "Point", "coordinates": [ 23.2652463, 42.6557499 ] } },
{ "type": "Feature", "properties": { "NAME": null, "NAME_EN": null, "AMENITY": "fast_food", "SHOP": null, "OSM_TYPE": "node", "OSM_ID": 11257873787 }, "geometry": { "type": "Point", "coordinates": [ 23.315919, 42.6695372 ] } },
{ "type": "Feature", "properties": { "NAME": "The holy smokes", "NAME_EN": null, "AMENITY": "restaurant", "SHOP": null, "OSM_TYPE": "node", "OSM_ID": 11267224117 }, "geometry": { "type": "Point", "coordinates": [ 23.3293366, 42.6887157 ] } },
{ "type": "Feature", "properties": { "NAME": "Мечта", "NAME_EN": null, "AMENITY": "cafe", "SHOP": null, "OSM_TYPE": "node", "OSM_ID": 11272131232 }, "geometry": { "type": "Point", "coordinates": [ 23.2996213, 42.660621 ] } },
{ "type": "Feature", "properties": { "NAME": "Ket's pancakes", "NAME_EN": null, "AMENITY": "fast_food", "SHOP": null, "OSM_TYPE": "node", "OSM_ID": 11281692410 }, "geometry": { "type": "Point", "coordinates": [ 23.2783965, 42.6686675 ] } },
{ "type": "Feature", "properties": { "NAME": "Green Life", "NAME_EN": null, "AMENITY": "fast_food", "SHOP": null, "OSM_TYPE": "node", "OSM_ID": 11283788674 }, "geometry": { "type": "Point", "coordinates": [ 23.3149396, 42.6575361 ] } },
{ "type": "Feature", "properties": { "NAME": "Leo's Pasta", "NAME_EN": null, "AMENITY": "fast_food", "SHOP": null, "OSM_TYPE": "node", "OSM_ID": 11283788683 }, "geometry": { "type": "Point", "coordinates": [ 23.3150066, 42.6576297 ] } },
{ "type": "Feature", "properties": { "NAME": "Лудогорско пиле", "NAME_EN": null, "AMENITY": "restaurant", "SHOP": null, "OSM_TYPE": "node", "OSM_ID": 11286225095 }, "geometry": { "type": "Point", "coordinates": [ 23.2784182, 42.6686153 ] } },
{ "type": "Feature", "properties": { "NAME": "Pizza Lab", "NAME_EN": null, "AMENITY": "fast_food", "SHOP": null, "OSM_TYPE": "node", "OSM_ID": 11290580121 }, "geometry": { "type": "Point", "coordinates": [ 23.2418143, 42.7257251 ] } },
{ "type": "Feature", "properties": { "NAME": "Caruso", "NAME_EN": null, "AMENITY": "restaurant", "SHOP": null, "OSM_TYPE": "node", "OSM_ID": 11293484162 }, "geometry": { "type": "Point", "coordinates": [ 23.3290609, 42.7020369 ] } },
{ "type": "Feature", "properties": { "NAME": "Greek Delicious", "NAME_EN": null, "AMENITY": "fast_food", "SHOP": null, "OSM_TYPE": "node", "OSM_ID": 11304814083 }, "geometry": { "type": "Point", "coordinates": [ 23.3035066, 42.6763361 ] } },
{ "type": "Feature", "properties": { "NAME": "Grano Pizza & Pasta", "NAME_EN": null, "AMENITY": "fast_food", "SHOP": null, "OSM_TYPE": "node", "OSM_ID": 11306578535 }, "geometry": { "type": "Point", "coordinates": [ 23.287854, 42.6553674 ] } },
{ "type": "Feature", "properties": { "NAME": null, "NAME_EN": null, "AMENITY": "fast_food", "SHOP": null, "OSM_TYPE": "node", "OSM_ID": 11314010627 }, "geometry": { "type": "Point", "coordinates": [ 23.3197296, 42.6679062 ] } },
{ "type": "Feature", "properties": { "NAME": "Just cafe", "NAME_EN": null, "AMENITY": "cafe", "SHOP": null, "OSM_TYPE": "node", "OSM_ID": 11314024044 }, "geometry": { "type": "Point", "coordinates": [ 23.3151272, 42.6626877 ] } },
{ "type": "Feature", "properties": { "NAME": "Грейт", "NAME_EN": null, "AMENITY": "restaurant", "SHOP": null, "OSM_TYPE": "node", "OSM_ID": 11314028985 }, "geometry": { "type": "Point", "coordinates": [ 23.3150233, 42.6624709 ] } },
{ "type": "Feature", "properties": { "NAME": "Master Döner", "NAME_EN": null, "AMENITY": "fast_food", "SHOP": null, "OSM_TYPE": "node", "OSM_ID": 11326087128 }, "geometry": { "type": "Point", "coordinates": [ 23.2781146, 42.7421276 ] } },
{ "type": "Feature", "properties": { "NAME": "Дюнер Ротана", "NAME_EN": null, "AMENITY": "fast_food", "SHOP": null, "OSM_TYPE": "node", "OSM_ID": 11328121156 }, "geometry": { "type": "Point", "coordinates": [ 23.3225557, 42.6944165 ] } },
{ "type": "Feature", "properties": { "NAME": "Бистро Съни", "NAME_EN": null, "AMENITY": "cafe", "SHOP": null, "OSM_TYPE": "node", "OSM_ID": 11329605536 }, "geometry": { "type": "Point", "coordinates": [ 23.4265384, 42.758946 ] } },
{ "type": "Feature", "properties": { "NAME": "Pirin food", "NAME_EN": null, "AMENITY": "fast_food", "SHOP": null, "OSM_TYPE": "node", "OSM_ID": 11346901045 }, "geometry": { "type": "Point", "coordinates": [ 23.282202, 42.6651582 ] } },
{ "type": "Feature", "properties": { "NAME": "Julia", "NAME_EN": null, "AMENITY": "restaurant", "SHOP": null, "OSM_TYPE": "node", "OSM_ID": 11346901059 }, "geometry": { "type": "Point", "coordinates": [ 23.2821233, 42.6648711 ] } },
{ "type": "Feature", "properties": { "NAME": "Обенто Суши", "NAME_EN": "Obento Sushi", "AMENITY": "restaurant", "SHOP": null, "OSM_TYPE": "node", "OSM_ID": 11348288655 }, "geometry": { "type": "Point", "coordinates": [ 23.2877522, 42.655234 ] } },
{ "type": "Feature", "properties": { "NAME": "Рибко Fish and Chips", "NAME_EN": "Ribko Fish and Chips", "AMENITY": "fast_food", "SHOP": null, "OSM_TYPE": "node", "OSM_ID": 11348288656 }, "geometry": { "type": "Point", "coordinates": [ 23.2878089, 42.6553041 ] } },
{ "type": "Feature", "properties": { "NAME": "Tera", "NAME_EN": null, "AMENITY": "fast_food", "SHOP": null, "OSM_TYPE": "node", "OSM_ID": 11349824633 }, "geometry": { "type": "Point", "coordinates": [ 23.2968226, 42.6604938 ] } },
{ "type": "Feature", "properties": { "NAME": "The big baker", "NAME_EN": null, "AMENITY": "fast_food", "SHOP": null, "OSM_TYPE": "node", "OSM_ID": 11357071164 }, "geometry": { "type": "Point", "coordinates": [ 23.2859112, 42.7025312 ] } },
{ "type": "Feature", "properties": { "NAME": null, "NAME_EN": null, "AMENITY": "fast_food", "SHOP": null, "OSM_TYPE": "node", "OSM_ID": 11374702612 }, "geometry": { "type": "Point", "coordinates": [ 23.3913797, 42.6230633 ] } },
{ "type": "Feature", "properties": { "NAME": "Avenue", "NAME_EN": null, "AMENITY": "restaurant", "SHOP": null, "OSM_TYPE": "node", "OSM_ID": 11374787373 }, "geometry": { "type": "Point", "coordinates": [ 23.3401144, 42.6448187 ] } },
{ "type": "Feature", "properties": { "NAME": "Green Deli Café", "NAME_EN": null, "AMENITY": "cafe", "SHOP": null, "OSM_TYPE": "node", "OSM_ID": 11383211040 }, "geometry": { "type": "Point", "coordinates": [ 23.2906829, 42.6543203 ] } },
{ "type": "Feature", "properties": { "NAME": "Ливадите", "NAME_EN": null, "AMENITY": "restaurant", "SHOP": null, "OSM_TYPE": "node", "OSM_ID": 11383533109 }, "geometry": { "type": "Point", "coordinates": [ 23.2818287, 42.6587119 ] } },
{ "type": "Feature", "properties": { "NAME": "Skapto", "NAME_EN": "Skapto", "AMENITY": "fast_food", "SHOP": null, "OSM_TYPE": "node", "OSM_ID": 11383700705 }, "geometry": { "type": "Point", "coordinates": [ 23.3462379, 42.6585667 ] } },
{ "type": "Feature", "properties": { "NAME": "Skapto", "NAME_EN": "Skapto", "AMENITY": "fast_food", "SHOP": null, "OSM_TYPE": "node", "OSM_ID": 11383705646 }, "geometry": { "type": "Point", "coordinates": [ 23.2540254, 42.7148792 ] } },
{ "type": "Feature", "properties": { "NAME": "Skapto", "NAME_EN": "Skapto", "AMENITY": "fast_food", "SHOP": null, "OSM_TYPE": "node", "OSM_ID": 11383732517 }, "geometry": { "type": "Point", "coordinates": [ 23.3161098, 42.650752 ] } },
{ "type": "Feature", "properties": { "NAME": "Famous", "NAME_EN": null, "AMENITY": "restaurant", "SHOP": null, "OSM_TYPE": "node", "OSM_ID": 11397922158 }, "geometry": { "type": "Point", "coordinates": [ 23.3171862, 42.6709526 ] } },
{ "type": "Feature", "properties": { "NAME": "Скара Бар 63", "NAME_EN": null, "AMENITY": "fast_food", "SHOP": null, "OSM_TYPE": "node", "OSM_ID": 11409059649 }, "geometry": { "type": "Point", "coordinates": [ 23.4687459, 42.7324353 ] } },
{ "type": "Feature", "properties": { "NAME": "При Ивето", "NAME_EN": null, "AMENITY": "restaurant", "SHOP": null, "OSM_TYPE": "node", "OSM_ID": 11409115833 }, "geometry": { "type": "Point", "coordinates": [ 23.4764311, 42.7306486 ] } },
{ "type": "Feature", "properties": { "NAME": "Хубава Яна", "NAME_EN": null, "AMENITY": "restaurant", "SHOP": null, "OSM_TYPE": "node", "OSM_ID": 11409121138 }, "geometry": { "type": "Point", "coordinates": [ 23.5620307, 42.7317206 ] } },
{ "type": "Feature", "properties": { "NAME": "Гъше Перо", "NAME_EN": null, "AMENITY": "restaurant", "SHOP": null, "OSM_TYPE": "node", "OSM_ID": 11409127211 }, "geometry": { "type": "Point", "coordinates": [ 23.3499482, 42.7458188 ] } },
{ "type": "Feature", "properties": { "NAME": "Под Ореха", "NAME_EN": null, "AMENITY": "restaurant", "SHOP": null, "OSM_TYPE": "node", "OSM_ID": 11409132871 }, "geometry": { "type": "Point", "coordinates": [ 23.4775825, 42.7321398 ] } },
{ "type": "Feature", "properties": { "NAME": "Старата Госпожа", "NAME_EN": "Old Lady", "AMENITY": "cafe", "SHOP": null, "OSM_TYPE": "node", "OSM_ID": 11414268479 }, "geometry": { "type": "Point", "coordinates": [ 23.3099999, 42.6765225 ] } },
{ "type": "Feature", "properties": { "NAME": "Храна за вкъщи", "NAME_EN": null, "AMENITY": "food_court", "SHOP": null, "OSM_TYPE": "node", "OSM_ID": 11423938143 }, "geometry": { "type": "Point", "coordinates": [ 23.342546, 42.7172985 ] } },
{ "type": "Feature", "properties": { "NAME": "Алепо", "NAME_EN": "Aleppo", "AMENITY": "fast_food", "SHOP": null, "OSM_TYPE": "node", "OSM_ID": 11428496816 }, "geometry": { "type": "Point", "coordinates": [ 23.3760156, 42.6299989 ] } },
{ "type": "Feature", "properties": { "NAME": "Ниагара", "NAME_EN": null, "AMENITY": "restaurant", "SHOP": null, "OSM_TYPE": "node", "OSM_ID": 11428638946 }, "geometry": { "type": "Point", "coordinates": [ 23.2908032, 42.6787464 ] } },
{ "type": "Feature", "properties": { "NAME": "Cortado", "NAME_EN": null, "AMENITY": "cafe", "SHOP": null, "OSM_TYPE": "node", "OSM_ID": 11428927440 }, "geometry": { "type": "Point", "coordinates": [ 23.3174137, 42.6595506 ] } },
{ "type": "Feature", "properties": { "NAME": "Plate", "NAME_EN": null, "AMENITY": "restaurant", "SHOP": null, "OSM_TYPE": "node", "OSM_ID": 11463506218 }, "geometry": { "type": "Point", "coordinates": [ 23.317557, 42.6874687 ] } },
{ "type": "Feature", "properties": { "NAME": "Бат Венци", "NAME_EN": null, "AMENITY": "fast_food", "SHOP": null, "OSM_TYPE": "node", "OSM_ID": 11486250138 }, "geometry": { "type": "Point", "coordinates": [ 23.3162261, 42.6565462 ] } },
{ "type": "Feature", "properties": { "NAME": null, "NAME_EN": null, "AMENITY": "cafe", "SHOP": null, "OSM_TYPE": "node", "OSM_ID": 11486252982 }, "geometry": { "type": "Point", "coordinates": [ 23.3162352, 42.6562884 ] } },
{ "type": "Feature", "properties": { "NAME": "Feel better bar & snacks", "NAME_EN": null, "AMENITY": "bar", "SHOP": null, "OSM_TYPE": "node", "OSM_ID": 11486285605 }, "geometry": { "type": "Point", "coordinates": [ 23.3182711, 42.6579277 ] } },
{ "type": "Feature", "properties": { "NAME": "Mr Jozzy", "NAME_EN": null, "AMENITY": "fast_food", "SHOP": null, "OSM_TYPE": "node", "OSM_ID": 11486385083 }, "geometry": { "type": "Point", "coordinates": [ 23.3754559, 42.6622249 ] } },
{ "type": "Feature", "properties": { "NAME": "Il Forno", "NAME_EN": null, "AMENITY": "fast_food", "SHOP": null, "OSM_TYPE": "node", "OSM_ID": 11492789552 }, "geometry": { "type": "Point", "coordinates": [ 23.2853666, 42.6731017 ] } },
{ "type": "Feature", "properties": { "NAME": "Чекпойнт", "NAME_EN": null, "AMENITY": "cafe", "SHOP": null, "OSM_TYPE": "node", "OSM_ID": 11494093041 }, "geometry": { "type": "Point", "coordinates": [ 23.2876189, 42.7082875 ] } },
{ "type": "Feature", "properties": { "NAME": "Fruit machine", "NAME_EN": null, "AMENITY": "cafe", "SHOP": null, "OSM_TYPE": "node", "OSM_ID": 11494508300 }, "geometry": { "type": "Point", "coordinates": [ 23.3368688, 42.6583159 ] } },
{ "type": "Feature", "properties": { "NAME": "Бомбата", "NAME_EN": null, "AMENITY": "fast_food", "SHOP": null, "OSM_TYPE": "node", "OSM_ID": 11494509904 }, "geometry": { "type": "Point", "coordinates": [ 23.3283332, 42.6576443 ] } },
{ "type": "Feature", "properties": { "NAME": null, "NAME_EN": null, "AMENITY": "restaurant", "SHOP": null, "OSM_TYPE": "node", "OSM_ID": 11506091743 }, "geometry": { "type": "Point", "coordinates": [ 23.3144371, 42.6495132 ] } },
{ "type": "Feature", "properties": { "NAME": "Болеро фитбургер", "NAME_EN": "Bolero Fitburger", "AMENITY": "restaurant", "SHOP": null, "OSM_TYPE": "node", "OSM_ID": 11514078189 }, "geometry": { "type": "Point", "coordinates": [ 23.3196835, 42.6934954 ] } },
{ "type": "Feature", "properties": { "NAME": null, "NAME_EN": null, "AMENITY": "fast_food", "SHOP": null, "OSM_TYPE": "node", "OSM_ID": 11514259136 }, "geometry": { "type": "Point", "coordinates": [ 23.3664045, 42.6778725 ] } },
{ "type": "Feature", "properties": { "NAME": "Елмис", "NAME_EN": null, "AMENITY": "cafe", "SHOP": null, "OSM_TYPE": "node", "OSM_ID": 11519442147 }, "geometry": { "type": "Point", "coordinates": [ 23.312755, 42.6321563 ] } },
{ "type": "Feature", "properties": { "NAME": "Resto shop", "NAME_EN": null, "AMENITY": "restaurant", "SHOP": null, "OSM_TYPE": "node", "OSM_ID": 11522044477 }, "geometry": { "type": "Point", "coordinates": [ 23.3222345, 42.6789248 ] } },
{ "type": "Feature", "properties": { "NAME": "МЕК", "NAME_EN": null, "AMENITY": "fast_food", "SHOP": null, "OSM_TYPE": "node", "OSM_ID": 11522049789 }, "geometry": { "type": "Point", "coordinates": [ 23.3229159, 42.6880437 ] } },
{ "type": "Feature", "properties": { "NAME": "Kajmak", "NAME_EN": null, "AMENITY": "fast_food", "SHOP": null, "OSM_TYPE": "node", "OSM_ID": 11524947931 }, "geometry": { "type": "Point", "coordinates": [ 23.2852835, 42.677022 ] } },
{ "type": "Feature", "properties": { "NAME": null, "NAME_EN": null, "AMENITY": "fast_food", "SHOP": null, "OSM_TYPE": "node", "OSM_ID": 11524947939 }, "geometry": { "type": "Point", "coordinates": [ 23.2848288, 42.6779612 ] } },
{ "type": "Feature", "properties": { "NAME": "Вила Кумата", "NAME_EN": "Villa Kumata", "AMENITY": "restaurant", "SHOP": null, "OSM_TYPE": "node", "OSM_ID": 11530112307 }, "geometry": { "type": "Point", "coordinates": [ 23.2731284, 42.6460023 ] } },
{ "type": "Feature", "properties": { "NAME": null, "NAME_EN": null, "AMENITY": "fast_food", "SHOP": null, "OSM_TYPE": "node", "OSM_ID": 11537933394 }, "geometry": { "type": "Point", "coordinates": [ 23.2866987, 42.6970817 ] } },
{ "type": "Feature", "properties": { "NAME": null, "NAME_EN": null, "AMENITY": "fast_food", "SHOP": null, "OSM_TYPE": "node", "OSM_ID": 11537933464 }, "geometry": { "type": "Point", "coordinates": [ 23.2869692, 42.6960866 ] } },
{ "type": "Feature", "properties": { "NAME": null, "NAME_EN": null, "AMENITY": "fast_food", "SHOP": null, "OSM_TYPE": "node", "OSM_ID": 11537933469 }, "geometry": { "type": "Point", "coordinates": [ 23.2867434, 42.6960988 ] } },
{ "type": "Feature", "properties": { "NAME": "Royals", "NAME_EN": null, "AMENITY": "restaurant", "SHOP": null, "OSM_TYPE": "node", "OSM_ID": 11549961850 }, "geometry": { "type": "Point", "coordinates": [ 23.326841, 42.6813778 ] } },
{ "type": "Feature", "properties": { "NAME": "Фейс то Фейс", "NAME_EN": null, "AMENITY": "cafe", "SHOP": null, "OSM_TYPE": "node", "OSM_ID": 11549967009 }, "geometry": { "type": "Point", "coordinates": [ 23.3277788, 42.6829585 ] } },
{ "type": "Feature", "properties": { "NAME": "Мосю Матрен", "NAME_EN": null, "AMENITY": "fast_food", "SHOP": null, "OSM_TYPE": "node", "OSM_ID": 11549977186 }, "geometry": { "type": "Point", "coordinates": [ 23.3229162, 42.6880177 ] } },
{ "type": "Feature", "properties": { "NAME": "Menu", "NAME_EN": null, "AMENITY": "fast_food", "SHOP": null, "OSM_TYPE": "node", "OSM_ID": 11549998534 }, "geometry": { "type": "Point", "coordinates": [ 23.3231512, 42.6850423 ] } },
{ "type": "Feature", "properties": { "NAME": "La Bottega", "NAME_EN": null, "AMENITY": "restaurant", "SHOP": null, "OSM_TYPE": "node", "OSM_ID": 11549998577 }, "geometry": { "type": "Point", "coordinates": [ 23.3273072, 42.6832485 ] } },
{ "type": "Feature", "properties": { "NAME": "87 Late", "NAME_EN": null, "AMENITY": "cafe", "SHOP": null, "OSM_TYPE": "node", "OSM_ID": 11550147176 }, "geometry": { "type": "Point", "coordinates": [ 23.315381, 42.6585473 ] } },
{ "type": "Feature", "properties": { "NAME": "Harem", "NAME_EN": null, "AMENITY": "restaurant", "SHOP": null, "OSM_TYPE": "node", "OSM_ID": 11550147177 }, "geometry": { "type": "Point", "coordinates": [ 23.3157051, 42.6585344 ] } },
{ "type": "Feature", "properties": { "NAME": "Mikel", "NAME_EN": null, "AMENITY": "cafe", "SHOP": null, "OSM_TYPE": "node", "OSM_ID": 11550147470 }, "geometry": { "type": "Point", "coordinates": [ 23.3152587, 42.657116 ] } },
{ "type": "Feature", "properties": { "NAME": null, "NAME_EN": null, "AMENITY": "fast_food", "SHOP": null, "OSM_TYPE": "node", "OSM_ID": 11552174183 }, "geometry": { "type": "Point", "coordinates": [ 23.3340421, 42.6381302 ] } },
{ "type": "Feature", "properties": { "NAME": "Machete", "NAME_EN": null, "AMENITY": "fast_food", "SHOP": null, "OSM_TYPE": "node", "OSM_ID": 11556677223 }, "geometry": { "type": "Point", "coordinates": [ 23.3203304, 42.6834057 ] } },
{ "type": "Feature", "properties": { "NAME": "Щип Щип", "NAME_EN": null, "AMENITY": "restaurant", "SHOP": null, "OSM_TYPE": "node", "OSM_ID": 11563502319 }, "geometry": { "type": "Point", "coordinates": [ 23.3415659, 42.6438468 ] } },
{ "type": "Feature", "properties": { "NAME": "При Димо", "NAME_EN": null, "AMENITY": "restaurant", "SHOP": null, "OSM_TYPE": "node", "OSM_ID": 11564499240 }, "geometry": { "type": "Point", "coordinates": [ 23.3817256, 42.6495866 ] } },
{ "type": "Feature", "properties": { "NAME": "Зелената Къща", "NAME_EN": "Green House", "AMENITY": "fast_food", "SHOP": null, "OSM_TYPE": "node", "OSM_ID": 11569680025 }, "geometry": { "type": "Point", "coordinates": [ 23.3436504, 42.6514786 ] } },
{ "type": "Feature", "properties": { "NAME": "La Bottega Monte", "NAME_EN": null, "AMENITY": "restaurant", "SHOP": null, "OSM_TYPE": "node", "OSM_ID": 11572514446 }, "geometry": { "type": "Point", "coordinates": [ 23.3108102, 42.635869 ] } },
{ "type": "Feature", "properties": { "NAME": "Любимото ми", "NAME_EN": null, "AMENITY": "fast_food", "SHOP": null, "OSM_TYPE": "node", "OSM_ID": 11573528835 }, "geometry": { "type": "Point", "coordinates": [ 23.2798988, 42.6580042 ] } },
{ "type": "Feature", "properties": { "NAME": "Цукерня Савенко", "NAME_EN": "Tsukernia Savenko", "AMENITY": "cafe", "SHOP": null, "OSM_TYPE": "node", "OSM_ID": 11577095969 }, "geometry": { "type": "Point", "coordinates": [ 23.3246872, 42.6990748 ] } },
{ "type": "Feature", "properties": { "NAME": "Смоците", "NAME_EN": null, "AMENITY": "restaurant", "SHOP": null, "OSM_TYPE": "node", "OSM_ID": 11578768780 }, "geometry": { "type": "Point", "coordinates": [ 23.3944382, 42.7828327 ] } },
{ "type": "Feature", "properties": { "NAME": "Vanilla", "NAME_EN": null, "AMENITY": "cafe", "SHOP": null, "OSM_TYPE": "node", "OSM_ID": 11578768785 }, "geometry": { "type": "Point", "coordinates": [ 23.3947743, 42.7829652 ] } },
{ "type": "Feature", "properties": { "NAME": "Бобче", "NAME_EN": null, "AMENITY": "cafe", "SHOP": null, "OSM_TYPE": "node", "OSM_ID": 11581410911 }, "geometry": { "type": "Point", "coordinates": [ 23.3631129, 42.6859032 ] } },
{ "type": "Feature", "properties": { "NAME": "Биреното", "NAME_EN": null, "AMENITY": "pub", "SHOP": null, "OSM_TYPE": "node", "OSM_ID": 11581445272 }, "geometry": { "type": "Point", "coordinates": [ 23.361725, 42.6857805 ] } },
{ "type": "Feature", "properties": { "NAME": "Парк Кафе Гео Милев", "NAME_EN": null, "AMENITY": "restaurant", "SHOP": null, "OSM_TYPE": "node", "OSM_ID": 11581446682 }, "geometry": { "type": "Point", "coordinates": [ 23.3618878, 42.6861087 ] } },
{ "type": "Feature", "properties": { "NAME": "Arte", "NAME_EN": null, "AMENITY": "cafe", "SHOP": null, "OSM_TYPE": "node", "OSM_ID": 11584624038 }, "geometry": { "type": "Point", "coordinates": [ 23.2856522, 42.6653919 ] } },
{ "type": "Feature", "properties": { "NAME": "Beauty club", "NAME_EN": null, "AMENITY": "cafe", "SHOP": null, "OSM_TYPE": "node", "OSM_ID": 11584663260 }, "geometry": { "type": "Point", "coordinates": [ 23.2852876, 42.6626251 ] } },
{ "type": "Feature", "properties": { "NAME": null, "NAME_EN": "Stork’s Nest", "AMENITY": "restaurant", "SHOP": null, "OSM_TYPE": "node", "OSM_ID": 11587568169 }, "geometry": { "type": "Point", "coordinates": [ 23.5584516, 42.4585016 ] } },
{ "type": "Feature", "properties": { "NAME": "Механа Пуката", "NAME_EN": null, "AMENITY": "restaurant", "SHOP": null, "OSM_TYPE": "node", "OSM_ID": 11592720749 }, "geometry": { "type": "Point", "coordinates": [ 23.3969037, 42.7821597 ] } },
{ "type": "Feature", "properties": { "NAME": null, "NAME_EN": null, "AMENITY": "fast_food", "SHOP": null, "OSM_TYPE": "node", "OSM_ID": 11592787713 }, "geometry": { "type": "Point", "coordinates": [ 23.2861415, 42.6423344 ] } },
{ "type": "Feature", "properties": { "NAME": "Южен парк българска кухня", "NAME_EN": null, "AMENITY": "restaurant", "SHOP": null, "OSM_TYPE": "node", "OSM_ID": 11592879668 }, "geometry": { "type": "Point", "coordinates": [ 23.3056109, 42.6594124 ] } },
{ "type": "Feature", "properties": { "NAME": "Pizza Lab", "NAME_EN": null, "AMENITY": "fast_food", "SHOP": null, "OSM_TYPE": "node", "OSM_ID": 11598827677 }, "geometry": { "type": "Point", "coordinates": [ 23.3420926, 42.6498631 ] } },
{ "type": "Feature", "properties": { "NAME": "Мечките", "NAME_EN": null, "AMENITY": "restaurant", "SHOP": null, "OSM_TYPE": "node", "OSM_ID": 11610116947 }, "geometry": { "type": "Point", "coordinates": [ 23.3652694, 42.5250388 ] } },
{ "type": "Feature", "properties": { "NAME": "Chotkin", "NAME_EN": null, "AMENITY": "restaurant", "SHOP": null, "OSM_TYPE": "node", "OSM_ID": 11610237912 }, "geometry": { "type": "Point", "coordinates": [ 23.3218565, 42.6720927 ] } },
{ "type": "Feature", "properties": { "NAME": "Хемингуей", "NAME_EN": null, "AMENITY": "fast_food", "SHOP": null, "OSM_TYPE": "node", "OSM_ID": 11616178825 }, "geometry": { "type": "Point", "coordinates": [ 23.1444317, 42.7078643 ] } },
{ "type": "Feature", "properties": { "NAME": null, "NAME_EN": null, "AMENITY": "fast_food", "SHOP": null, "OSM_TYPE": "node", "OSM_ID": 11616180352 }, "geometry": { "type": "Point", "coordinates": [ 23.4049103, 42.6621953 ] } },
{ "type": "Feature", "properties": { "NAME": "Sole Mio", "NAME_EN": null, "AMENITY": "fast_food", "SHOP": null, "OSM_TYPE": "node", "OSM_ID": 11616191481 }, "geometry": { "type": "Point", "coordinates": [ 23.1446478, 42.7076224 ] } },
{ "type": "Feature", "properties": { "NAME": null, "NAME_EN": null, "AMENITY": "fast_food", "SHOP": null, "OSM_TYPE": "node", "OSM_ID": 11635757606 }, "geometry": { "type": "Point", "coordinates": [ 23.3592403, 42.6755511 ] } },
{ "type": "Feature", "properties": { "NAME": "Емералд Бар & Лаундж", "NAME_EN": "Emerald Bar and Lounge", "AMENITY": "bar", "SHOP": null, "OSM_TYPE": "node", "OSM_ID": 11656304810 }, "geometry": { "type": "Point", "coordinates": [ 23.2884584, 42.655636 ] } },
{ "type": "Feature", "properties": { "NAME": null, "NAME_EN": null, "AMENITY": "restaurant", "SHOP": null, "OSM_TYPE": "node", "OSM_ID": 11657437437 }, "geometry": { "type": "Point", "coordinates": [ 23.3412264, 42.6443886 ] } },
{ "type": "Feature", "properties": { "NAME": "Mr. Pizza", "NAME_EN": null, "AMENITY": "restaurant", "SHOP": null, "OSM_TYPE": "node", "OSM_ID": 11685268043 }, "geometry": { "type": "Point", "coordinates": [ 23.3154913, 42.6571281 ] } },
{ "type": "Feature", "properties": { "NAME": "Costa", "NAME_EN": null, "AMENITY": "cafe", "SHOP": null, "OSM_TYPE": "node", "OSM_ID": 11685268068 }, "geometry": { "type": "Point", "coordinates": [ 23.3135734, 42.6574621 ] } },
{ "type": "Feature", "properties": { "NAME": "Моцарела", "NAME_EN": null, "AMENITY": "restaurant", "SHOP": null, "OSM_TYPE": "node", "OSM_ID": 11687334980 }, "geometry": { "type": "Point", "coordinates": [ 23.3458428, 42.6666131 ] } },
{ "type": "Feature", "properties": { "NAME": "Yummy", "NAME_EN": null, "AMENITY": "fast_food", "SHOP": null, "OSM_TYPE": "node", "OSM_ID": 11687432547 }, "geometry": { "type": "Point", "coordinates": [ 23.3434453, 42.6643071 ] } },
{ "type": "Feature", "properties": { "NAME": "Livadi foods", "NAME_EN": null, "AMENITY": "fast_food", "SHOP": null, "OSM_TYPE": "node", "OSM_ID": 11688326628 }, "geometry": { "type": "Point", "coordinates": [ 23.2847493, 42.6638454 ] } },
{ "type": "Feature", "properties": { "NAME": "Персийска Кухня", "NAME_EN": "Persian Cusine", "AMENITY": "fast_food", "SHOP": null, "OSM_TYPE": "node", "OSM_ID": 11690355294 }, "geometry": { "type": "Point", "coordinates": [ 23.3196613, 42.6948138 ] } },
{ "type": "Feature", "properties": { "NAME": "Nero", "NAME_EN": null, "AMENITY": "restaurant", "SHOP": null, "OSM_TYPE": "node", "OSM_ID": 11697753638 }, "geometry": { "type": "Point", "coordinates": [ 23.287898, 42.6596436 ] } },
{ "type": "Feature", "properties": { "NAME": "Nutrition Life", "NAME_EN": null, "AMENITY": "bar", "SHOP": null, "OSM_TYPE": "node", "OSM_ID": 11697785012 }, "geometry": { "type": "Point", "coordinates": [ 23.2867511, 42.662088 ] } },
{ "type": "Feature", "properties": { "NAME": "AIR Jordan", "NAME_EN": null, "AMENITY": "restaurant", "SHOP": null, "OSM_TYPE": "node", "OSM_ID": 11701089601 }, "geometry": { "type": "Point", "coordinates": [ 23.4147234, 42.6896706 ] } },
{ "type": "Feature", "properties": { "NAME": null, "NAME_EN": null, "AMENITY": "restaurant", "SHOP": null, "OSM_TYPE": "node", "OSM_ID": 11704051871 }, "geometry": { "type": "Point", "coordinates": [ 23.4142598, 42.5770829 ] } },
{ "type": "Feature", "properties": { "NAME": null, "NAME_EN": null, "AMENITY": "cafe", "SHOP": null, "OSM_TYPE": "node", "OSM_ID": 11708683332 }, "geometry": { "type": "Point", "coordinates": [ 23.377297, 42.6629661 ] } },
{ "type": "Feature", "properties": { "NAME": "Royal shawarma", "NAME_EN": null, "AMENITY": "fast_food", "SHOP": null, "OSM_TYPE": "node", "OSM_ID": 11708703511 }, "geometry": { "type": "Point", "coordinates": [ 23.376921, 42.6629305 ] } },
{ "type": "Feature", "properties": { "NAME": null, "NAME_EN": null, "AMENITY": "fast_food", "SHOP": null, "OSM_TYPE": "node", "OSM_ID": 11708731243 }, "geometry": { "type": "Point", "coordinates": [ 23.3769937, 42.6627715 ] } },
{ "type": "Feature", "properties": { "NAME": "Food Depot", "NAME_EN": null, "AMENITY": "restaurant", "SHOP": null, "OSM_TYPE": "node", "OSM_ID": 11708740820 }, "geometry": { "type": "Point", "coordinates": [ 23.3810037, 42.6621661 ] } },
{ "type": "Feature", "properties": { "NAME": "Ресторант Ориент", "NAME_EN": null, "AMENITY": "fast_food", "SHOP": null, "OSM_TYPE": "node", "OSM_ID": 11711405985 }, "geometry": { "type": "Point", "coordinates": [ 23.2977667, 42.7142606 ] } },
{ "type": "Feature", "properties": { "NAME": "68", "NAME_EN": null, "AMENITY": "cafe", "SHOP": null, "OSM_TYPE": "node", "OSM_ID": 11711506294 }, "geometry": { "type": "Point", "coordinates": [ 23.2784953, 42.7038017 ] } },
{ "type": "Feature", "properties": { "NAME": "При Джани", "NAME_EN": null, "AMENITY": "fast_food", "SHOP": null, "OSM_TYPE": "node", "OSM_ID": 11717032935 }, "geometry": { "type": "Point", "coordinates": [ 23.347387, 42.6603955 ] } },
{ "type": "Feature", "properties": { "NAME": "Shawarma Magic", "NAME_EN": null, "AMENITY": "fast_food", "SHOP": null, "OSM_TYPE": "node", "OSM_ID": 11717034524 }, "geometry": { "type": "Point", "coordinates": [ 23.3474589, 42.6603171 ] } },
{ "type": "Feature", "properties": { "NAME": "Палачинките", "NAME_EN": "The Pancakes", "AMENITY": "fast_food", "SHOP": null, "OSM_TYPE": "node", "OSM_ID": 11718029578 }, "geometry": { "type": "Point", "coordinates": [ 23.3736776, 42.6530395 ] } },
{ "type": "Feature", "properties": { "NAME": "Ancona Station", "NAME_EN": null, "AMENITY": "fast_food", "SHOP": null, "OSM_TYPE": "node", "OSM_ID": 11724308984 }, "geometry": { "type": "Point", "coordinates": [ 23.2662323, 42.7140241 ] } },
{ "type": "Feature", "properties": { "NAME": "Low and Slow Gentelmen Smokehouse", "NAME_EN": null, "AMENITY": "restaurant", "SHOP": null, "OSM_TYPE": "node", "OSM_ID": 11725880418 }, "geometry": { "type": "Point", "coordinates": [ 23.369744, 42.6224727 ] } },
{ "type": "Feature", "properties": { "NAME": null, "NAME_EN": null, "AMENITY": "fast_food", "SHOP": null, "OSM_TYPE": "node", "OSM_ID": 11727813146 }, "geometry": { "type": "Point", "coordinates": [ 23.3753371, 42.66188 ] } },
{ "type": "Feature", "properties": { "NAME": null, "NAME_EN": null, "AMENITY": "fast_food", "SHOP": null, "OSM_TYPE": "node", "OSM_ID": 11727813147 }, "geometry": { "type": "Point", "coordinates": [ 23.3754658, 42.6619707 ] } },
{ "type": "Feature", "properties": { "NAME": "Street Lounge", "NAME_EN": null, "AMENITY": "cafe", "SHOP": null, "OSM_TYPE": "node", "OSM_ID": 11734286062 }, "geometry": { "type": "Point", "coordinates": [ 23.3166365, 42.6712679 ] } },
{ "type": "Feature", "properties": { "NAME": null, "NAME_EN": null, "AMENITY": "fast_food", "SHOP": null, "OSM_TYPE": "node", "OSM_ID": 11735065628 }, "geometry": { "type": "Point", "coordinates": [ 23.3084329, 42.6947292 ] } },
{ "type": "Feature", "properties": { "NAME": "Hygge time", "NAME_EN": null, "AMENITY": "cafe", "SHOP": null, "OSM_TYPE": "node", "OSM_ID": 11739191715 }, "geometry": { "type": "Point", "coordinates": [ 23.3104467, 42.6985852 ] } },
{ "type": "Feature", "properties": { "NAME": "Stand Art Comfort Food", "NAME_EN": null, "AMENITY": "restaurant", "SHOP": null, "OSM_TYPE": "node", "OSM_ID": 11739238789 }, "geometry": { "type": "Point", "coordinates": [ 23.3115882, 42.6986901 ] } },
{ "type": "Feature", "properties": { "NAME": "Vishneva", "NAME_EN": null, "AMENITY": "restaurant", "SHOP": null, "OSM_TYPE": "node", "OSM_ID": 11743576139 }, "geometry": { "type": "Point", "coordinates": [ 23.3326767, 42.6781261 ] } },
{ "type": "Feature", "properties": { "NAME": "Sushi Time", "NAME_EN": null, "AMENITY": "restaurant", "SHOP": null, "OSM_TYPE": "node", "OSM_ID": 11748511540 }, "geometry": { "type": "Point", "coordinates": [ 23.3275646, 42.69822 ] } },
{ "type": "Feature", "properties": { "NAME": "Леон", "NAME_EN": null, "AMENITY": "restaurant", "SHOP": null, "OSM_TYPE": "node", "OSM_ID": 11748955350 }, "geometry": { "type": "Point", "coordinates": [ 23.2842747, 42.6775334 ] } },
{ "type": "Feature", "properties": { "NAME": "Frog Food And Fun", "NAME_EN": null, "AMENITY": "restaurant", "SHOP": null, "OSM_TYPE": "node", "OSM_ID": 11750807752 }, "geometry": { "type": "Point", "coordinates": [ 23.3298851, 42.6437587 ] } },
{ "type": "Feature", "properties": { "NAME": null, "NAME_EN": null, "AMENITY": "fast_food", "SHOP": null, "OSM_TYPE": "node", "OSM_ID": 11751524093 }, "geometry": { "type": "Point", "coordinates": [ 23.3145191, 42.7005626 ] } },
{ "type": "Feature", "properties": { "NAME": "Beerto Ristorante", "NAME_EN": null, "AMENITY": "restaurant", "SHOP": null, "OSM_TYPE": "node", "OSM_ID": 11753540663 }, "geometry": { "type": "Point", "coordinates": [ 23.3288919, 42.6952141 ] } },
{ "type": "Feature", "properties": { "NAME": "Бат Миро", "NAME_EN": null, "AMENITY": "fast_food", "SHOP": null, "OSM_TYPE": "node", "OSM_ID": 11754893760 }, "geometry": { "type": "Point", "coordinates": [ 23.3426321, 42.6516742 ] } },
{ "type": "Feature", "properties": { "NAME": "SimitEvi", "NAME_EN": null, "AMENITY": "fast_food", "SHOP": null, "OSM_TYPE": "node", "OSM_ID": 11754901102 }, "geometry": { "type": "Point", "coordinates": [ 23.3426406, 42.6519255 ] } },
{ "type": "Feature", "properties": { "NAME": "Бистро Джани", "NAME_EN": null, "AMENITY": "restaurant", "SHOP": null, "OSM_TYPE": "node", "OSM_ID": 11761442532 }, "geometry": { "type": "Point", "coordinates": [ 23.3758092, 42.6618623 ] } },
{ "type": "Feature", "properties": { "NAME": null, "NAME_EN": null, "AMENITY": "fast_food", "SHOP": null, "OSM_TYPE": "node", "OSM_ID": 11766783465 }, "geometry": { "type": "Point", "coordinates": [ 23.2834968, 42.6805942 ] } },
{ "type": "Feature", "properties": { "NAME": null, "NAME_EN": null, "AMENITY": "fast_food", "SHOP": null, "OSM_TYPE": "node", "OSM_ID": 11768056219 }, "geometry": { "type": "Point", "coordinates": [ 23.4060542, 42.6390478 ] } },
{ "type": "Feature", "properties": { "NAME": "Майсторска скара", "NAME_EN": null, "AMENITY": "fast_food", "SHOP": null, "OSM_TYPE": "node", "OSM_ID": 11768061702 }, "geometry": { "type": "Point", "coordinates": [ 23.4032994, 42.6199238 ] } },
{ "type": "Feature", "properties": { "NAME": "Ginger sushi", "NAME_EN": null, "AMENITY": "restaurant", "SHOP": null, "OSM_TYPE": "node", "OSM_ID": 11769065736 }, "geometry": { "type": "Point", "coordinates": [ 23.3309975, 42.6879114 ] } },
{ "type": "Feature", "properties": { "NAME": "rCurry", "NAME_EN": null, "AMENITY": "restaurant", "SHOP": null, "OSM_TYPE": "node", "OSM_ID": 11769120303 }, "geometry": { "type": "Point", "coordinates": [ 23.3267592, 42.691793 ] } },
{ "type": "Feature", "properties": { "NAME": "Шопска скара", "NAME_EN": null, "AMENITY": "fast_food", "SHOP": null, "OSM_TYPE": "node", "OSM_ID": 11777769614 }, "geometry": { "type": "Point", "coordinates": [ 23.3024452, 42.6974005 ] } },
{ "type": "Feature", "properties": { "NAME": "Заведение за Бързо Хранене", "NAME_EN": null, "AMENITY": "fast_food", "SHOP": null, "OSM_TYPE": "node", "OSM_ID": 11782580252 }, "geometry": { "type": "Point", "coordinates": [ 23.3933035, 42.6385544 ] } },
{ "type": "Feature", "properties": { "NAME": "Santé", "NAME_EN": null, "AMENITY": "fast_food", "SHOP": null, "OSM_TYPE": "node", "OSM_ID": 11799727452 }, "geometry": { "type": "Point", "coordinates": [ 23.3267609, 42.6898197 ] } },
{ "type": "Feature", "properties": { "NAME": "Irini Dream", "NAME_EN": null, "AMENITY": "fast_food", "SHOP": null, "OSM_TYPE": "node", "OSM_ID": 11799744093 }, "geometry": { "type": "Point", "coordinates": [ 23.3255628, 42.6897321 ] } },
{ "type": "Feature", "properties": { "NAME": "Mangi & Piangi", "NAME_EN": null, "AMENITY": "fast_food", "SHOP": null, "OSM_TYPE": "node", "OSM_ID": 11801858632 }, "geometry": { "type": "Point", "coordinates": [ 23.287274, 42.6560692 ] } },
{ "type": "Feature", "properties": { "NAME": null, "NAME_EN": null, "AMENITY": "fast_food", "SHOP": null, "OSM_TYPE": "node", "OSM_ID": 11809199389 }, "geometry": { "type": "Point", "coordinates": [ 23.2727335, 42.7387733 ] } },
{ "type": "Feature", "properties": { "NAME": null, "NAME_EN": null, "AMENITY": "cafe", "SHOP": null, "OSM_TYPE": "node", "OSM_ID": 11809306914 }, "geometry": { "type": "Point", "coordinates": [ 23.2722543, 42.7376198 ] } },
{ "type": "Feature", "properties": { "NAME": "Рубеко", "NAME_EN": null, "AMENITY": "restaurant", "SHOP": null, "OSM_TYPE": "node", "OSM_ID": 11809613631 }, "geometry": { "type": "Point", "coordinates": [ 23.2661, 42.7369697 ] } },
{ "type": "Feature", "properties": { "NAME": "Мерлини", "NAME_EN": null, "AMENITY": "restaurant", "SHOP": null, "OSM_TYPE": "node", "OSM_ID": 11809630234 }, "geometry": { "type": "Point", "coordinates": [ 23.270771, 42.7368615 ] } },
{ "type": "Feature", "properties": { "NAME": null, "NAME_EN": null, "AMENITY": "pub", "SHOP": null, "OSM_TYPE": "node", "OSM_ID": 11809630235 }, "geometry": { "type": "Point", "coordinates": [ 23.2678081, 42.737243 ] } },
{ "type": "Feature", "properties": { "NAME": "Bon appetite", "NAME_EN": null, "AMENITY": "restaurant", "SHOP": null, "OSM_TYPE": "node", "OSM_ID": 11809656961 }, "geometry": { "type": "Point", "coordinates": [ 23.2710721, 42.7369842 ] } },
{ "type": "Feature", "properties": { "NAME": "Food Station Monkey", "NAME_EN": null, "AMENITY": "fast_food", "SHOP": null, "OSM_TYPE": "node", "OSM_ID": 11816545731 }, "geometry": { "type": "Point", "coordinates": [ 23.2747268, 42.7426574 ] } },
{ "type": "Feature", "properties": { "NAME": "Пру майсторите", "NAME_EN": null, "AMENITY": "fast_food", "SHOP": null, "OSM_TYPE": "node", "OSM_ID": 11816557610 }, "geometry": { "type": "Point", "coordinates": [ 23.2733239, 42.7428543 ] } },
{ "type": "Feature", "properties": { "NAME": "Stix", "NAME_EN": null, "AMENITY": "bar", "SHOP": null, "OSM_TYPE": "node", "OSM_ID": 11817245647 }, "geometry": { "type": "Point", "coordinates": [ 23.3194132, 42.6855214 ] } },
{ "type": "Feature", "properties": { "NAME": "Red Bell", "NAME_EN": null, "AMENITY": "cafe", "SHOP": null, "OSM_TYPE": "node", "OSM_ID": 11824482207 }, "geometry": { "type": "Point", "coordinates": [ 23.3215996, 42.6817545 ] } },
{ "type": "Feature", "properties": { "NAME": "Бистро \"Младост\"", "NAME_EN": null, "AMENITY": "fast_food", "SHOP": null, "OSM_TYPE": "node", "OSM_ID": 11827156556 }, "geometry": { "type": "Point", "coordinates": [ 23.3759693, 42.6313122 ] } },
{ "type": "Feature", "properties": { "NAME": "Зеленият папагал", "NAME_EN": null, "AMENITY": "fast_food", "SHOP": null, "OSM_TYPE": "node", "OSM_ID": 11828383915 }, "geometry": { "type": "Point", "coordinates": [ 23.3758917, 42.6561469 ] } },
{ "type": "Feature", "properties": { "NAME": null, "NAME_EN": null, "AMENITY": "cafe", "SHOP": null, "OSM_TYPE": "node", "OSM_ID": 11830552430 }, "geometry": { "type": "Point", "coordinates": [ 23.3720036, 42.6562249 ] } },
{ "type": "Feature", "properties": { "NAME": "Кюфтак", "NAME_EN": null, "AMENITY": "fast_food", "SHOP": null, "OSM_TYPE": "node", "OSM_ID": 11831778771 }, "geometry": { "type": "Point", "coordinates": [ 23.3030587, 42.6854768 ] } },
{ "type": "Feature", "properties": { "NAME": null, "NAME_EN": null, "AMENITY": "cafe", "SHOP": null, "OSM_TYPE": "node", "OSM_ID": 11833506397 }, "geometry": { "type": "Point", "coordinates": [ 23.3622405, 42.6762717 ] } },
{ "type": "Feature", "properties": { "NAME": "My Sushi", "NAME_EN": null, "AMENITY": "restaurant", "SHOP": null, "OSM_TYPE": "node", "OSM_ID": 11837358110 }, "geometry": { "type": "Point", "coordinates": [ 23.3014675, 42.6996573 ] } },
{ "type": "Feature", "properties": { "NAME": "Джовани", "NAME_EN": null, "AMENITY": "restaurant", "SHOP": null, "OSM_TYPE": "node", "OSM_ID": 11837727258 }, "geometry": { "type": "Point", "coordinates": [ 23.3819705, 42.6520808 ] } },
{ "type": "Feature", "properties": { "NAME": "Шън Фън", "NAME_EN": null, "AMENITY": "restaurant", "SHOP": null, "OSM_TYPE": "node", "OSM_ID": 11837749319 }, "geometry": { "type": "Point", "coordinates": [ 23.3816745, 42.6525947 ] } },
{ "type": "Feature", "properties": { "NAME": null, "NAME_EN": null, "AMENITY": "restaurant", "SHOP": null, "OSM_TYPE": "node", "OSM_ID": 11837779230 }, "geometry": { "type": "Point", "coordinates": [ 23.3830651, 42.6497555 ] } },
{ "type": "Feature", "properties": { "NAME": "Сарай софра", "NAME_EN": null, "AMENITY": "restaurant", "SHOP": null, "OSM_TYPE": "node", "OSM_ID": 11838790112 }, "geometry": { "type": "Point", "coordinates": [ 23.303833, 42.6996295 ] } },
{ "type": "Feature", "properties": { "NAME": null, "NAME_EN": null, "AMENITY": "cafe", "SHOP": null, "OSM_TYPE": "node", "OSM_ID": 11838790807 }, "geometry": { "type": "Point", "coordinates": [ 23.3012144, 42.700033 ] } },
{ "type": "Feature", "properties": { "NAME": null, "NAME_EN": null, "AMENITY": "fast_food", "SHOP": null, "OSM_TYPE": "node", "OSM_ID": 11838792144 }, "geometry": { "type": "Point", "coordinates": [ 23.3039294, 42.6996146 ] } },
{ "type": "Feature", "properties": { "NAME": "foodpoint", "NAME_EN": null, "AMENITY": "fast_food", "SHOP": null, "OSM_TYPE": "node", "OSM_ID": 11838833605 }, "geometry": { "type": "Point", "coordinates": [ 23.3067585, 42.6991786 ] } },
{ "type": "Feature", "properties": { "NAME": null, "NAME_EN": null, "AMENITY": "fast_food", "SHOP": null, "OSM_TYPE": "node", "OSM_ID": 11842199473 }, "geometry": { "type": "Point", "coordinates": [ 23.2964175, 42.6855532 ] } },
{ "type": "Feature", "properties": { "NAME": "Суботица", "NAME_EN": null, "AMENITY": "fast_food", "SHOP": null, "OSM_TYPE": "node", "OSM_ID": 11843488023 }, "geometry": { "type": "Point", "coordinates": [ 23.3063595, 42.6989016 ] } },
{ "type": "Feature", "properties": { "NAME": "Sandvicharnika", "NAME_EN": null, "AMENITY": "fast_food", "SHOP": null, "OSM_TYPE": "node", "OSM_ID": 11843526706 }, "geometry": { "type": "Point", "coordinates": [ 23.304918, 42.6990617 ] } },
{ "type": "Feature", "properties": { "NAME": "Noah", "NAME_EN": null, "AMENITY": "restaurant", "SHOP": null, "OSM_TYPE": "node", "OSM_ID": 11845296807 }, "geometry": { "type": "Point", "coordinates": [ 23.3050469, 42.6872921 ] } },
{ "type": "Feature", "properties": { "NAME": "Le Gourmet de Paris", "NAME_EN": null, "AMENITY": "cafe", "SHOP": null, "OSM_TYPE": "node", "OSM_ID": 11845456157 }, "geometry": { "type": "Point", "coordinates": [ 23.2977111, 42.6848034 ] } },
{ "type": "Feature", "properties": { "NAME": "Бабините гозби", "NAME_EN": null, "AMENITY": "fast_food", "SHOP": null, "OSM_TYPE": "node", "OSM_ID": 11845456158 }, "geometry": { "type": "Point", "coordinates": [ 23.2978462, 42.6848744 ] } },
{ "type": "Feature", "properties": { "NAME": "ISOS", "NAME_EN": null, "AMENITY": "fast_food", "SHOP": null, "OSM_TYPE": "node", "OSM_ID": 11846258798 }, "geometry": { "type": "Point", "coordinates": [ 23.3440303, 42.653831 ] } },
{ "type": "Feature", "properties": { "NAME": "R&G", "NAME_EN": null, "AMENITY": "cafe", "SHOP": null, "OSM_TYPE": "node", "OSM_ID": 11849822535 }, "geometry": { "type": "Point", "coordinates": [ 23.3011166, 42.6799512 ] } },
{ "type": "Feature", "properties": { "NAME": "QR", "NAME_EN": null, "AMENITY": "cafe", "SHOP": null, "OSM_TYPE": "node", "OSM_ID": 11851354374 }, "geometry": { "type": "Point", "coordinates": [ 23.3112591, 42.6922802 ] } },
{ "type": "Feature", "properties": { "NAME": "Бистро Вкусито", "NAME_EN": null, "AMENITY": "restaurant", "SHOP": null, "OSM_TYPE": "node", "OSM_ID": 11851354375 }, "geometry": { "type": "Point", "coordinates": [ 23.3084194, 42.7007039 ] } },
{ "type": "Feature", "properties": { "NAME": null, "NAME_EN": null, "AMENITY": "fast_food", "SHOP": null, "OSM_TYPE": "node", "OSM_ID": 11863160239 }, "geometry": { "type": "Point", "coordinates": [ 23.2608193, 42.6716593 ] } },
{ "type": "Feature", "properties": { "NAME": "Tonik kitchen and store", "NAME_EN": null, "AMENITY": "restaurant", "SHOP": null, "OSM_TYPE": "node", "OSM_ID": 11863178322 }, "geometry": { "type": "Point", "coordinates": [ 23.2562869, 42.6695036 ] } },
{ "type": "Feature", "properties": { "NAME": "Ям-гъл 2", "NAME_EN": null, "AMENITY": "fast_food", "SHOP": null, "OSM_TYPE": "node", "OSM_ID": 11863296316 }, "geometry": { "type": "Point", "coordinates": [ 23.2593942, 42.6713196 ] } },
{ "type": "Feature", "properties": { "NAME": "Хубавата баница", "NAME_EN": null, "AMENITY": "fast_food", "SHOP": null, "OSM_TYPE": "node", "OSM_ID": 11863296318 }, "geometry": { "type": "Point", "coordinates": [ 23.2588286, 42.6711365 ] } },
{ "type": "Feature", "properties": { "NAME": null, "NAME_EN": null, "AMENITY": "cafe", "SHOP": null, "OSM_TYPE": "node", "OSM_ID": 11865763717 }, "geometry": { "type": "Point", "coordinates": [ 23.4075104, 42.6261153 ] } },
{ "type": "Feature", "properties": { "NAME": null, "NAME_EN": null, "AMENITY": "fast_food", "SHOP": null, "OSM_TYPE": "node", "OSM_ID": 11865763719 }, "geometry": { "type": "Point", "coordinates": [ 23.4075468, 42.6262239 ] } },
{ "type": "Feature", "properties": { "NAME": "При мама", "NAME_EN": null, "AMENITY": "fast_food", "SHOP": null, "OSM_TYPE": "node", "OSM_ID": 11866875478 }, "geometry": { "type": "Point", "coordinates": [ 23.3317338, 42.6807018 ] } },
{ "type": "Feature", "properties": { "NAME": "Кулинария 365 здравей", "NAME_EN": null, "AMENITY": "fast_food", "SHOP": null, "OSM_TYPE": "node", "OSM_ID": 11874254367 }, "geometry": { "type": "Point", "coordinates": [ 23.3167575, 42.6620635 ] } },
{ "type": "Feature", "properties": { "NAME": "Kalimnos", "NAME_EN": null, "AMENITY": "restaurant", "SHOP": null, "OSM_TYPE": "node", "OSM_ID": 11876277312 }, "geometry": { "type": "Point", "coordinates": [ 23.2852221, 42.7018551 ] } },
{ "type": "Feature", "properties": { "NAME": null, "NAME_EN": "G6 Cocktail Bar", "AMENITY": "bar", "SHOP": null, "OSM_TYPE": "node", "OSM_ID": 11883200269 }, "geometry": { "type": "Point", "coordinates": [ 23.3280541, 42.6980705 ] } },
{ "type": "Feature", "properties": { "NAME": null, "NAME_EN": null, "AMENITY": "restaurant", "SHOP": null, "OSM_TYPE": "node", "OSM_ID": 11883410148 }, "geometry": { "type": "Point", "coordinates": [ 23.3854732, 42.639412 ] } },
{ "type": "Feature", "properties": { "NAME": "Домашна Кухня", "NAME_EN": null, "AMENITY": "fast_food", "SHOP": null, "OSM_TYPE": "node", "OSM_ID": 11883458535 }, "geometry": { "type": "Point", "coordinates": [ 23.3836776, 42.6390633 ] } },
{ "type": "Feature", "properties": { "NAME": "LaCoquette Coffee and bakery", "NAME_EN": null, "AMENITY": "cafe", "SHOP": null, "OSM_TYPE": "node", "OSM_ID": 11897246692 }, "geometry": { "type": "Point", "coordinates": [ 23.3717329, 42.6700632 ] } },
{ "type": "Feature", "properties": { "NAME": "Neighbors", "NAME_EN": null, "AMENITY": "restaurant", "SHOP": null, "OSM_TYPE": "node", "OSM_ID": 11898297021 }, "geometry": { "type": "Point", "coordinates": [ 23.3299924, 42.643871 ] } },
{ "type": "Feature", "properties": { "NAME": "Кук Хаус", "NAME_EN": "Cook House", "AMENITY": "restaurant", "SHOP": null, "OSM_TYPE": "node", "OSM_ID": 11909113346 }, "geometry": { "type": "Point", "coordinates": [ 23.3786939, 42.6240774 ] } },
{ "type": "Feature", "properties": { "NAME": null, "NAME_EN": null, "AMENITY": "fast_food", "SHOP": null, "OSM_TYPE": "node", "OSM_ID": 11910728724 }, "geometry": { "type": "Point", "coordinates": [ 23.3274728, 42.6564105 ] } },
{ "type": "Feature", "properties": { "NAME": "Soundwave", "NAME_EN": null, "AMENITY": "bar", "SHOP": null, "OSM_TYPE": "node", "OSM_ID": 11913930379 }, "geometry": { "type": "Point", "coordinates": [ 23.3424311, 42.652996 ] } },
{ "type": "Feature", "properties": { "NAME": null, "NAME_EN": null, "AMENITY": "fast_food", "SHOP": null, "OSM_TYPE": "node", "OSM_ID": 11925846742 }, "geometry": { "type": "Point", "coordinates": [ 23.2868823, 42.6972311 ] } },
{ "type": "Feature", "properties": { "NAME": "Вардар", "NAME_EN": null, "AMENITY": "fast_food", "SHOP": null, "OSM_TYPE": "node", "OSM_ID": 11925846756 }, "geometry": { "type": "Point", "coordinates": [ 23.28704, 42.6965517 ] } },
{ "type": "Feature", "properties": { "NAME": null, "NAME_EN": null, "AMENITY": "fast_food", "SHOP": null, "OSM_TYPE": "node", "OSM_ID": 11927589787 }, "geometry": { "type": "Point", "coordinates": [ 23.2870867, 42.6963658 ] } },
{ "type": "Feature", "properties": { "NAME": "Su burger&grill", "NAME_EN": null, "AMENITY": "fast_food", "SHOP": null, "OSM_TYPE": "node", "OSM_ID": 11927589790 }, "geometry": { "type": "Point", "coordinates": [ 23.2871758, 42.6960108 ] } },
{ "type": "Feature", "properties": { "NAME": "Doner King", "NAME_EN": null, "AMENITY": "fast_food", "SHOP": null, "OSM_TYPE": "node", "OSM_ID": 11928488161 }, "geometry": { "type": "Point", "coordinates": [ 23.3158849, 42.6757414 ] } },
{ "type": "Feature", "properties": { "NAME": "Wurstrasse", "NAME_EN": null, "AMENITY": "fast_food", "SHOP": null, "OSM_TYPE": "node", "OSM_ID": 11938894737 }, "geometry": { "type": "Point", "coordinates": [ 23.32144, 42.6999539 ] } },
{ "type": "Feature", "properties": { "NAME": "RepEat", "NAME_EN": null, "AMENITY": "fast_food", "SHOP": null, "OSM_TYPE": "node", "OSM_ID": 11938894739 }, "geometry": { "type": "Point", "coordinates": [ 23.3215481, 42.7002273 ] } },
{ "type": "Feature", "properties": { "NAME": "Obento Sushi", "NAME_EN": null, "AMENITY": "restaurant", "SHOP": null, "OSM_TYPE": "node", "OSM_ID": 11938894740 }, "geometry": { "type": "Point", "coordinates": [ 23.3215315, 42.7001578 ] } },
{ "type": "Feature", "properties": { "NAME": "Pizza Lab", "NAME_EN": null, "AMENITY": "fast_food", "SHOP": null, "OSM_TYPE": "node", "OSM_ID": 11938894742 }, "geometry": { "type": "Point", "coordinates": [ 23.3217684, 42.6998607 ] } },
{ "type": "Feature", "properties": { "NAME": "Скаратъ", "NAME_EN": null, "AMENITY": "fast_food", "SHOP": null, "OSM_TYPE": "node", "OSM_ID": 11940402069 }, "geometry": { "type": "Point", "coordinates": [ 23.3168028, 42.7058159 ] } },
{ "type": "Feature", "properties": { "NAME": "Skapto", "NAME_EN": null, "AMENITY": "fast_food", "SHOP": null, "OSM_TYPE": "node", "OSM_ID": 11944429490 }, "geometry": { "type": "Point", "coordinates": [ 23.3465718, 42.6538281 ] } },
{ "type": "Feature", "properties": { "NAME": "Gery Caffeine", "NAME_EN": null, "AMENITY": "cafe", "SHOP": null, "OSM_TYPE": "node", "OSM_ID": 11955568069 }, "geometry": { "type": "Point", "coordinates": [ 23.3599949, 42.6496804 ] } },
{ "type": "Feature", "properties": { "NAME": "Баничарница", "NAME_EN": null, "AMENITY": "fast_food", "SHOP": null, "OSM_TYPE": "node", "OSM_ID": 11966503723 }, "geometry": { "type": "Point", "coordinates": [ 23.3022154, 42.7335622 ] } },
{ "type": "Feature", "properties": { "NAME": "Tasty Kebab", "NAME_EN": null, "AMENITY": "fast_food", "SHOP": null, "OSM_TYPE": "node", "OSM_ID": 11968488164 }, "geometry": { "type": "Point", "coordinates": [ 23.3415973, 42.6443104 ] } },
{ "type": "Feature", "properties": { "NAME": null, "NAME_EN": null, "AMENITY": "restaurant", "SHOP": null, "OSM_TYPE": "node", "OSM_ID": 11974554307 }, "geometry": { "type": "Point", "coordinates": [ 23.3947137, 42.6495896 ] } },
{ "type": "Feature", "properties": { "NAME": null, "NAME_EN": null, "AMENITY": "food_court", "SHOP": null, "OSM_TYPE": "node", "OSM_ID": 11986142766 }, "geometry": { "type": "Point", "coordinates": [ 23.3235372, 42.7341154 ] } },
{ "type": "Feature", "properties": { "NAME": "La Bottega", "NAME_EN": null, "AMENITY": "restaurant", "SHOP": null, "OSM_TYPE": "node", "OSM_ID": 11988796186 }, "geometry": { "type": "Point", "coordinates": [ 23.2861273, 42.6638908 ] } },
{ "type": "Feature", "properties": { "NAME": "Sensei", "NAME_EN": null, "AMENITY": "restaurant", "SHOP": null, "OSM_TYPE": "node", "OSM_ID": 11993659802 }, "geometry": { "type": "Point", "coordinates": [ 23.3188833, 42.7004818 ] } },
{ "type": "Feature", "properties": { "NAME": "Баничарница+", "NAME_EN": null, "AMENITY": "fast_food", "SHOP": null, "OSM_TYPE": "node", "OSM_ID": 12004028362 }, "geometry": { "type": "Point", "coordinates": [ 23.2659698, 42.6676692 ] } },
{ "type": "Feature", "properties": { "NAME": "Shawarma Mr. Doner", "NAME_EN": null, "AMENITY": "fast_food", "SHOP": null, "OSM_TYPE": "node", "OSM_ID": 12016589480 }, "geometry": { "type": "Point", "coordinates": [ 23.2920226, 42.7011039 ] } },
{ "type": "Feature", "properties": { "NAME": "Домашна скара", "NAME_EN": null, "AMENITY": "fast_food", "SHOP": null, "OSM_TYPE": "node", "OSM_ID": 12022577330 }, "geometry": { "type": "Point", "coordinates": [ 23.2854374, 42.6768496 ] } },
{ "type": "Feature", "properties": { "NAME": "Бъбълс", "NAME_EN": null, "AMENITY": "cafe", "SHOP": null, "OSM_TYPE": "node", "OSM_ID": 12029770369 }, "geometry": { "type": "Point", "coordinates": [ 23.2634106, 42.7138463 ] } },
{ "type": "Feature", "properties": { "NAME": null, "NAME_EN": null, "AMENITY": "cafe", "SHOP": null, "OSM_TYPE": "node", "OSM_ID": 12041226793 }, "geometry": { "type": "Point", "coordinates": [ 23.3282076, 42.6822674 ] } },
{ "type": "Feature", "properties": { "NAME": "Крез", "NAME_EN": null, "AMENITY": "pub", "SHOP": null, "OSM_TYPE": "node", "OSM_ID": 12041237823 }, "geometry": { "type": "Point", "coordinates": [ 23.3282187, 42.6822258 ] } },
{ "type": "Feature", "properties": { "NAME": null, "NAME_EN": null, "AMENITY": "restaurant", "SHOP": null, "OSM_TYPE": "node", "OSM_ID": 12041421408 }, "geometry": { "type": "Point", "coordinates": [ 23.3647853, 42.6670619 ] } },
{ "type": "Feature", "properties": { "NAME": "District", "NAME_EN": null, "AMENITY": "cafe", "SHOP": null, "OSM_TYPE": "node", "OSM_ID": 12043575392 }, "geometry": { "type": "Point", "coordinates": [ 23.2855774, 42.6788388 ] } },
{ "type": "Feature", "properties": { "NAME": "Гозба", "NAME_EN": null, "AMENITY": "fast_food", "SHOP": null, "OSM_TYPE": "node", "OSM_ID": 12045334057 }, "geometry": { "type": "Point", "coordinates": [ 23.3240555, 42.6910711 ] } },
{ "type": "Feature", "properties": { "NAME": "Jeko's", "NAME_EN": null, "AMENITY": "restaurant", "SHOP": null, "OSM_TYPE": "node", "OSM_ID": 12045362741 }, "geometry": { "type": "Point", "coordinates": [ 23.3229818, 42.6869184 ] } },
{ "type": "Feature", "properties": { "NAME": "Donerstag", "NAME_EN": null, "AMENITY": "fast_food", "SHOP": null, "OSM_TYPE": "node", "OSM_ID": 12045367691 }, "geometry": { "type": "Point", "coordinates": [ 23.3212387, 42.6826728 ] } },
{ "type": "Feature", "properties": { "NAME": null, "NAME_EN": null, "AMENITY": "fast_food", "SHOP": null, "OSM_TYPE": "node", "OSM_ID": 12046231540 }, "geometry": { "type": "Point", "coordinates": [ 23.4500974, 42.6386481 ] } },
{ "type": "Feature", "properties": { "NAME": "Me Meraki", "NAME_EN": null, "AMENITY": "restaurant", "SHOP": null, "OSM_TYPE": "node", "OSM_ID": 12048669644 }, "geometry": { "type": "Point", "coordinates": [ 23.3166547, 42.6906393 ] } },
{ "type": "Feature", "properties": { "NAME": "Bon Dessert", "NAME_EN": null, "AMENITY": "cafe", "SHOP": null, "OSM_TYPE": "node", "OSM_ID": 12048792540 }, "geometry": { "type": "Point", "coordinates": [ 23.3206455, 42.6771897 ] } },
{ "type": "Feature", "properties": { "NAME": "Friendly Wine & Cheese", "NAME_EN": null, "AMENITY": "cafe", "SHOP": null, "OSM_TYPE": "node", "OSM_ID": 12048839854 }, "geometry": { "type": "Point", "coordinates": [ 23.3207256, 42.6772714 ] } },
{ "type": "Feature", "properties": { "NAME": "Fresh day", "NAME_EN": null, "AMENITY": "fast_food", "SHOP": null, "OSM_TYPE": "node", "OSM_ID": 12048919967 }, "geometry": { "type": "Point", "coordinates": [ 23.3210181, 42.6776622 ] } },
{ "type": "Feature", "properties": { "NAME": "Alek Zander", "NAME_EN": null, "AMENITY": "restaurant", "SHOP": null, "OSM_TYPE": "node", "OSM_ID": 12056114751 }, "geometry": { "type": "Point", "coordinates": [ 23.2749586, 42.6660845 ] } },
{ "type": "Feature", "properties": { "NAME": "Nutrio Bar", "NAME_EN": null, "AMENITY": "restaurant", "SHOP": null, "OSM_TYPE": "node", "OSM_ID": 12057489205 }, "geometry": { "type": "Point", "coordinates": [ 23.3736418, 42.6313356 ] } },
{ "type": "Feature", "properties": { "NAME": "На улицата", "NAME_EN": null, "AMENITY": "restaurant", "SHOP": null, "OSM_TYPE": "node", "OSM_ID": 12060187094 }, "geometry": { "type": "Point", "coordinates": [ 23.2650156, 42.6614248 ] } },
{ "type": "Feature", "properties": { "NAME": "dos Primos", "NAME_EN": null, "AMENITY": "restaurant", "SHOP": null, "OSM_TYPE": "node", "OSM_ID": 12067674200 }, "geometry": { "type": "Point", "coordinates": [ 23.3315921, 42.6817663 ] } },
{ "type": "Feature", "properties": { "NAME": "Chef leila", "NAME_EN": null, "AMENITY": "restaurant", "SHOP": null, "OSM_TYPE": "node", "OSM_ID": 12067677831 }, "geometry": { "type": "Point", "coordinates": [ 23.3218128, 42.671914 ] } },
{ "type": "Feature", "properties": { "NAME": "Тенжерите", "NAME_EN": null, "AMENITY": "restaurant", "SHOP": null, "OSM_TYPE": "node", "OSM_ID": 12067684860 }, "geometry": { "type": "Point", "coordinates": [ 23.3236303, 42.6899559 ] } },
{ "type": "Feature", "properties": { "NAME": "Better", "NAME_EN": null, "AMENITY": "cafe", "SHOP": null, "OSM_TYPE": "node", "OSM_ID": 12067695150 }, "geometry": { "type": "Point", "coordinates": [ 23.3245423, 42.689878 ] } },
{ "type": "Feature", "properties": { "NAME": "The Sugar Show", "NAME_EN": null, "AMENITY": "fast_food", "SHOP": null, "OSM_TYPE": "node", "OSM_ID": 12067699015 }, "geometry": { "type": "Point", "coordinates": [ 23.3257525, 42.690609 ] } },
{ "type": "Feature", "properties": { "NAME": "Glory hole", "NAME_EN": null, "AMENITY": "fast_food", "SHOP": null, "OSM_TYPE": "node", "OSM_ID": 12069352267 }, "geometry": { "type": "Point", "coordinates": [ 23.3210722, 42.6889902 ] } },
{ "type": "Feature", "properties": { "NAME": null, "NAME_EN": null, "AMENITY": "fast_food", "SHOP": null, "OSM_TYPE": "node", "OSM_ID": 12069377956 }, "geometry": { "type": "Point", "coordinates": [ 23.3201223, 42.6890361 ] } },
{ "type": "Feature", "properties": { "NAME": "The Famous Potato", "NAME_EN": null, "AMENITY": "fast_food", "SHOP": null, "OSM_TYPE": "node", "OSM_ID": 12069380071 }, "geometry": { "type": "Point", "coordinates": [ 23.3200089, 42.6890475 ] } },
{ "type": "Feature", "properties": { "NAME": "Eddie Sicoy Bar", "NAME_EN": null, "AMENITY": "pub", "SHOP": null, "OSM_TYPE": "node", "OSM_ID": 12069385269 }, "geometry": { "type": "Point", "coordinates": [ 23.3195541, 42.689737 ] } },
{ "type": "Feature", "properties": { "NAME": null, "NAME_EN": null, "AMENITY": "restaurant", "SHOP": null, "OSM_TYPE": "node", "OSM_ID": 12073050902 }, "geometry": { "type": "Point", "coordinates": [ 23.3565407, 42.6848801 ] } },
{ "type": "Feature", "properties": { "NAME": null, "NAME_EN": null, "AMENITY": "cafe", "SHOP": null, "OSM_TYPE": "node", "OSM_ID": 12074022799 }, "geometry": { "type": "Point", "coordinates": [ 23.2729375, 42.660555 ] } },
{ "type": "Feature", "properties": { "NAME": "Raffy", "NAME_EN": null, "AMENITY": "ice_cream", "SHOP": null, "OSM_TYPE": "node", "OSM_ID": 12089262973 }, "geometry": { "type": "Point", "coordinates": [ 23.3110078, 42.7042446 ] } },
{ "type": "Feature", "properties": { "NAME": null, "NAME_EN": null, "AMENITY": "restaurant", "SHOP": null, "OSM_TYPE": "node", "OSM_ID": 12091506246 }, "geometry": { "type": "Point", "coordinates": [ 23.3554379, 42.6237272 ] } },
{ "type": "Feature", "properties": { "NAME": "ИКЕА Ресторант", "NAME_EN": "IKEA Restaurant", "AMENITY": "restaurant", "SHOP": null, "OSM_TYPE": "node", "OSM_ID": 12091561874 }, "geometry": { "type": "Point", "coordinates": [ 23.3554379, 42.6237272 ] } },
{ "type": "Feature", "properties": { "NAME": "Братя Хлебари", "NAME_EN": null, "AMENITY": "fast_food", "SHOP": null, "OSM_TYPE": "node", "OSM_ID": 12092072314 }, "geometry": { "type": "Point", "coordinates": [ 23.3718432, 42.6227071 ] } },
{ "type": "Feature", "properties": { "NAME": "Oh la la", "NAME_EN": null, "AMENITY": "cafe", "SHOP": null, "OSM_TYPE": "node", "OSM_ID": 12092615616 }, "geometry": { "type": "Point", "coordinates": [ 23.2660194, 42.6636201 ] } },
{ "type": "Feature", "properties": { "NAME": "Cambiare", "NAME_EN": null, "AMENITY": "cafe", "SHOP": null, "OSM_TYPE": "node", "OSM_ID": 12092615617 }, "geometry": { "type": "Point", "coordinates": [ 23.2659276, 42.6634894 ] } },
{ "type": "Feature", "properties": { "NAME": "Grab & Go", "NAME_EN": null, "AMENITY": "fast_food", "SHOP": null, "OSM_TYPE": "node", "OSM_ID": 12095749883 }, "geometry": { "type": "Point", "coordinates": [ 23.3797706, 42.6521375 ] } },
{ "type": "Feature", "properties": { "NAME": null, "NAME_EN": null, "AMENITY": "fast_food", "SHOP": null, "OSM_TYPE": "node", "OSM_ID": 12098715554 }, "geometry": { "type": "Point", "coordinates": [ 23.3750857, 42.6471923 ] } },
{ "type": "Feature", "properties": { "NAME": "Cofee time", "NAME_EN": null, "AMENITY": "cafe", "SHOP": null, "OSM_TYPE": "node", "OSM_ID": 12101332794 }, "geometry": { "type": "Point", "coordinates": [ 23.2596083, 42.6746001 ] } },
{ "type": "Feature", "properties": { "NAME": "Cherry", "NAME_EN": null, "AMENITY": "cafe", "SHOP": null, "OSM_TYPE": "node", "OSM_ID": 12101352109 }, "geometry": { "type": "Point", "coordinates": [ 23.2600549, 42.6746529 ] } },
{ "type": "Feature", "properties": { "NAME": "Скара на жар", "NAME_EN": null, "AMENITY": "fast_food", "SHOP": null, "OSM_TYPE": "node", "OSM_ID": 12101352118 }, "geometry": { "type": "Point", "coordinates": [ 23.2656513, 42.6757902 ] } },
{ "type": "Feature", "properties": { "NAME": "Subway", "NAME_EN": null, "AMENITY": "fast_food", "SHOP": null, "OSM_TYPE": "node", "OSM_ID": 12101848027 }, "geometry": { "type": "Point", "coordinates": [ 23.3200838, 42.6785261 ] } },
{ "type": "Feature", "properties": { "NAME": "BMS Българска кухня", "NAME_EN": null, "AMENITY": "fast_food", "SHOP": null, "OSM_TYPE": "node", "OSM_ID": 12101852155 }, "geometry": { "type": "Point", "coordinates": [ 23.3198205, 42.6785132 ] } },
{ "type": "Feature", "properties": { "NAME": "Ola", "NAME_EN": null, "AMENITY": "fast_food", "SHOP": null, "OSM_TYPE": "node", "OSM_ID": 12101852731 }, "geometry": { "type": "Point", "coordinates": [ 23.3198557, 42.6784749 ] } },
{ "type": "Feature", "properties": { "NAME": "thang long Sushi", "NAME_EN": null, "AMENITY": "restaurant", "SHOP": null, "OSM_TYPE": "node", "OSM_ID": 12101858511 }, "geometry": { "type": "Point", "coordinates": [ 23.3199603, 42.6785724 ] } },
{ "type": "Feature", "properties": { "NAME": "Capella", "NAME_EN": null, "AMENITY": "restaurant", "SHOP": null, "OSM_TYPE": "node", "OSM_ID": 12101864713 }, "geometry": { "type": "Point", "coordinates": [ 23.3198874, 42.6783184 ] } },
{ "type": "Feature", "properties": { "NAME": "Lemonade", "NAME_EN": null, "AMENITY": "cafe", "SHOP": null, "OSM_TYPE": "node", "OSM_ID": 12101869502 }, "geometry": { "type": "Point", "coordinates": [ 23.3200156, 42.6769724 ] } },
{ "type": "Feature", "properties": { "NAME": "Mangi & Piangi", "NAME_EN": null, "AMENITY": "fast_food", "SHOP": null, "OSM_TYPE": "node", "OSM_ID": 12101869583 }, "geometry": { "type": "Point", "coordinates": [ 23.319906, 42.6821417 ] } },
{ "type": "Feature", "properties": { "NAME": "fish a Chick", "NAME_EN": null, "AMENITY": "fast_food", "SHOP": null, "OSM_TYPE": "node", "OSM_ID": 12101870165 }, "geometry": { "type": "Point", "coordinates": [ 23.3199588, 42.6783379 ] } },
{ "type": "Feature", "properties": { "NAME": "Pizza Lab", "NAME_EN": null, "AMENITY": "fast_food", "SHOP": null, "OSM_TYPE": "node", "OSM_ID": 12101871912 }, "geometry": { "type": "Point", "coordinates": [ 23.3200343, 42.6785057 ] } },
{ "type": "Feature", "properties": { "NAME": "Black Angel", "NAME_EN": null, "AMENITY": "bar", "SHOP": null, "OSM_TYPE": "node", "OSM_ID": 12101888986 }, "geometry": { "type": "Point", "coordinates": [ 23.3208059, 42.6824926 ] } },
{ "type": "Feature", "properties": { "NAME": "Kingdom", "NAME_EN": null, "AMENITY": "bar", "SHOP": null, "OSM_TYPE": "node", "OSM_ID": 12101919805 }, "geometry": { "type": "Point", "coordinates": [ 23.3210215, 42.682531 ] } },
{ "type": "Feature", "properties": { "NAME": "Кафе аперитив „Танита“", "NAME_EN": null, "AMENITY": "cafe", "SHOP": null, "OSM_TYPE": "node", "OSM_ID": 12102750693 }, "geometry": { "type": "Point", "coordinates": [ 23.4765497, 42.7321391 ] } },
{ "type": "Feature", "properties": { "NAME": "Piatto", "NAME_EN": null, "AMENITY": "restaurant", "SHOP": null, "OSM_TYPE": "node", "OSM_ID": 12103976126 }, "geometry": { "type": "Point", "coordinates": [ 23.3173755, 42.6875013 ] } },
{ "type": "Feature", "properties": { "NAME": "Като у дома", "NAME_EN": null, "AMENITY": "restaurant", "SHOP": null, "OSM_TYPE": "node", "OSM_ID": 12105804582 }, "geometry": { "type": "Point", "coordinates": [ 23.3156815, 42.6910378 ] } },
{ "type": "Feature", "properties": { "NAME": "Dabov", "NAME_EN": null, "AMENITY": "cafe", "SHOP": null, "OSM_TYPE": "node", "OSM_ID": 12105823428 }, "geometry": { "type": "Point", "coordinates": [ 23.3217095, 42.6899637 ] } },
{ "type": "Feature", "properties": { "NAME": "Rothmans", "NAME_EN": null, "AMENITY": "restaurant", "SHOP": null, "OSM_TYPE": "node", "OSM_ID": 12105849776 }, "geometry": { "type": "Point", "coordinates": [ 23.3187877, 42.6902828 ] } },
{ "type": "Feature", "properties": { "NAME": "Веселата гозба", "NAME_EN": null, "AMENITY": "restaurant", "SHOP": null, "OSM_TYPE": "node", "OSM_ID": 12105852120 }, "geometry": { "type": "Point", "coordinates": [ 23.3181038, 42.6911349 ] } },
{ "type": "Feature", "properties": { "NAME": "Il Manovale", "NAME_EN": null, "AMENITY": "cafe", "SHOP": null, "OSM_TYPE": "node", "OSM_ID": 12107613139 }, "geometry": { "type": "Point", "coordinates": [ 23.3558582, 42.6733346 ] } },
{ "type": "Feature", "properties": { "NAME": "Aras Doner & Kebap", "NAME_EN": null, "AMENITY": "fast_food", "SHOP": null, "OSM_TYPE": "node", "OSM_ID": 12108363891 }, "geometry": { "type": "Point", "coordinates": [ 23.2543821, 42.7200188 ] } },
{ "type": "Feature", "properties": { "NAME": "Trenta Cinque", "NAME_EN": null, "AMENITY": "ice_cream", "SHOP": null, "OSM_TYPE": "node", "OSM_ID": 12116556752 }, "geometry": { "type": "Point", "coordinates": [ 23.3193909, 42.6909375 ] } },
{ "type": "Feature", "properties": { "NAME": "Thirsty", "NAME_EN": null, "AMENITY": "cafe", "SHOP": null, "OSM_TYPE": "node", "OSM_ID": 12116557476 }, "geometry": { "type": "Point", "coordinates": [ 23.3199199, 42.6908697 ] } },
{ "type": "Feature", "properties": { "NAME": "Raffy", "NAME_EN": null, "AMENITY": "ice_cream", "SHOP": null, "OSM_TYPE": "node", "OSM_ID": 12116565424 }, "geometry": { "type": "Point", "coordinates": [ 23.3197324, 42.6906301 ] } },
{ "type": "Feature", "properties": { "NAME": "Aria", "NAME_EN": null, "AMENITY": "restaurant", "SHOP": null, "OSM_TYPE": "node", "OSM_ID": 12116578379 }, "geometry": { "type": "Point", "coordinates": [ 23.3192983, 42.6921293 ] } },
{ "type": "Feature", "properties": { "NAME": "Bontadi", "NAME_EN": null, "AMENITY": "cafe", "SHOP": null, "OSM_TYPE": "node", "OSM_ID": 12116578581 }, "geometry": { "type": "Point", "coordinates": [ 23.3184216, 42.6907067 ] } },
{ "type": "Feature", "properties": { "NAME": null, "NAME_EN": null, "AMENITY": "cafe", "SHOP": null, "OSM_TYPE": "node", "OSM_ID": 12118133045 }, "geometry": { "type": "Point", "coordinates": [ 23.3189974, 42.6915209 ] } },
{ "type": "Feature", "properties": { "NAME": "New York Pizza", "NAME_EN": null, "AMENITY": "fast_food", "SHOP": null, "OSM_TYPE": "node", "OSM_ID": 12120641015 }, "geometry": { "type": "Point", "coordinates": [ 23.3455991, 42.6519537 ] } },
{ "type": "Feature", "properties": { "NAME": "Миш-маш", "NAME_EN": null, "AMENITY": "fast_food", "SHOP": null, "OSM_TYPE": "node", "OSM_ID": 12122775668 }, "geometry": { "type": "Point", "coordinates": [ 23.2847267, 42.6783568 ] } },
{ "type": "Feature", "properties": { "NAME": "Jazu by Hamachi", "NAME_EN": null, "AMENITY": "restaurant", "SHOP": null, "OSM_TYPE": "node", "OSM_ID": 12133432677 }, "geometry": { "type": "Point", "coordinates": [ 23.3256656, 42.6666714 ] } },
{ "type": "Feature", "properties": { "NAME": null, "NAME_EN": null, "AMENITY": "fast_food", "SHOP": null, "OSM_TYPE": "node", "OSM_ID": 12134463614 }, "geometry": { "type": "Point", "coordinates": [ 23.2625597, 42.648775 ] } },
{ "type": "Feature", "properties": { "NAME": "La prima", "NAME_EN": null, "AMENITY": "restaurant", "SHOP": null, "OSM_TYPE": "node", "OSM_ID": 12134528504 }, "geometry": { "type": "Point", "coordinates": [ 23.2613799, 42.6495929 ] } },
{ "type": "Feature", "properties": { "NAME": "La Tirasumeria", "NAME_EN": null, "AMENITY": "cafe", "SHOP": null, "OSM_TYPE": "node", "OSM_ID": 12146284328 }, "geometry": { "type": "Point", "coordinates": [ 23.3753584, 42.6261297 ] } },
{ "type": "Feature", "properties": { "NAME": "Starbucks", "NAME_EN": null, "AMENITY": "cafe", "SHOP": null, "OSM_TYPE": "node", "OSM_ID": 12146307397 }, "geometry": { "type": "Point", "coordinates": [ 23.37508, 42.6268783 ] } },
{ "type": "Feature", "properties": { "NAME": "Лайла", "NAME_EN": null, "AMENITY": "restaurant", "SHOP": null, "OSM_TYPE": "node", "OSM_ID": 12151365141 }, "geometry": { "type": "Point", "coordinates": [ 23.3735377, 42.6309462 ] } },
{ "type": "Feature", "properties": { "NAME": null, "NAME_EN": null, "AMENITY": "cafe", "SHOP": null, "OSM_TYPE": "node", "OSM_ID": 12151701316 }, "geometry": { "type": "Point", "coordinates": [ 23.2721745, 42.6659393 ] } },
{ "type": "Feature", "properties": { "NAME": "Greek Bastards", "NAME_EN": null, "AMENITY": "fast_food", "SHOP": null, "OSM_TYPE": "node", "OSM_ID": 12152420900 }, "geometry": { "type": "Point", "coordinates": [ 23.3266766, 42.7002801 ] } },
{ "type": "Feature", "properties": { "NAME": "Бохемъ", "NAME_EN": null, "AMENITY": "restaurant", "SHOP": null, "OSM_TYPE": "node", "OSM_ID": 12152427405 }, "geometry": { "type": "Point", "coordinates": [ 23.3262878, 42.7002492 ] } },
{ "type": "Feature", "properties": { "NAME": "Кухнята на Вера", "NAME_EN": null, "AMENITY": "fast_food", "SHOP": null, "OSM_TYPE": "node", "OSM_ID": 12152427415 }, "geometry": { "type": "Point", "coordinates": [ 23.3251491, 42.7001483 ] } },
{ "type": "Feature", "properties": { "NAME": "Кроки", "NAME_EN": null, "AMENITY": "fast_food", "SHOP": null, "OSM_TYPE": "node", "OSM_ID": 12152761817 }, "geometry": { "type": "Point", "coordinates": [ 23.3293062, 42.7022055 ] } },
{ "type": "Feature", "properties": { "NAME": "Sweet Bar & Grill", "NAME_EN": null, "AMENITY": "restaurant", "SHOP": null, "OSM_TYPE": "node", "OSM_ID": 12153219610 }, "geometry": { "type": "Point", "coordinates": [ 23.3780913, 42.6402734 ] } },
{ "type": "Feature", "properties": { "NAME": "Мис фамилия", "NAME_EN": null, "AMENITY": "restaurant", "SHOP": null, "OSM_TYPE": "node", "OSM_ID": 12153386384 }, "geometry": { "type": "Point", "coordinates": [ 23.3803233, 42.6395994 ] } },
{ "type": "Feature", "properties": { "NAME": "Bravo", "NAME_EN": null, "AMENITY": "fast_food", "SHOP": null, "OSM_TYPE": "node", "OSM_ID": 12153391649 }, "geometry": { "type": "Point", "coordinates": [ 23.3766083, 42.6404416 ] } },
{ "type": "Feature", "properties": { "NAME": "Механа Къра", "NAME_EN": null, "AMENITY": "restaurant", "SHOP": null, "OSM_TYPE": "node", "OSM_ID": 12159548008 }, "geometry": { "type": "Point", "coordinates": [ 23.3821568, 42.6709607 ] } },
{ "type": "Feature", "properties": { "NAME": null, "NAME_EN": null, "AMENITY": "fast_food", "SHOP": null, "OSM_TYPE": "node", "OSM_ID": 12159548010 }, "geometry": { "type": "Point", "coordinates": [ 23.3822659, 42.6708537 ] } },
{ "type": "Feature", "properties": { "NAME": "Палачони", "NAME_EN": null, "AMENITY": "fast_food", "SHOP": null, "OSM_TYPE": "node", "OSM_ID": 12159713898 }, "geometry": { "type": "Point", "coordinates": [ 23.3105475, 42.6928571 ] } },
{ "type": "Feature", "properties": { "NAME": "Р. Василева", "NAME_EN": null, "AMENITY": "restaurant", "SHOP": null, "OSM_TYPE": "node", "OSM_ID": 12159723598 }, "geometry": { "type": "Point", "coordinates": [ 23.3118714, 42.692231 ] } },
{ "type": "Feature", "properties": { "NAME": "При слона", "NAME_EN": null, "AMENITY": "fast_food", "SHOP": null, "OSM_TYPE": "node", "OSM_ID": 12160671273 }, "geometry": { "type": "Point", "coordinates": [ 23.3329625, 42.656945 ] } },
{ "type": "Feature", "properties": { "NAME": null, "NAME_EN": null, "AMENITY": "fast_food", "SHOP": null, "OSM_TYPE": "node", "OSM_ID": 12161613555 }, "geometry": { "type": "Point", "coordinates": [ 23.3299201, 42.6596668 ] } },
{ "type": "Feature", "properties": { "NAME": "Souterrain", "NAME_EN": null, "AMENITY": "bar", "SHOP": null, "OSM_TYPE": "node", "OSM_ID": 12174922030 }, "geometry": { "type": "Point", "coordinates": [ 23.3218048, 42.6928087 ] } },
{ "type": "Feature", "properties": { "NAME": "Nomo del Arte", "NAME_EN": null, "AMENITY": "bar", "SHOP": null, "OSM_TYPE": "node", "OSM_ID": 12178333706 }, "geometry": { "type": "Point", "coordinates": [ 23.3342231, 42.6947259 ] } },
{ "type": "Feature", "properties": { "NAME": "Nara Healthy Bar", "NAME_EN": null, "AMENITY": "fast_food", "SHOP": null, "OSM_TYPE": "node", "OSM_ID": 12178350326 }, "geometry": { "type": "Point", "coordinates": [ 23.3302267, 42.6916327 ] } },
{ "type": "Feature", "properties": { "NAME": "Foku", "NAME_EN": null, "AMENITY": "cafe", "SHOP": null, "OSM_TYPE": "node", "OSM_ID": 12180383568 }, "geometry": { "type": "Point", "coordinates": [ 23.3289352, 42.6922082 ] } },
{ "type": "Feature", "properties": { "NAME": "Кебапчето", "NAME_EN": null, "AMENITY": "fast_food", "SHOP": null, "OSM_TYPE": "node", "OSM_ID": 12180385473 }, "geometry": { "type": "Point", "coordinates": [ 23.3315135, 42.6933322 ] } },
{ "type": "Feature", "properties": { "NAME": "bas#2go", "NAME_EN": null, "AMENITY": "fast_food", "SHOP": null, "OSM_TYPE": "node", "OSM_ID": 12180387184 }, "geometry": { "type": "Point", "coordinates": [ 23.3314033, 42.6927295 ] } },
{ "type": "Feature", "properties": { "NAME": "Spritz", "NAME_EN": null, "AMENITY": "bar", "SHOP": null, "OSM_TYPE": "node", "OSM_ID": 12180399191 }, "geometry": { "type": "Point", "coordinates": [ 23.3314299, 42.6926553 ] } },
{ "type": "Feature", "properties": { "NAME": "Zazu", "NAME_EN": null, "AMENITY": "restaurant", "SHOP": null, "OSM_TYPE": "node", "OSM_ID": 12180402224 }, "geometry": { "type": "Point", "coordinates": [ 23.3281782, 42.6925667 ] } },
{ "type": "Feature", "properties": { "NAME": "Славянска беседа", "NAME_EN": null, "AMENITY": "restaurant", "SHOP": null, "OSM_TYPE": "node", "OSM_ID": 12180406301 }, "geometry": { "type": "Point", "coordinates": [ 23.328646, 42.693501 ] } },
{ "type": "Feature", "properties": { "NAME": "Бешамел", "NAME_EN": null, "AMENITY": "restaurant", "SHOP": null, "OSM_TYPE": "node", "OSM_ID": 12182744451 }, "geometry": { "type": "Point", "coordinates": [ 23.3781469, 42.6585896 ] } },
{ "type": "Feature", "properties": { "NAME": "Eddy's", "NAME_EN": null, "AMENITY": "restaurant", "SHOP": null, "OSM_TYPE": "node", "OSM_ID": 12182744456 }, "geometry": { "type": "Point", "coordinates": [ 23.3790041, 42.6592719 ] } },
{ "type": "Feature", "properties": { "NAME": "Сол И Пипер", "NAME_EN": null, "AMENITY": "restaurant", "SHOP": null, "OSM_TYPE": "node", "OSM_ID": 12186342593 }, "geometry": { "type": "Point", "coordinates": [ 23.2924408, 42.6622727 ] } },
{ "type": "Feature", "properties": { "NAME": "Hemingway", "NAME_EN": null, "AMENITY": "cafe", "SHOP": null, "OSM_TYPE": "node", "OSM_ID": 12196263283 }, "geometry": { "type": "Point", "coordinates": [ 23.311087, 42.6769868 ] } },
{ "type": "Feature", "properties": { "NAME": null, "NAME_EN": null, "AMENITY": "cafe", "SHOP": null, "OSM_TYPE": "node", "OSM_ID": 12200238540 }, "geometry": { "type": "Point", "coordinates": [ 23.3729487, 42.6548821 ] } },
{ "type": "Feature", "properties": { "NAME": null, "NAME_EN": null, "AMENITY": "cafe", "SHOP": null, "OSM_TYPE": "node", "OSM_ID": 12207765418 }, "geometry": { "type": "Point", "coordinates": [ 23.3316853, 42.701214 ] } },
{ "type": "Feature", "properties": { "NAME": "Grumpy Dwarf", "NAME_EN": null, "AMENITY": "bar", "SHOP": null, "OSM_TYPE": "node", "OSM_ID": 12215109622 }, "geometry": { "type": "Point", "coordinates": [ 23.3218058, 42.6955545 ] } },
{ "type": "Feature", "properties": { "NAME": "Нивянска скара", "NAME_EN": null, "AMENITY": "fast_food", "SHOP": null, "OSM_TYPE": "node", "OSM_ID": 12219263659 }, "geometry": { "type": "Point", "coordinates": [ 23.2992332, 42.6871595 ] } },
{ "type": "Feature", "properties": { "NAME": null, "NAME_EN": null, "AMENITY": "restaurant", "SHOP": null, "OSM_TYPE": "node", "OSM_ID": 12222861410 }, "geometry": { "type": "Point", "coordinates": [ 23.3065957, 42.6863369 ] } },
{ "type": "Feature", "properties": { "NAME": "Français", "NAME_EN": null, "AMENITY": "cafe", "SHOP": null, "OSM_TYPE": "node", "OSM_ID": 12224128789 }, "geometry": { "type": "Point", "coordinates": [ 23.3137708, 42.6730662 ] } },
{ "type": "Feature", "properties": { "NAME": "УитМе", "NAME_EN": null, "AMENITY": "fast_food", "SHOP": null, "OSM_TYPE": "node", "OSM_ID": 12229312359 }, "geometry": { "type": "Point", "coordinates": [ 23.315007, 42.6603572 ] } },
{ "type": "Feature", "properties": { "NAME": "Малката текила", "NAME_EN": "Malkata Tekila", "AMENITY": "bar", "SHOP": null, "OSM_TYPE": "node", "OSM_ID": 12231409383 }, "geometry": { "type": "Point", "coordinates": [ 23.3293146, 42.6935753 ] } },
{ "type": "Feature", "properties": { "NAME": "Стек и вино", "NAME_EN": null, "AMENITY": "restaurant", "SHOP": null, "OSM_TYPE": "node", "OSM_ID": 12231473514 }, "geometry": { "type": "Point", "coordinates": [ 23.3289149, 42.6941311 ] } },
{ "type": "Feature", "properties": { "NAME": "Sushito.bg", "NAME_EN": null, "AMENITY": "fast_food", "SHOP": null, "OSM_TYPE": "node", "OSM_ID": 12232794634 }, "geometry": { "type": "Point", "coordinates": [ 23.2898102, 42.6694542 ] } },
{ "type": "Feature", "properties": { "NAME": "Duende", "NAME_EN": null, "AMENITY": "cafe", "SHOP": null, "OSM_TYPE": "node", "OSM_ID": 12234721717 }, "geometry": { "type": "Point", "coordinates": [ 23.3717045, 42.6227412 ] } },
{ "type": "Feature", "properties": { "NAME": "Senor Taco", "NAME_EN": null, "AMENITY": "fast_food", "SHOP": null, "OSM_TYPE": "node", "OSM_ID": 12238444361 }, "geometry": { "type": "Point", "coordinates": [ 23.3298053, 42.6978753 ] } },
{ "type": "Feature", "properties": { "NAME": "Lemoni", "NAME_EN": null, "AMENITY": "cafe", "SHOP": null, "OSM_TYPE": "node", "OSM_ID": 12238444362 }, "geometry": { "type": "Point", "coordinates": [ 23.3303561, 42.6973196 ] } },
{ "type": "Feature", "properties": { "NAME": "Level Up", "NAME_EN": null, "AMENITY": "bar", "SHOP": null, "OSM_TYPE": "node", "OSM_ID": 12238458167 }, "geometry": { "type": "Point", "coordinates": [ 23.3312618, 42.6974116 ] } },
{ "type": "Feature", "properties": { "NAME": "Синди", "NAME_EN": null, "AMENITY": "cafe", "SHOP": null, "OSM_TYPE": "node", "OSM_ID": 12238464502 }, "geometry": { "type": "Point", "coordinates": [ 23.3329692, 42.697749 ] } },
{ "type": "Feature", "properties": { "NAME": "Банкович", "NAME_EN": null, "AMENITY": "restaurant", "SHOP": null, "OSM_TYPE": "node", "OSM_ID": 12241267174 }, "geometry": { "type": "Point", "coordinates": [ 23.3242453, 42.6930894 ] } },
{ "type": "Feature", "properties": { "NAME": "Electro Camel", "NAME_EN": null, "AMENITY": "fast_food", "SHOP": null, "OSM_TYPE": "node", "OSM_ID": 12241329865 }, "geometry": { "type": "Point", "coordinates": [ 23.3239865, 42.6927979 ] } },
{ "type": "Feature", "properties": { "NAME": "Arnold Fit Food", "NAME_EN": null, "AMENITY": "fast_food", "SHOP": null, "OSM_TYPE": "node", "OSM_ID": 12243465363 }, "geometry": { "type": "Point", "coordinates": [ 23.3445167, 42.6432341 ] } },
{ "type": "Feature", "properties": { "NAME": "The Toast Bar", "NAME_EN": null, "AMENITY": "fast_food", "SHOP": null, "OSM_TYPE": "node", "OSM_ID": 12244024375 }, "geometry": { "type": "Point", "coordinates": [ 23.3215848, 42.6949105 ] } },
{ "type": "Feature", "properties": { "NAME": "Le Jardin finesse", "NAME_EN": null, "AMENITY": "pub", "SHOP": null, "OSM_TYPE": "node", "OSM_ID": 12244059298 }, "geometry": { "type": "Point", "coordinates": [ 23.321685, 42.6930448 ] } },
{ "type": "Feature", "properties": { "NAME": "Sport Bar", "NAME_EN": null, "AMENITY": "bar", "SHOP": null, "OSM_TYPE": "node", "OSM_ID": 12244321086 }, "geometry": { "type": "Point", "coordinates": [ 23.3200807, 42.6932695 ] } },
{ "type": "Feature", "properties": { "NAME": "Обяд с нас", "NAME_EN": null, "AMENITY": "fast_food", "SHOP": null, "OSM_TYPE": "node", "OSM_ID": 12246170743 }, "geometry": { "type": "Point", "coordinates": [ 23.338051, 42.6964289 ] } },
{ "type": "Feature", "properties": { "NAME": "Тихия Кът", "NAME_EN": null, "AMENITY": "restaurant", "SHOP": null, "OSM_TYPE": "node", "OSM_ID": 12247883410 }, "geometry": { "type": "Point", "coordinates": [ 23.2185815, 42.6391028 ] } },
{ "type": "Feature", "properties": { "NAME": "Supa star", "NAME_EN": null, "AMENITY": "fast_food", "SHOP": null, "OSM_TYPE": "node", "OSM_ID": 12248125411 }, "geometry": { "type": "Point", "coordinates": [ 23.3181493, 42.69359 ] } },
{ "type": "Feature", "properties": { "NAME": "Micro", "NAME_EN": null, "AMENITY": "bar", "SHOP": null, "OSM_TYPE": "node", "OSM_ID": 12248151313 }, "geometry": { "type": "Point", "coordinates": [ 23.3199266, 42.6932804 ] } },
{ "type": "Feature", "properties": { "NAME": "Magicbar", "NAME_EN": null, "AMENITY": "bar", "SHOP": null, "OSM_TYPE": "node", "OSM_ID": 12248372308 }, "geometry": { "type": "Point", "coordinates": [ 23.3191268, 42.6937431 ] } },
{ "type": "Feature", "properties": { "NAME": null, "NAME_EN": null, "AMENITY": "cafe", "SHOP": null, "OSM_TYPE": "node", "OSM_ID": 12253955844 }, "geometry": { "type": "Point", "coordinates": [ 23.308734, 42.676147 ] } },
{ "type": "Feature", "properties": { "NAME": "Dabov", "NAME_EN": null, "AMENITY": "cafe", "SHOP": null, "OSM_TYPE": "node", "OSM_ID": 12253955849 }, "geometry": { "type": "Point", "coordinates": [ 23.3088925, 42.6755225 ] } },
{ "type": "Feature", "properties": { "NAME": "La Cucina Italiana", "NAME_EN": null, "AMENITY": "restaurant", "SHOP": null, "OSM_TYPE": "node", "OSM_ID": 12253955862 }, "geometry": { "type": "Point", "coordinates": [ 23.3115104, 42.6803069 ] } },
{ "type": "Feature", "properties": { "NAME": "Burger Friends", "NAME_EN": null, "AMENITY": "fast_food", "SHOP": null, "OSM_TYPE": "node", "OSM_ID": 12258431569 }, "geometry": { "type": "Point", "coordinates": [ 23.3360663, 42.6969388 ] } },
{ "type": "Feature", "properties": { "NAME": "Ma Baker", "NAME_EN": null, "AMENITY": "cafe", "SHOP": null, "OSM_TYPE": "node", "OSM_ID": 12258442472 }, "geometry": { "type": "Point", "coordinates": [ 23.3440677, 42.6961776 ] } },
{ "type": "Feature", "properties": { "NAME": "Soiree", "NAME_EN": null, "AMENITY": "restaurant", "SHOP": null, "OSM_TYPE": "node", "OSM_ID": 12258443457 }, "geometry": { "type": "Point", "coordinates": [ 23.3454425, 42.6943798 ] } },
{ "type": "Feature", "properties": { "NAME": "Pavilion 37", "NAME_EN": null, "AMENITY": "restaurant", "SHOP": null, "OSM_TYPE": "node", "OSM_ID": 12258443686 }, "geometry": { "type": "Point", "coordinates": [ 23.3423026, 42.6947538 ] } },
{ "type": "Feature", "properties": { "NAME": "Червено и черно", "NAME_EN": null, "AMENITY": "cafe", "SHOP": null, "OSM_TYPE": "node", "OSM_ID": 12261075489 }, "geometry": { "type": "Point", "coordinates": [ 23.321797, 42.6951671 ] } },
{ "type": "Feature", "properties": { "NAME": "Двуетажката", "NAME_EN": null, "AMENITY": "pub", "SHOP": null, "OSM_TYPE": "node", "OSM_ID": 12261114371 }, "geometry": { "type": "Point", "coordinates": [ 23.3219896, 42.6945509 ] } },
{ "type": "Feature", "properties": { "NAME": "Фонтана", "NAME_EN": null, "AMENITY": "cafe", "SHOP": null, "OSM_TYPE": "node", "OSM_ID": 12261121433 }, "geometry": { "type": "Point", "coordinates": [ 23.3215845, 42.6950226 ] } },
{ "type": "Feature", "properties": { "NAME": "Center 16", "NAME_EN": null, "AMENITY": "fast_food", "SHOP": null, "OSM_TYPE": "node", "OSM_ID": 12261123053 }, "geometry": { "type": "Point", "coordinates": [ 23.3220012, 42.6948581 ] } },
{ "type": "Feature", "properties": { "NAME": "Be fresh", "NAME_EN": null, "AMENITY": "fast_food", "SHOP": null, "OSM_TYPE": "node", "OSM_ID": 12261125369 }, "geometry": { "type": "Point", "coordinates": [ 23.3204781, 42.6948489 ] } },
{ "type": "Feature", "properties": { "NAME": "Палачинките", "NAME_EN": null, "AMENITY": "fast_food", "SHOP": null, "OSM_TYPE": "node", "OSM_ID": 12261140503 }, "geometry": { "type": "Point", "coordinates": [ 23.3205712, 42.6948442 ] } },
{ "type": "Feature", "properties": { "NAME": "Pizza Giovanni", "NAME_EN": null, "AMENITY": "fast_food", "SHOP": null, "OSM_TYPE": "node", "OSM_ID": 12261144876 }, "geometry": { "type": "Point", "coordinates": [ 23.3187723, 42.694788 ] } },
{ "type": "Feature", "properties": { "NAME": "Foresta - Надежда", "NAME_EN": null, "AMENITY": "fast_food", "SHOP": null, "OSM_TYPE": "node", "OSM_ID": 12264078539 }, "geometry": { "type": "Point", "coordinates": [ 23.2869199, 42.7284252 ] } },
{ "type": "Feature", "properties": { "NAME": "Opus", "NAME_EN": null, "AMENITY": "bar", "SHOP": null, "OSM_TYPE": "node", "OSM_ID": 12269073543 }, "geometry": { "type": "Point", "coordinates": [ 23.3269228, 42.6933446 ] } },
{ "type": "Feature", "properties": { "NAME": "One Gallery", "NAME_EN": null, "AMENITY": "cafe", "SHOP": null, "OSM_TYPE": "node", "OSM_ID": 12269090490 }, "geometry": { "type": "Point", "coordinates": [ 23.3269568, 42.695371 ] } },
{ "type": "Feature", "properties": { "NAME": null, "NAME_EN": null, "AMENITY": "bar", "SHOP": null, "OSM_TYPE": "node", "OSM_ID": 12269178348 }, "geometry": { "type": "Point", "coordinates": [ 23.3268025, 42.6932713 ] } },
{ "type": "Feature", "properties": { "NAME": null, "NAME_EN": null, "AMENITY": "cafe", "SHOP": null, "OSM_TYPE": "node", "OSM_ID": 12270452268 }, "geometry": { "type": "Point", "coordinates": [ 23.2744856, 42.7781324 ] } },
{ "type": "Feature", "properties": { "NAME": "Дани", "NAME_EN": null, "AMENITY": "cafe", "SHOP": null, "OSM_TYPE": "node", "OSM_ID": 12278584143 }, "geometry": { "type": "Point", "coordinates": [ 23.1969139, 42.6281209 ] } },
{ "type": "Feature", "properties": { "NAME": "Balkan falsch", "NAME_EN": null, "AMENITY": "restaurant", "SHOP": null, "OSM_TYPE": "node", "OSM_ID": 12288136204 }, "geometry": { "type": "Point", "coordinates": [ 23.2860736, 42.6633249 ] } },
{ "type": "Feature", "properties": { "NAME": null, "NAME_EN": null, "AMENITY": "fast_food", "SHOP": null, "OSM_TYPE": "node", "OSM_ID": 12290622750 }, "geometry": { "type": "Point", "coordinates": [ 23.2784599, 42.6686363 ] } },
{ "type": "Feature", "properties": { "NAME": null, "NAME_EN": null, "AMENITY": "cafe", "SHOP": null, "OSM_TYPE": "node", "OSM_ID": 12292341741 }, "geometry": { "type": "Point", "coordinates": [ 23.2909593, 42.6751395 ] } },
{ "type": "Feature", "properties": { "NAME": "AMG", "NAME_EN": null, "AMENITY": "fast_food", "SHOP": null, "OSM_TYPE": "node", "OSM_ID": 12292504808 }, "geometry": { "type": "Point", "coordinates": [ 23.2930528, 42.6772268 ] } },
{ "type": "Feature", "properties": { "NAME": "Big Bul", "NAME_EN": null, "AMENITY": "fast_food", "SHOP": null, "OSM_TYPE": "node", "OSM_ID": 12292641619 }, "geometry": { "type": "Point", "coordinates": [ 23.2795354, 42.6691217 ] } },
{ "type": "Feature", "properties": { "NAME": "The Burger Joint", "NAME_EN": null, "AMENITY": "fast_food", "SHOP": null, "OSM_TYPE": "node", "OSM_ID": 12294030218 }, "geometry": { "type": "Point", "coordinates": [ 23.3175635, 42.6950301 ] } },
{ "type": "Feature", "properties": { "NAME": "Feta", "NAME_EN": null, "AMENITY": "fast_food", "SHOP": null, "OSM_TYPE": "node", "OSM_ID": 12296332518 }, "geometry": { "type": "Point", "coordinates": [ 23.3693732, 42.6208221 ] } },
{ "type": "Feature", "properties": { "NAME": "Dsquared2", "NAME_EN": null, "AMENITY": "bar", "SHOP": null, "OSM_TYPE": "node", "OSM_ID": 12296915022 }, "geometry": { "type": "Point", "coordinates": [ 23.3221108, 42.6962975 ] } },
{ "type": "Feature", "properties": { "NAME": "Gambrinus", "NAME_EN": null, "AMENITY": "restaurant", "SHOP": null, "OSM_TYPE": "node", "OSM_ID": 12296933239 }, "geometry": { "type": "Point", "coordinates": [ 23.3212944, 42.6954183 ] } },
{ "type": "Feature", "properties": { "NAME": "Мила", "NAME_EN": null, "AMENITY": "cafe", "SHOP": null, "OSM_TYPE": "node", "OSM_ID": 12297376395 }, "geometry": { "type": "Point", "coordinates": [ 23.2882808, 42.6781183 ] } },
{ "type": "Feature", "properties": { "NAME": "Бар Коло", "NAME_EN": "Bar Kolo", "AMENITY": "bar", "SHOP": null, "OSM_TYPE": "node", "OSM_ID": 12298696001 }, "geometry": { "type": "Point", "coordinates": [ 23.3305279, 42.6921324 ] } },
{ "type": "Feature", "properties": { "NAME": null, "NAME_EN": null, "AMENITY": "cafe", "SHOP": null, "OSM_TYPE": "node", "OSM_ID": 12300262797 }, "geometry": { "type": "Point", "coordinates": [ 23.2881798, 42.6773171 ] } },
{ "type": "Feature", "properties": { "NAME": "Дом №5", "NAME_EN": null, "AMENITY": "restaurant", "SHOP": null, "OSM_TYPE": "node", "OSM_ID": 12304989879 }, "geometry": { "type": "Point", "coordinates": [ 23.2927875, 42.6779158 ] } },
{ "type": "Feature", "properties": { "NAME": "718 Breakfast & Brunch", "NAME_EN": null, "AMENITY": "cafe", "SHOP": null, "OSM_TYPE": "node", "OSM_ID": 12307062401 }, "geometry": { "type": "Point", "coordinates": [ 23.3185065, 42.6959784 ] } },
{ "type": "Feature", "properties": { "NAME": "Ж Jazz Room", "NAME_EN": null, "AMENITY": "bar", "SHOP": null, "OSM_TYPE": "node", "OSM_ID": 12307824901 }, "geometry": { "type": "Point", "coordinates": [ 23.3253245, 42.7010148 ] } },
{ "type": "Feature", "properties": { "NAME": null, "NAME_EN": "Izzy's Coffee and Brunch", "AMENITY": "cafe", "SHOP": null, "OSM_TYPE": "node", "OSM_ID": 12309180601 }, "geometry": { "type": "Point", "coordinates": [ 23.3215358, 42.6988301 ] } },
{ "type": "Feature", "properties": { "NAME": "Tropic", "NAME_EN": null, "AMENITY": "cafe", "SHOP": null, "OSM_TYPE": "node", "OSM_ID": 12311573648 }, "geometry": { "type": "Point", "coordinates": [ 23.3721016, 42.6544066 ] } },
{ "type": "Feature", "properties": { "NAME": "Coffee Syndicate", "NAME_EN": null, "AMENITY": "cafe", "SHOP": null, "OSM_TYPE": "node", "OSM_ID": 12312342101 }, "geometry": { "type": "Point", "coordinates": [ 23.3262884, 42.6974477 ] } },
{ "type": "Feature", "properties": { "NAME": "Ömer Aybak", "NAME_EN": null, "AMENITY": "fast_food", "SHOP": null, "OSM_TYPE": "node", "OSM_ID": 12314028155 }, "geometry": { "type": "Point", "coordinates": [ 23.3416497, 42.6431511 ] } },
{ "type": "Feature", "properties": { "NAME": "При Генчо", "NAME_EN": null, "AMENITY": "fast_food", "SHOP": null, "OSM_TYPE": "node", "OSM_ID": 12314110991 }, "geometry": { "type": "Point", "coordinates": [ 23.3530812, 42.6437278 ] } },
{ "type": "Feature", "properties": { "NAME": "Баш Hedonist", "NAME_EN": null, "AMENITY": "bar", "SHOP": null, "OSM_TYPE": "node", "OSM_ID": 12318517501 }, "geometry": { "type": "Point", "coordinates": [ 23.3250084, 42.7024236 ] } },
{ "type": "Feature", "properties": { "NAME": "Хайкара рамен", "NAME_EN": "Haikara Ramen", "AMENITY": "restaurant", "SHOP": null, "OSM_TYPE": "node", "OSM_ID": 12320889201 }, "geometry": { "type": "Point", "coordinates": [ 23.3302608, 42.6970337 ] } },
{ "type": "Feature", "properties": { "NAME": "1920", "NAME_EN": null, "AMENITY": "cafe", "SHOP": null, "OSM_TYPE": "node", "OSM_ID": 12323237301 }, "geometry": { "type": "Point", "coordinates": [ 23.3240584, 42.7044346 ] } },
{ "type": "Feature", "properties": { "NAME": "Най-вкусните палачинки", "NAME_EN": null, "AMENITY": "fast_food", "SHOP": null, "OSM_TYPE": "node", "OSM_ID": 12323676105 }, "geometry": { "type": "Point", "coordinates": [ 23.3203357, 42.6906404 ] } },
{ "type": "Feature", "properties": { "NAME": "Грузински ресторант \"Генацвале\"", "NAME_EN": null, "AMENITY": "restaurant", "SHOP": null, "OSM_TYPE": "node", "OSM_ID": 12324060101 }, "geometry": { "type": "Point", "coordinates": [ 23.2977644, 42.6977141 ] } },
{ "type": "Feature", "properties": { "NAME": "Da Massimo", "NAME_EN": null, "AMENITY": "restaurant", "SHOP": null, "OSM_TYPE": "node", "OSM_ID": 12329359337 }, "geometry": { "type": "Point", "coordinates": [ 23.2659036, 42.6520995 ] } },
{ "type": "Feature", "properties": { "NAME": "Green Cherry Cafe", "NAME_EN": null, "AMENITY": "restaurant", "SHOP": null, "OSM_TYPE": "node", "OSM_ID": 12337174524 }, "geometry": { "type": "Point", "coordinates": [ 23.355048, 42.6599717 ] } },
{ "type": "Feature", "properties": { "NAME": null, "NAME_EN": null, "AMENITY": "fast_food", "SHOP": null, "OSM_TYPE": "node", "OSM_ID": 12337620561 }, "geometry": { "type": "Point", "coordinates": [ 23.3739226, 42.6528347 ] } },
{ "type": "Feature", "properties": { "NAME": "Бабино село", "NAME_EN": null, "AMENITY": "fast_food", "SHOP": null, "OSM_TYPE": "node", "OSM_ID": 12337620563 }, "geometry": { "type": "Point", "coordinates": [ 23.3739905, 42.652789 ] } },
{ "type": "Feature", "properties": { "NAME": "Twist&Go", "NAME_EN": null, "AMENITY": "fast_food", "SHOP": null, "OSM_TYPE": "node", "OSM_ID": 12337620569 }, "geometry": { "type": "Point", "coordinates": [ 23.3741104, 42.6527081 ] } },
{ "type": "Feature", "properties": { "NAME": "Заедно", "NAME_EN": "Together", "AMENITY": "restaurant", "SHOP": null, "OSM_TYPE": "node", "OSM_ID": 12350928901 }, "geometry": { "type": "Point", "coordinates": [ 23.2975169, 42.7157551 ] } },
{ "type": "Feature", "properties": { "NAME": "Ил Густо", "NAME_EN": "Il Gusto", "AMENITY": "restaurant", "SHOP": null, "OSM_TYPE": "node", "OSM_ID": 12359059647 }, "geometry": { "type": "Point", "coordinates": [ 23.2925184, 42.6836661 ] } },
{ "type": "Feature", "properties": { "NAME": "Палачинките", "NAME_EN": null, "AMENITY": "fast_food", "SHOP": null, "OSM_TYPE": "node", "OSM_ID": 12367363341 }, "geometry": { "type": "Point", "coordinates": [ 23.1448142, 42.7075815 ] } },
{ "type": "Feature", "properties": { "NAME": "KFC", "NAME_EN": null, "AMENITY": "fast_food", "SHOP": null, "OSM_TYPE": "node", "OSM_ID": 12373681930 }, "geometry": { "type": "Point", "coordinates": [ 23.3742831, 42.6293193 ] } },
{ "type": "Feature", "properties": { "NAME": "Eli's gözleme", "NAME_EN": null, "AMENITY": "fast_food", "SHOP": null, "OSM_TYPE": "node", "OSM_ID": 12374850501 }, "geometry": { "type": "Point", "coordinates": [ 23.3085312, 42.6896398 ] } },
{ "type": "Feature", "properties": { "NAME": null, "NAME_EN": null, "AMENITY": "restaurant", "SHOP": null, "OSM_TYPE": "node", "OSM_ID": 12379724669 }, "geometry": { "type": "Point", "coordinates": [ 23.3512295, 42.6592464 ] } },
{ "type": "Feature", "properties": { "NAME": "Kabbo", "NAME_EN": null, "AMENITY": "restaurant", "SHOP": null, "OSM_TYPE": "node", "OSM_ID": 12379764021 }, "geometry": { "type": "Point", "coordinates": [ 23.3567701, 42.6571236 ] } },
{ "type": "Feature", "properties": { "NAME": null, "NAME_EN": null, "AMENITY": "restaurant", "SHOP": null, "OSM_TYPE": "node", "OSM_ID": 12379764023 }, "geometry": { "type": "Point", "coordinates": [ 23.3575935, 42.6571033 ] } },
{ "type": "Feature", "properties": { "NAME": "Кафе-сладкарница \"Cloud\"", "NAME_EN": null, "AMENITY": "cafe", "SHOP": null, "OSM_TYPE": "node", "OSM_ID": 12382240718 }, "geometry": { "type": "Point", "coordinates": [ 23.3719023, 42.6227022 ] } },
{ "type": "Feature", "properties": { "NAME": null, "NAME_EN": null, "AMENITY": "restaurant", "SHOP": null, "OSM_TYPE": "node", "OSM_ID": 12384577634 }, "geometry": { "type": "Point", "coordinates": [ 23.3113899, 42.6864346 ] } },
{ "type": "Feature", "properties": { "NAME": "Cafeteria", "NAME_EN": null, "AMENITY": "cafe", "SHOP": null, "OSM_TYPE": "node", "OSM_ID": 12385770241 }, "geometry": { "type": "Point", "coordinates": [ 23.3073331, 42.7100985 ] } },
{ "type": "Feature", "properties": { "NAME": null, "NAME_EN": null, "AMENITY": "fast_food", "SHOP": null, "OSM_TYPE": "node", "OSM_ID": 12386014422 }, "geometry": { "type": "Point", "coordinates": [ 23.3936532, 42.6473002 ] } },
{ "type": "Feature", "properties": { "NAME": "Рибария 43", "NAME_EN": null, "AMENITY": "fast_food", "SHOP": null, "OSM_TYPE": "node", "OSM_ID": 12386452242 }, "geometry": { "type": "Point", "coordinates": [ 23.3146824, 42.7003684 ] } },
{ "type": "Feature", "properties": { "NAME": "Мартосинки", "NAME_EN": null, "AMENITY": "fast_food", "SHOP": null, "OSM_TYPE": "node", "OSM_ID": 12386452250 }, "geometry": { "type": "Point", "coordinates": [ 23.3141864, 42.7004535 ] } },
{ "type": "Feature", "properties": { "NAME": null, "NAME_EN": null, "AMENITY": "restaurant", "SHOP": null, "OSM_TYPE": "node", "OSM_ID": 12386691816 }, "geometry": { "type": "Point", "coordinates": [ 23.3091626, 42.7012954 ] } },
{ "type": "Feature", "properties": { "NAME": null, "NAME_EN": null, "AMENITY": "fast_food", "SHOP": null, "OSM_TYPE": "node", "OSM_ID": 12386691821 }, "geometry": { "type": "Point", "coordinates": [ 23.3101282, 42.7011221 ] } },
{ "type": "Feature", "properties": { "NAME": null, "NAME_EN": null, "AMENITY": "fast_food", "SHOP": null, "OSM_TYPE": "node", "OSM_ID": 12388198835 }, "geometry": { "type": "Point", "coordinates": [ 23.328446, 42.7055509 ] } },
{ "type": "Feature", "properties": { "NAME": "Месцето", "NAME_EN": null, "AMENITY": "fast_food", "SHOP": null, "OSM_TYPE": "node", "OSM_ID": 12388200178 }, "geometry": { "type": "Point", "coordinates": [ 23.3319163, 42.7089023 ] } },
{ "type": "Feature", "properties": { "NAME": null, "NAME_EN": null, "AMENITY": "food_court", "SHOP": null, "OSM_TYPE": "node", "OSM_ID": 12388230807 }, "geometry": { "type": "Point", "coordinates": [ 23.3425122, 42.7225379 ] } },
{ "type": "Feature", "properties": { "NAME": "Милениум", "NAME_EN": null, "AMENITY": "cafe", "SHOP": null, "OSM_TYPE": "node", "OSM_ID": 12388237002 }, "geometry": { "type": "Point", "coordinates": [ 23.3307059, 42.7064972 ] } },
{ "type": "Feature", "properties": { "NAME": "Green Deli Cafe", "NAME_EN": null, "AMENITY": "cafe", "SHOP": null, "OSM_TYPE": "node", "OSM_ID": 12389679493 }, "geometry": { "type": "Point", "coordinates": [ 23.3240316, 42.6656612 ] } },
{ "type": "Feature", "properties": { "NAME": "CentralЪ", "NAME_EN": null, "AMENITY": "restaurant", "SHOP": null, "OSM_TYPE": "node", "OSM_ID": 12391323342 }, "geometry": { "type": "Point", "coordinates": [ 23.3213754, 42.6992963 ] } },
{ "type": "Feature", "properties": { "NAME": null, "NAME_EN": null, "AMENITY": "food_court", "SHOP": null, "OSM_TYPE": "node", "OSM_ID": 12392503256 }, "geometry": { "type": "Point", "coordinates": [ 23.2424403, 42.7367561 ] } },
{ "type": "Feature", "properties": { "NAME": null, "NAME_EN": null, "AMENITY": "food_court", "SHOP": null, "OSM_TYPE": "node", "OSM_ID": 12392514089 }, "geometry": { "type": "Point", "coordinates": [ 23.2432983, 42.7371285 ] } },
{ "type": "Feature", "properties": { "NAME": null, "NAME_EN": null, "AMENITY": "fast_food", "SHOP": null, "OSM_TYPE": "node", "OSM_ID": 12396488643 }, "geometry": { "type": "Point", "coordinates": [ 23.2919524, 42.6853952 ] } },
{ "type": "Feature", "properties": { "NAME": "Sultan", "NAME_EN": null, "AMENITY": "fast_food", "SHOP": null, "OSM_TYPE": "node", "OSM_ID": 12397955918 }, "geometry": { "type": "Point", "coordinates": [ 23.3281917, 42.698207 ] } },
{ "type": "Feature", "properties": { "NAME": null, "NAME_EN": null, "AMENITY": "fast_food", "SHOP": null, "OSM_TYPE": "node", "OSM_ID": 12400210669 }, "geometry": { "type": "Point", "coordinates": [ 23.3356992, 42.6989304 ] } },
{ "type": "Feature", "properties": { "NAME": null, "NAME_EN": null, "AMENITY": "fast_food", "SHOP": null, "OSM_TYPE": "node", "OSM_ID": 12400224274 }, "geometry": { "type": "Point", "coordinates": [ 23.3322911, 42.698705 ] } },
{ "type": "Feature", "properties": { "NAME": "The Pit", "NAME_EN": null, "AMENITY": "bar", "SHOP": null, "OSM_TYPE": "node", "OSM_ID": 12400224275 }, "geometry": { "type": "Point", "coordinates": [ 23.3344652, 42.7003414 ] } },
{ "type": "Feature", "properties": { "NAME": "Emily", "NAME_EN": null, "AMENITY": "restaurant", "SHOP": null, "OSM_TYPE": "node", "OSM_ID": 12400231400 }, "geometry": { "type": "Point", "coordinates": [ 23.3332126, 42.7029985 ] } },
{ "type": "Feature", "properties": { "NAME": "Вкусно вкусно", "NAME_EN": null, "AMENITY": "fast_food", "SHOP": null, "OSM_TYPE": "node", "OSM_ID": 12400238608 }, "geometry": { "type": "Point", "coordinates": [ 23.3340539, 42.698775 ] } },
{ "type": "Feature", "properties": { "NAME": null, "NAME_EN": null, "AMENITY": "fast_food", "SHOP": null, "OSM_TYPE": "node", "OSM_ID": 12400241190 }, "geometry": { "type": "Point", "coordinates": [ 23.3322801, 42.6987804 ] } },
{ "type": "Feature", "properties": { "NAME": "Братя Мачеви", "NAME_EN": null, "AMENITY": "fast_food", "SHOP": null, "OSM_TYPE": "node", "OSM_ID": 12400814470 }, "geometry": { "type": "Point", "coordinates": [ 23.319035, 42.7010109 ] } },
{ "type": "Feature", "properties": { "NAME": "Бистро 36", "NAME_EN": null, "AMENITY": "cafe", "SHOP": null, "OSM_TYPE": "node", "OSM_ID": 12400814472 }, "geometry": { "type": "Point", "coordinates": [ 23.3192092, 42.701417 ] } },
{ "type": "Feature", "properties": { "NAME": "Kofein", "NAME_EN": null, "AMENITY": "cafe", "SHOP": null, "OSM_TYPE": "node", "OSM_ID": 12409591571 }, "geometry": { "type": "Point", "coordinates": [ 23.3306616, 42.6985796 ] } },
{ "type": "Feature", "properties": { "NAME": null, "NAME_EN": null, "AMENITY": "fast_food", "SHOP": null, "OSM_TYPE": "node", "OSM_ID": 12409629922 }, "geometry": { "type": "Point", "coordinates": [ 23.3305912, 42.7043709 ] } },
{ "type": "Feature", "properties": { "NAME": "Кюфтето", "NAME_EN": null, "AMENITY": "fast_food", "SHOP": null, "OSM_TYPE": "node", "OSM_ID": 12409640291 }, "geometry": { "type": "Point", "coordinates": [ 23.328768, 42.7036399 ] } },
{ "type": "Feature", "properties": { "NAME": "Пецарията", "NAME_EN": null, "AMENITY": "fast_food", "SHOP": null, "OSM_TYPE": "node", "OSM_ID": 12409642216 }, "geometry": { "type": "Point", "coordinates": [ 23.3307904, 42.6984609 ] } },
{ "type": "Feature", "properties": { "NAME": "Дворецът на драконите", "NAME_EN": null, "AMENITY": "fast_food", "SHOP": null, "OSM_TYPE": "node", "OSM_ID": 12409649158 }, "geometry": { "type": "Point", "coordinates": [ 23.3287639, 42.7035307 ] } },
{ "type": "Feature", "properties": { "NAME": "Баничките на Илиян са най-вкусни", "NAME_EN": null, "AMENITY": "fast_food", "SHOP": null, "OSM_TYPE": "node", "OSM_ID": 12410133153 }, "geometry": { "type": "Point", "coordinates": [ 23.3000234, 42.7071041 ] } },
{ "type": "Feature", "properties": { "NAME": "Plan B", "NAME_EN": null, "AMENITY": "restaurant", "SHOP": null, "OSM_TYPE": "node", "OSM_ID": 12412782042 }, "geometry": { "type": "Point", "coordinates": [ 23.3402158, 42.699024 ] } },
{ "type": "Feature", "properties": { "NAME": "Tasty Kebab", "NAME_EN": null, "AMENITY": "fast_food", "SHOP": null, "OSM_TYPE": "node", "OSM_ID": 12416931090 }, "geometry": { "type": "Point", "coordinates": [ 23.316897, 42.7021535 ] } },
{ "type": "Feature", "properties": { "NAME": "Costa", "NAME_EN": null, "AMENITY": "cafe", "SHOP": null, "OSM_TYPE": "node", "OSM_ID": 12425889800 }, "geometry": { "type": "Point", "coordinates": [ 23.3192098, 42.6853161 ] } },
{ "type": "Feature", "properties": { "NAME": "Гозба", "NAME_EN": null, "AMENITY": "fast_food", "SHOP": null, "OSM_TYPE": "node", "OSM_ID": 12425913447 }, "geometry": { "type": "Point", "coordinates": [ 23.3162427, 42.6594791 ] } },
{ "type": "Feature", "properties": { "NAME": "Интерленд", "NAME_EN": null, "AMENITY": "restaurant", "SHOP": null, "OSM_TYPE": "node", "OSM_ID": 12433980676 }, "geometry": { "type": "Point", "coordinates": [ 23.2727437, 42.6796479 ] } },
{ "type": "Feature", "properties": { "NAME": "Sakura", "NAME_EN": null, "AMENITY": "restaurant", "SHOP": null, "OSM_TYPE": "node", "OSM_ID": 12435812211 }, "geometry": { "type": "Point", "coordinates": [ 23.3059326, 42.724985 ] } },
{ "type": "Feature", "properties": { "NAME": null, "NAME_EN": null, "AMENITY": "pub", "SHOP": null, "OSM_TYPE": "node", "OSM_ID": 12436970968 }, "geometry": { "type": "Point", "coordinates": [ 23.3327183, 42.7019449 ] } },
{ "type": "Feature", "properties": { "NAME": "The Great Cities", "NAME_EN": null, "AMENITY": "restaurant", "SHOP": null, "OSM_TYPE": "node", "OSM_ID": 12436971867 }, "geometry": { "type": "Point", "coordinates": [ 23.3304444, 42.6993884 ] } },
{ "type": "Feature", "properties": { "NAME": "Bitter Sweet", "NAME_EN": null, "AMENITY": "cafe", "SHOP": null, "OSM_TYPE": "node", "OSM_ID": 12436984299 }, "geometry": { "type": "Point", "coordinates": [ 23.3291691, 42.6973597 ] } },
{ "type": "Feature", "properties": { "NAME": "Сабале", "NAME_EN": null, "AMENITY": "restaurant", "SHOP": null, "OSM_TYPE": "node", "OSM_ID": 12436995530 }, "geometry": { "type": "Point", "coordinates": [ 23.3286673, 42.6986459 ] } },
{ "type": "Feature", "properties": { "NAME": "Lemoni", "NAME_EN": null, "AMENITY": "fast_food", "SHOP": null, "OSM_TYPE": "node", "OSM_ID": 12436996659 }, "geometry": { "type": "Point", "coordinates": [ 23.3304472, 42.6997775 ] } },
{ "type": "Feature", "properties": { "NAME": null, "NAME_EN": null, "AMENITY": "fast_food", "SHOP": null, "OSM_TYPE": "node", "OSM_ID": 12437171733 }, "geometry": { "type": "Point", "coordinates": [ 23.3053883, 42.6671645 ] } },
{ "type": "Feature", "properties": { "NAME": "Raffy", "NAME_EN": null, "AMENITY": "fast_food", "SHOP": null, "OSM_TYPE": "node", "OSM_ID": 12437171734 }, "geometry": { "type": "Point", "coordinates": [ 23.3053821, 42.6671502 ] } },
{ "type": "Feature", "properties": { "NAME": "Палачинки XXXL", "NAME_EN": null, "AMENITY": "fast_food", "SHOP": null, "OSM_TYPE": "node", "OSM_ID": 12437171735 }, "geometry": { "type": "Point", "coordinates": [ 23.3053851, 42.6671352 ] } },
{ "type": "Feature", "properties": { "NAME": "Pizza Lab", "NAME_EN": null, "AMENITY": "fast_food", "SHOP": null, "OSM_TYPE": "node", "OSM_ID": 12438544339 }, "geometry": { "type": "Point", "coordinates": [ 23.365343, 42.6675194 ] } },
{ "type": "Feature", "properties": { "NAME": "RepEat", "NAME_EN": null, "AMENITY": "fast_food", "SHOP": null, "OSM_TYPE": "node", "OSM_ID": 12438544340 }, "geometry": { "type": "Point", "coordinates": [ 23.3652799, 42.6674833 ] } },
{ "type": "Feature", "properties": { "NAME": "Papa John's", "NAME_EN": null, "AMENITY": "fast_food", "SHOP": null, "OSM_TYPE": "node", "OSM_ID": 12438559463 }, "geometry": { "type": "Point", "coordinates": [ 23.3494016, 42.7246683 ] } },
{ "type": "Feature", "properties": { "NAME": null, "NAME_EN": null, "AMENITY": "fast_food", "SHOP": null, "OSM_TYPE": "node", "OSM_ID": 12439541780 }, "geometry": { "type": "Point", "coordinates": [ 23.3606587, 42.7025683 ] } },
{ "type": "Feature", "properties": { "NAME": null, "NAME_EN": null, "AMENITY": "fast_food", "SHOP": null, "OSM_TYPE": "node", "OSM_ID": 12439541787 }, "geometry": { "type": "Point", "coordinates": [ 23.3602035, 42.7024842 ] } },
{ "type": "Feature", "properties": { "NAME": null, "NAME_EN": null, "AMENITY": "fast_food", "SHOP": null, "OSM_TYPE": "node", "OSM_ID": 12439541788 }, "geometry": { "type": "Point", "coordinates": [ 23.3600607, 42.7024578 ] } },
{ "type": "Feature", "properties": { "NAME": null, "NAME_EN": null, "AMENITY": "fast_food", "SHOP": null, "OSM_TYPE": "node", "OSM_ID": 12439541789 }, "geometry": { "type": "Point", "coordinates": [ 23.3600998, 42.702465 ] } },
{ "type": "Feature", "properties": { "NAME": null, "NAME_EN": null, "AMENITY": "fast_food", "SHOP": null, "OSM_TYPE": "node", "OSM_ID": 12439541790 }, "geometry": { "type": "Point", "coordinates": [ 23.3600167, 42.7024496 ] } },
{ "type": "Feature", "properties": { "NAME": "Alibi bar & grill", "NAME_EN": null, "AMENITY": "restaurant", "SHOP": null, "OSM_TYPE": "node", "OSM_ID": 12444394097 }, "geometry": { "type": "Point", "coordinates": [ 23.2947197, 42.6826305 ] } },
{ "type": "Feature", "properties": { "NAME": "Таланти", "NAME_EN": "Talents", "AMENITY": "restaurant", "SHOP": null, "OSM_TYPE": "node", "OSM_ID": 12444457387 }, "geometry": { "type": "Point", "coordinates": [ 23.2904631, 42.6815157 ] } },
{ "type": "Feature", "properties": { "NAME": "Chicken Shack", "NAME_EN": null, "AMENITY": "fast_food", "SHOP": null, "OSM_TYPE": "node", "OSM_ID": 12459088909 }, "geometry": { "type": "Point", "coordinates": [ 23.3806714, 42.635955 ] } },
{ "type": "Feature", "properties": { "NAME": "Гаваза", "NAME_EN": null, "AMENITY": "fast_food", "SHOP": null, "OSM_TYPE": "node", "OSM_ID": 12459132601 }, "geometry": { "type": "Point", "coordinates": [ 23.3807914, 42.6357766 ] } },
{ "type": "Feature", "properties": { "NAME": "Ладога", "NAME_EN": null, "AMENITY": "restaurant", "SHOP": null, "OSM_TYPE": "node", "OSM_ID": 12459616512 }, "geometry": { "type": "Point", "coordinates": [ 23.2787097, 42.6703742 ] } },
{ "type": "Feature", "properties": { "NAME": "Barista Coffee And More", "NAME_EN": null, "AMENITY": "cafe", "SHOP": null, "OSM_TYPE": "node", "OSM_ID": 12468692532 }, "geometry": { "type": "Point", "coordinates": [ 23.3738804, 42.6284271 ] } },
{ "type": "Feature", "properties": { "NAME": "Xian Wei Hot Pot", "NAME_EN": null, "AMENITY": "restaurant", "SHOP": null, "OSM_TYPE": "node", "OSM_ID": 12471157521 }, "geometry": { "type": "Point", "coordinates": [ 23.3410702, 42.6519747 ] } },
{ "type": "Feature", "properties": { "NAME": null, "NAME_EN": null, "AMENITY": "fast_food", "SHOP": null, "OSM_TYPE": "node", "OSM_ID": 12472629840 }, "geometry": { "type": "Point", "coordinates": [ 23.4562538, 42.7088828 ] } },
{ "type": "Feature", "properties": { "NAME": "IV Burger", "NAME_EN": null, "AMENITY": "fast_food", "SHOP": null, "OSM_TYPE": "node", "OSM_ID": 12472629841 }, "geometry": { "type": "Point", "coordinates": [ 23.4561932, 42.7089408 ] } },
{ "type": "Feature", "properties": { "NAME": "Senior Burrito", "NAME_EN": null, "AMENITY": "fast_food", "SHOP": null, "OSM_TYPE": "node", "OSM_ID": 12472629842 }, "geometry": { "type": "Point", "coordinates": [ 23.4562046, 42.7090016 ] } },
{ "type": "Feature", "properties": { "NAME": "Pizzoni", "NAME_EN": null, "AMENITY": "fast_food", "SHOP": null, "OSM_TYPE": "node", "OSM_ID": 12472629843 }, "geometry": { "type": "Point", "coordinates": [ 23.4562071, 42.7090555 ] } },
{ "type": "Feature", "properties": { "NAME": null, "NAME_EN": null, "AMENITY": "cafe", "SHOP": null, "OSM_TYPE": "node", "OSM_ID": 12472629891 }, "geometry": { "type": "Point", "coordinates": [ 23.4585413, 42.7086665 ] } },
{ "type": "Feature", "properties": { "NAME": "Бистро Градина", "NAME_EN": null, "AMENITY": "restaurant", "SHOP": null, "OSM_TYPE": "node", "OSM_ID": 12473585164 }, "geometry": { "type": "Point", "coordinates": [ 23.3701291, 42.6784233 ] } },
{ "type": "Feature", "properties": { "NAME": "Стол 35", "NAME_EN": null, "AMENITY": "restaurant", "SHOP": null, "OSM_TYPE": "node", "OSM_ID": 12473585165 }, "geometry": { "type": "Point", "coordinates": [ 23.3700823, 42.6783675 ] } },
{ "type": "Feature", "properties": { "NAME": "Costa", "NAME_EN": null, "AMENITY": "cafe", "SHOP": null, "OSM_TYPE": "node", "OSM_ID": 12480392002 }, "geometry": { "type": "Point", "coordinates": [ 23.4136491, 42.6883839 ] } },
{ "type": "Feature", "properties": { "NAME": null, "NAME_EN": null, "AMENITY": "fast_food", "SHOP": null, "OSM_TYPE": "node", "OSM_ID": 12486390672 }, "geometry": { "type": "Point", "coordinates": [ 23.3320222, 42.7006321 ] } },
{ "type": "Feature", "properties": { "NAME": null, "NAME_EN": null, "AMENITY": "fast_food", "SHOP": null, "OSM_TYPE": "node", "OSM_ID": 12486711165 }, "geometry": { "type": "Point", "coordinates": [ 23.3249682, 42.7044626 ] } },
{ "type": "Feature", "properties": { "NAME": "Синева", "NAME_EN": null, "AMENITY": "restaurant", "SHOP": null, "OSM_TYPE": "node", "OSM_ID": 12486722550 }, "geometry": { "type": "Point", "coordinates": [ 23.3269529, 42.7018329 ] } },
{ "type": "Feature", "properties": { "NAME": "Динариз", "NAME_EN": null, "AMENITY": "fast_food", "SHOP": null, "OSM_TYPE": "node", "OSM_ID": 12486733833 }, "geometry": { "type": "Point", "coordinates": [ 23.3284839, 42.7037328 ] } },
{ "type": "Feature", "properties": { "NAME": "Aureline", "NAME_EN": null, "AMENITY": "cafe", "SHOP": null, "OSM_TYPE": "node", "OSM_ID": 12488576190 }, "geometry": { "type": "Point", "coordinates": [ 23.3270245, 42.6983014 ] } },
{ "type": "Feature", "properties": { "NAME": "Mochi", "NAME_EN": null, "AMENITY": "restaurant", "SHOP": null, "OSM_TYPE": "node", "OSM_ID": 12488602824 }, "geometry": { "type": "Point", "coordinates": [ 23.3259608, 42.7027035 ] } },
{ "type": "Feature", "properties": { "NAME": "Famous II", "NAME_EN": null, "AMENITY": "restaurant", "SHOP": null, "OSM_TYPE": "node", "OSM_ID": 12496045507 }, "geometry": { "type": "Point", "coordinates": [ 23.3162056, 42.6703559 ] } },
{ "type": "Feature", "properties": { "NAME": "Subway", "NAME_EN": null, "AMENITY": "fast_food", "SHOP": null, "OSM_TYPE": "node", "OSM_ID": 12500953158 }, "geometry": { "type": "Point", "coordinates": [ 23.3141928, 42.6574297 ] } },
{ "type": "Feature", "properties": { "NAME": "Punkt", "NAME_EN": null, "AMENITY": "cafe", "SHOP": null, "OSM_TYPE": "node", "OSM_ID": 12504667028 }, "geometry": { "type": "Point", "coordinates": [ 23.3112186, 42.6506567 ] } },
{ "type": "Feature", "properties": { "NAME": "Gossip Bar.B.Q", "NAME_EN": null, "AMENITY": "restaurant", "SHOP": null, "OSM_TYPE": "node", "OSM_ID": 12507022248 }, "geometry": { "type": "Point", "coordinates": [ 23.3131716, 42.6603459 ] } },
{ "type": "Feature", "properties": { "NAME": "Freya", "NAME_EN": null, "AMENITY": "cafe", "SHOP": null, "OSM_TYPE": "node", "OSM_ID": 12507030380 }, "geometry": { "type": "Point", "coordinates": [ 23.3135488, 42.6607489 ] } },
{ "type": "Feature", "properties": { "NAME": null, "NAME_EN": null, "AMENITY": "fast_food", "SHOP": null, "OSM_TYPE": "node", "OSM_ID": 12507043743 }, "geometry": { "type": "Point", "coordinates": [ 23.3132168, 42.6607447 ] } },
{ "type": "Feature", "properties": { "NAME": "Роденец", "NAME_EN": null, "AMENITY": "fast_food", "SHOP": null, "OSM_TYPE": "node", "OSM_ID": 12507043802 }, "geometry": { "type": "Point", "coordinates": [ 23.3117917, 42.6606012 ] } },
{ "type": "Feature", "properties": { "NAME": null, "NAME_EN": null, "AMENITY": "fast_food", "SHOP": null, "OSM_TYPE": "node", "OSM_ID": 12507053054 }, "geometry": { "type": "Point", "coordinates": [ 23.3119254, 42.6606044 ] } },
{ "type": "Feature", "properties": { "NAME": null, "NAME_EN": null, "AMENITY": "fast_food", "SHOP": null, "OSM_TYPE": "node", "OSM_ID": 12509301951 }, "geometry": { "type": "Point", "coordinates": [ 23.3043796, 42.6870584 ] } },
{ "type": "Feature", "properties": { "NAME": "Raffy", "NAME_EN": null, "AMENITY": "ice_cream", "SHOP": null, "OSM_TYPE": "node", "OSM_ID": 12518359408 }, "geometry": { "type": "Point", "coordinates": [ 23.305336, 42.6651354 ] } },
{ "type": "Feature", "properties": { "NAME": "Vinitalia", "NAME_EN": null, "AMENITY": "restaurant", "SHOP": null, "OSM_TYPE": "node", "OSM_ID": 12520728268 }, "geometry": { "type": "Point", "coordinates": [ 23.3256183, 42.7038871 ] } },
{ "type": "Feature", "properties": { "NAME": "Caffé Diemme", "NAME_EN": null, "AMENITY": "cafe", "SHOP": null, "OSM_TYPE": "node", "OSM_ID": 12520739974 }, "geometry": { "type": "Point", "coordinates": [ 23.3253769, 42.7015835 ] } },
{ "type": "Feature", "properties": { "NAME": "Одред", "NAME_EN": null, "AMENITY": "cafe", "SHOP": null, "OSM_TYPE": "node", "OSM_ID": 12520742030 }, "geometry": { "type": "Point", "coordinates": [ 23.3260732, 42.6995854 ] } },
{ "type": "Feature", "properties": { "NAME": "Bloom", "NAME_EN": null, "AMENITY": "cafe", "SHOP": null, "OSM_TYPE": "node", "OSM_ID": 12520751991 }, "geometry": { "type": "Point", "coordinates": [ 23.3253564, 42.700807 ] } },
{ "type": "Feature", "properties": { "NAME": "Mandarin House", "NAME_EN": null, "AMENITY": "restaurant", "SHOP": null, "OSM_TYPE": "node", "OSM_ID": 12522315127 }, "geometry": { "type": "Point", "coordinates": [ 23.3256426, 42.6662452 ] } },
{ "type": "Feature", "properties": { "NAME": "Fresco Garden", "NAME_EN": null, "AMENITY": "fast_food", "SHOP": null, "OSM_TYPE": "node", "OSM_ID": 12522326188 }, "geometry": { "type": "Point", "coordinates": [ 23.3248798, 42.6656513 ] } },
{ "type": "Feature", "properties": { "NAME": "Неро", "NAME_EN": null, "AMENITY": "restaurant", "SHOP": null, "OSM_TYPE": "node", "OSM_ID": 12528933085 }, "geometry": { "type": "Point", "coordinates": [ 23.2884642, 42.6593326 ] } },
{ "type": "Feature", "properties": { "NAME": "Met Café", "NAME_EN": null, "AMENITY": "cafe", "SHOP": null, "OSM_TYPE": "node", "OSM_ID": 12529159538 }, "geometry": { "type": "Point", "coordinates": [ 23.3120464, 42.6394974 ] } },
{ "type": "Feature", "properties": { "NAME": "Deli Sushi", "NAME_EN": null, "AMENITY": "restaurant", "SHOP": null, "OSM_TYPE": "node", "OSM_ID": 12529178799 }, "geometry": { "type": "Point", "coordinates": [ 23.3133208, 42.6391842 ] } },
{ "type": "Feature", "properties": { "NAME": "Tavola Calda", "NAME_EN": null, "AMENITY": "fast_food", "SHOP": null, "OSM_TYPE": "node", "OSM_ID": 12539191556 }, "geometry": { "type": "Point", "coordinates": [ 23.3259587, 42.6985138 ] } },
{ "type": "Feature", "properties": { "NAME": "Coba", "NAME_EN": null, "AMENITY": "bar", "SHOP": null, "OSM_TYPE": "node", "OSM_ID": 12539221133 }, "geometry": { "type": "Point", "coordinates": [ 23.3262464, 42.6974733 ] } },
{ "type": "Feature", "properties": { "NAME": "Mangi & Piangi", "NAME_EN": null, "AMENITY": "fast_food", "SHOP": null, "OSM_TYPE": "node", "OSM_ID": 12539492188 }, "geometry": { "type": "Point", "coordinates": [ 23.377595, 42.6481309 ] } },
{ "type": "Feature", "properties": { "NAME": "Dimitrov", "NAME_EN": null, "AMENITY": "restaurant", "SHOP": null, "OSM_TYPE": "node", "OSM_ID": 12542046361 }, "geometry": { "type": "Point", "coordinates": [ 23.3243092, 42.7010631 ] } },
{ "type": "Feature", "properties": { "NAME": "Lobby Bar - Central Club", "NAME_EN": null, "AMENITY": "bar", "SHOP": null, "OSM_TYPE": "node", "OSM_ID": 12542069269 }, "geometry": { "type": "Point", "coordinates": [ 23.3228252, 42.7007574 ] } },
{ "type": "Feature", "properties": { "NAME": "Los Muchachos", "NAME_EN": null, "AMENITY": "restaurant", "SHOP": null, "OSM_TYPE": "node", "OSM_ID": 12542069962 }, "geometry": { "type": "Point", "coordinates": [ 23.3249509, 42.7009783 ] } },
{ "type": "Feature", "properties": { "NAME": "Cheesus", "NAME_EN": null, "AMENITY": "fast_food", "SHOP": null, "OSM_TYPE": "node", "OSM_ID": 12542082212 }, "geometry": { "type": "Point", "coordinates": [ 23.3247255, 42.6989135 ] } },
{ "type": "Feature", "properties": { "NAME": "Com Bar", "NAME_EN": null, "AMENITY": "pub", "SHOP": null, "OSM_TYPE": "node", "OSM_ID": 12542082214 }, "geometry": { "type": "Point", "coordinates": [ 23.324021, 42.7016783 ] } },
{ "type": "Feature", "properties": { "NAME": "Фаншан", "NAME_EN": null, "AMENITY": "restaurant", "SHOP": null, "OSM_TYPE": "node", "OSM_ID": 12542082657 }, "geometry": { "type": "Point", "coordinates": [ 23.3233929, 42.7018772 ] } },
{ "type": "Feature", "properties": { "NAME": "Хапката", "NAME_EN": null, "AMENITY": "fast_food", "SHOP": null, "OSM_TYPE": "node", "OSM_ID": 12542088005 }, "geometry": { "type": "Point", "coordinates": [ 23.3252546, 42.6995935 ] } },
{ "type": "Feature", "properties": { "NAME": "Coffee Time", "NAME_EN": null, "AMENITY": "cafe", "SHOP": null, "OSM_TYPE": "node", "OSM_ID": 12542091558 }, "geometry": { "type": "Point", "coordinates": [ 23.3241618, 42.7007247 ] } },
{ "type": "Feature", "properties": { "NAME": "Кухнята на Милен Рачин", "NAME_EN": null, "AMENITY": "fast_food", "SHOP": null, "OSM_TYPE": "node", "OSM_ID": 12546119068 }, "geometry": { "type": "Point", "coordinates": [ 23.2546803, 42.676996 ] } },
{ "type": "Feature", "properties": { "NAME": "The Wave", "NAME_EN": null, "AMENITY": "restaurant", "SHOP": null, "OSM_TYPE": "node", "OSM_ID": 12546125322 }, "geometry": { "type": "Point", "coordinates": [ 23.2556602, 42.6781097 ] } },
{ "type": "Feature", "properties": { "NAME": null, "NAME_EN": null, "AMENITY": "cafe", "SHOP": null, "OSM_TYPE": "node", "OSM_ID": 12546130088 }, "geometry": { "type": "Point", "coordinates": [ 23.2646025, 42.6792654 ] } },
{ "type": "Feature", "properties": { "NAME": "Пикантико", "NAME_EN": null, "AMENITY": "restaurant", "SHOP": null, "OSM_TYPE": "node", "OSM_ID": 12546130918 }, "geometry": { "type": "Point", "coordinates": [ 23.2556471, 42.6774306 ] } },
{ "type": "Feature", "properties": { "NAME": null, "NAME_EN": null, "AMENITY": "cafe", "SHOP": null, "OSM_TYPE": "node", "OSM_ID": 12546139441 }, "geometry": { "type": "Point", "coordinates": [ 23.2528181, 42.6774453 ] } },
{ "type": "Feature", "properties": { "NAME": null, "NAME_EN": null, "AMENITY": "fast_food", "SHOP": null, "OSM_TYPE": "node", "OSM_ID": 12546140267 }, "geometry": { "type": "Point", "coordinates": [ 23.2541009, 42.678116 ] } },
{ "type": "Feature", "properties": { "NAME": null, "NAME_EN": null, "AMENITY": "cafe", "SHOP": null, "OSM_TYPE": "node", "OSM_ID": 12546143234 }, "geometry": { "type": "Point", "coordinates": [ 23.2531719, 42.676818 ] } },
{ "type": "Feature", "properties": { "NAME": null, "NAME_EN": null, "AMENITY": "fast_food", "SHOP": null, "OSM_TYPE": "node", "OSM_ID": 12546150381 }, "geometry": { "type": "Point", "coordinates": [ 23.2537944, 42.6773765 ] } },
{ "type": "Feature", "properties": { "NAME": "Mambo №5", "NAME_EN": null, "AMENITY": "fast_food", "SHOP": null, "OSM_TYPE": "node", "OSM_ID": 12546181289 }, "geometry": { "type": "Point", "coordinates": [ 23.2574512, 42.6780387 ] } },
{ "type": "Feature", "properties": { "NAME": null, "NAME_EN": null, "AMENITY": "cafe", "SHOP": null, "OSM_TYPE": "node", "OSM_ID": 12546181593 }, "geometry": { "type": "Point", "coordinates": [ 23.2540782, 42.679279 ] } },
{ "type": "Feature", "properties": { "NAME": null, "NAME_EN": null, "AMENITY": "fast_food", "SHOP": null, "OSM_TYPE": "node", "OSM_ID": 12549100149 }, "geometry": { "type": "Point", "coordinates": [ 23.3291021, 42.7062068 ] } },
{ "type": "Feature", "properties": { "NAME": "Джункай", "NAME_EN": null, "AMENITY": "restaurant", "SHOP": null, "OSM_TYPE": "node", "OSM_ID": 12562273410 }, "geometry": { "type": "Point", "coordinates": [ 23.3203058, 42.6997751 ] } },
{ "type": "Feature", "properties": { "NAME": "Onda", "NAME_EN": null, "AMENITY": "cafe", "SHOP": null, "OSM_TYPE": "node", "OSM_ID": 12566961482 }, "geometry": { "type": "Point", "coordinates": [ 23.4141246, 42.6901952 ] } },
{ "type": "Feature", "properties": { "NAME": "Комедия Клуб София", "NAME_EN": null, "AMENITY": "bar", "SHOP": null, "OSM_TYPE": "node", "OSM_ID": 12573796459 }, "geometry": { "type": "Point", "coordinates": [ 23.3440154, 42.6512799 ] } },
{ "type": "Feature", "properties": { "NAME": "Urban Legend", "NAME_EN": null, "AMENITY": "bar", "SHOP": null, "OSM_TYPE": "node", "OSM_ID": 12573804950 }, "geometry": { "type": "Point", "coordinates": [ 23.3430964, 42.6512931 ] } },
{ "type": "Feature", "properties": { "NAME": null, "NAME_EN": null, "AMENITY": "cafe", "SHOP": null, "OSM_TYPE": "node", "OSM_ID": 12582010234 }, "geometry": { "type": "Point", "coordinates": [ 23.3560931, 42.7036127 ] } },
{ "type": "Feature", "properties": { "NAME": "a Priori", "NAME_EN": null, "AMENITY": "restaurant", "SHOP": null, "OSM_TYPE": "node", "OSM_ID": 12587500498 }, "geometry": { "type": "Point", "coordinates": [ 23.37543, 42.6253459 ] } },
{ "type": "Feature", "properties": { "NAME": "Българска мераклийска кухня", "NAME_EN": null, "AMENITY": "fast_food", "SHOP": null, "OSM_TYPE": "node", "OSM_ID": 12593359214 }, "geometry": { "type": "Point", "coordinates": [ 23.2846104, 42.6776249 ] } },
{ "type": "Feature", "properties": { "NAME": "Berliner Doner Kebab", "NAME_EN": null, "AMENITY": "fast_food", "SHOP": null, "OSM_TYPE": "node", "OSM_ID": 12595789517 }, "geometry": { "type": "Point", "coordinates": [ 23.3172423, 42.7177917 ] } },
{ "type": "Feature", "properties": { "NAME": "Happy Lunch", "NAME_EN": null, "AMENITY": "restaurant", "SHOP": null, "OSM_TYPE": "node", "OSM_ID": 12603017992 }, "geometry": { "type": "Point", "coordinates": [ 23.3153509, 42.6514514 ] } },
{ "type": "Feature", "properties": { "NAME": null, "NAME_EN": null, "AMENITY": "cafe", "SHOP": null, "OSM_TYPE": "node", "OSM_ID": 12607617101 }, "geometry": { "type": "Point", "coordinates": [ 23.2774173, 42.6582301 ] } },
{ "type": "Feature", "properties": { "NAME": null, "NAME_EN": null, "AMENITY": "cafe", "SHOP": null, "OSM_TYPE": "node", "OSM_ID": 12612634407 }, "geometry": { "type": "Point", "coordinates": [ 23.2715715, 42.6581524 ] } },
{ "type": "Feature", "properties": { "NAME": "The Shots", "NAME_EN": null, "AMENITY": "bar", "SHOP": null, "OSM_TYPE": "node", "OSM_ID": 12636321901 }, "geometry": { "type": "Point", "coordinates": [ 23.3461178, 42.6537905 ] } },
{ "type": "Feature", "properties": { "NAME": "Mistolofood", "NAME_EN": null, "AMENITY": "fast_food", "SHOP": null, "OSM_TYPE": "node", "OSM_ID": 12647606749 }, "geometry": { "type": "Point", "coordinates": [ 23.3001585, 42.6797011 ] } },
{ "type": "Feature", "properties": { "NAME": null, "NAME_EN": null, "AMENITY": "fast_food", "SHOP": null, "OSM_TYPE": "node", "OSM_ID": 12648515319 }, "geometry": { "type": "Point", "coordinates": [ 23.2913536, 42.7347683 ] } },
{ "type": "Feature", "properties": { "NAME": "Rabbit Hole", "NAME_EN": null, "AMENITY": "bar", "SHOP": null, "OSM_TYPE": "node", "OSM_ID": 12652443914 }, "geometry": { "type": "Point", "coordinates": [ 23.3195953, 42.6975011 ] } },
{ "type": "Feature", "properties": { "NAME": "Траяна", "NAME_EN": null, "AMENITY": "restaurant", "SHOP": null, "OSM_TYPE": "node", "OSM_ID": 12652451385 }, "geometry": { "type": "Point", "coordinates": [ 23.3202003, 42.6973715 ] } },
{ "type": "Feature", "properties": { "NAME": null, "NAME_EN": null, "AMENITY": "fast_food", "SHOP": null, "OSM_TYPE": "node", "OSM_ID": 12653929556 }, "geometry": { "type": "Point", "coordinates": [ 23.3659795, 42.6754877 ] } },
{ "type": "Feature", "properties": { "NAME": "Дворець", "NAME_EN": null, "AMENITY": "fast_food", "SHOP": null, "OSM_TYPE": "node", "OSM_ID": 12655907512 }, "geometry": { "type": "Point", "coordinates": [ 23.3331885, 42.6291837 ] } },
{ "type": "Feature", "properties": { "NAME": "by Chef Alexieff", "NAME_EN": null, "AMENITY": "fast_food", "SHOP": null, "OSM_TYPE": "node", "OSM_ID": 12656753743 }, "geometry": { "type": "Point", "coordinates": [ 23.3192584, 42.6976993 ] } },
{ "type": "Feature", "properties": { "NAME": "Печен(си) картоф", "NAME_EN": null, "AMENITY": "fast_food", "SHOP": null, "OSM_TYPE": "node", "OSM_ID": 12656788448 }, "geometry": { "type": "Point", "coordinates": [ 23.3191107, 42.6980311 ] } },
{ "type": "Feature", "properties": { "NAME": "Обедна кутия", "NAME_EN": null, "AMENITY": "restaurant", "SHOP": null, "OSM_TYPE": "node", "OSM_ID": 12656797938 }, "geometry": { "type": "Point", "coordinates": [ 23.3189532, 42.6967336 ] } },
{ "type": "Feature", "properties": { "NAME": "Alegria", "NAME_EN": null, "AMENITY": "fast_food", "SHOP": null, "OSM_TYPE": "node", "OSM_ID": 12656815997 }, "geometry": { "type": "Point", "coordinates": [ 23.3199912, 42.7001413 ] } },
{ "type": "Feature", "properties": { "NAME": "Porto di Mare", "NAME_EN": null, "AMENITY": "restaurant", "SHOP": null, "OSM_TYPE": "node", "OSM_ID": 12657086997 }, "geometry": { "type": "Point", "coordinates": [ 23.3258798, 42.6709977 ] } },
{ "type": "Feature", "properties": { "NAME": null, "NAME_EN": null, "AMENITY": "fast_food", "SHOP": null, "OSM_TYPE": "node", "OSM_ID": 12659959010 }, "geometry": { "type": "Point", "coordinates": [ 23.3184424, 42.6995503 ] } },
{ "type": "Feature", "properties": { "NAME": "Соц. Пица", "NAME_EN": null, "AMENITY": "fast_food", "SHOP": null, "OSM_TYPE": "node", "OSM_ID": 12659969411 }, "geometry": { "type": "Point", "coordinates": [ 23.3182974, 42.6970498 ] } },
{ "type": "Feature", "properties": { "NAME": "Ла кокот", "NAME_EN": null, "AMENITY": "restaurant", "SHOP": null, "OSM_TYPE": "node", "OSM_ID": 12659972005 }, "geometry": { "type": "Point", "coordinates": [ 23.3180566, 42.6961673 ] } },
{ "type": "Feature", "properties": { "NAME": "Inabun", "NAME_EN": null, "AMENITY": "fast_food", "SHOP": null, "OSM_TYPE": "node", "OSM_ID": 12659972006 }, "geometry": { "type": "Point", "coordinates": [ 23.3181397, 42.6970561 ] } },
{ "type": "Feature", "properties": { "NAME": null, "NAME_EN": null, "AMENITY": "fast_food", "SHOP": null, "OSM_TYPE": "node", "OSM_ID": 12660916300 }, "geometry": { "type": "Point", "coordinates": [ 23.2671626, 42.7298939 ] } },
{ "type": "Feature", "properties": { "NAME": "The Steps", "NAME_EN": null, "AMENITY": "restaurant", "SHOP": null, "OSM_TYPE": "node", "OSM_ID": 12662817493 }, "geometry": { "type": "Point", "coordinates": [ 23.317113, 42.6980033 ] } },
{ "type": "Feature", "properties": { "NAME": "Avenue", "NAME_EN": null, "AMENITY": "pub", "SHOP": null, "OSM_TYPE": "node", "OSM_ID": 12662839007 }, "geometry": { "type": "Point", "coordinates": [ 23.3160437, 42.6986526 ] } },
{ "type": "Feature", "properties": { "NAME": "Mr. & Mrs. Brunch", "NAME_EN": null, "AMENITY": "restaurant", "SHOP": null, "OSM_TYPE": "node", "OSM_ID": 12662840547 }, "geometry": { "type": "Point", "coordinates": [ 23.3161946, 42.6955099 ] } },
{ "type": "Feature", "properties": { "NAME": "The People House", "NAME_EN": null, "AMENITY": "restaurant", "SHOP": null, "OSM_TYPE": "node", "OSM_ID": 12662846323 }, "geometry": { "type": "Point", "coordinates": [ 23.3160534, 42.6956649 ] } },
{ "type": "Feature", "properties": { "NAME": "La Betina", "NAME_EN": null, "AMENITY": "restaurant", "SHOP": null, "OSM_TYPE": "node", "OSM_ID": 12662859465 }, "geometry": { "type": "Point", "coordinates": [ 23.3170327, 42.697829 ] } },
{ "type": "Feature", "properties": { "NAME": "Бистро Позитано", "NAME_EN": null, "AMENITY": "fast_food", "SHOP": null, "OSM_TYPE": "node", "OSM_ID": 12662937805 }, "geometry": { "type": "Point", "coordinates": [ 23.3160219, 42.6967284 ] } },
{ "type": "Feature", "properties": { "NAME": "Сава", "NAME_EN": null, "AMENITY": "restaurant", "SHOP": null, "OSM_TYPE": "node", "OSM_ID": 12662939913 }, "geometry": { "type": "Point", "coordinates": [ 23.3154496, 42.6971987 ] } },
{ "type": "Feature", "properties": { "NAME": "Casa dei Barone", "NAME_EN": null, "AMENITY": "restaurant", "SHOP": null, "OSM_TYPE": "node", "OSM_ID": 12662939914 }, "geometry": { "type": "Point", "coordinates": [ 23.3159282, 42.6966919 ] } },
{ "type": "Feature", "properties": { "NAME": "Кофилин", "NAME_EN": null, "AMENITY": "cafe", "SHOP": null, "OSM_TYPE": "node", "OSM_ID": 12662942350 }, "geometry": { "type": "Point", "coordinates": [ 23.3154628, 42.6968944 ] } },
{ "type": "Feature", "properties": { "NAME": null, "NAME_EN": null, "AMENITY": "fast_food", "SHOP": null, "OSM_TYPE": "node", "OSM_ID": 12666749624 }, "geometry": { "type": "Point", "coordinates": [ 23.3196393, 42.7026359 ] } },
{ "type": "Feature", "properties": { "NAME": null, "NAME_EN": null, "AMENITY": "fast_food", "SHOP": null, "OSM_TYPE": "node", "OSM_ID": 12666750027 }, "geometry": { "type": "Point", "coordinates": [ 23.3179499, 42.7002465 ] } },
{ "type": "Feature", "properties": { "NAME": "Barila", "NAME_EN": null, "AMENITY": "bar", "SHOP": null, "OSM_TYPE": "node", "OSM_ID": 12666759452 }, "geometry": { "type": "Point", "coordinates": [ 23.3176136, 42.699762 ] } },
{ "type": "Feature", "properties": { "NAME": "Capella Play", "NAME_EN": null, "AMENITY": "restaurant", "SHOP": null, "OSM_TYPE": "node", "OSM_ID": 12668874335 }, "geometry": { "type": "Point", "coordinates": [ 23.2449432, 42.6604567 ] } },
{ "type": "Feature", "properties": { "NAME": "The Chameleon на чехов", "NAME_EN": null, "AMENITY": "restaurant", "SHOP": null, "OSM_TYPE": "node", "OSM_ID": 12669717092 }, "geometry": { "type": "Point", "coordinates": [ 23.3586083, 42.6701112 ] } },
{ "type": "Feature", "properties": { "NAME": "Меркурий", "NAME_EN": null, "AMENITY": "restaurant", "SHOP": null, "OSM_TYPE": "node", "OSM_ID": 12669724122 }, "geometry": { "type": "Point", "coordinates": [ 23.3680779, 42.6749293 ] } },
{ "type": "Feature", "properties": { "NAME": "Amore Gelati", "NAME_EN": null, "AMENITY": "ice_cream", "SHOP": null, "OSM_TYPE": "node", "OSM_ID": 12669747842 }, "geometry": { "type": "Point", "coordinates": [ 23.3503371, 42.6702071 ] } },
{ "type": "Feature", "properties": { "NAME": "Кулинарен дюкян", "NAME_EN": null, "AMENITY": "restaurant", "SHOP": null, "OSM_TYPE": "node", "OSM_ID": 12669761323 }, "geometry": { "type": "Point", "coordinates": [ 23.3654657, 42.6742033 ] } },
{ "type": "Feature", "properties": { "NAME": "Tea & Eat 1999", "NAME_EN": null, "AMENITY": "cafe", "SHOP": null, "OSM_TYPE": "node", "OSM_ID": 12669767333 }, "geometry": { "type": "Point", "coordinates": [ 23.3650369, 42.6716087 ] } },
{ "type": "Feature", "properties": { "NAME": null, "NAME_EN": null, "AMENITY": "fast_food", "SHOP": null, "OSM_TYPE": "node", "OSM_ID": 12673465714 }, "geometry": { "type": "Point", "coordinates": [ 23.3002361, 42.685883 ] } },
{ "type": "Feature", "properties": { "NAME": "Art Bistro 158", "NAME_EN": null, "AMENITY": "restaurant", "SHOP": null, "OSM_TYPE": "node", "OSM_ID": 12676503197 }, "geometry": { "type": "Point", "coordinates": [ 23.3202275, 42.700921 ] } },
{ "type": "Feature", "properties": { "NAME": "Art Hotel 158", "NAME_EN": null, "AMENITY": "bar", "SHOP": null, "OSM_TYPE": "node", "OSM_ID": 12676565311 }, "geometry": { "type": "Point", "coordinates": [ 23.3202811, 42.7009796 ] } },
{ "type": "Feature", "properties": { "NAME": "Diuan", "NAME_EN": null, "AMENITY": "restaurant", "SHOP": null, "OSM_TYPE": "node", "OSM_ID": 12676593829 }, "geometry": { "type": "Point", "coordinates": [ 23.3205508, 42.7026794 ] } },
{ "type": "Feature", "properties": { "NAME": "Sasaguri", "NAME_EN": null, "AMENITY": "restaurant", "SHOP": null, "OSM_TYPE": "node", "OSM_ID": 12681342103 }, "geometry": { "type": "Point", "coordinates": [ 23.3104675, 42.679727 ] } },
{ "type": "Feature", "properties": { "NAME": null, "NAME_EN": null, "AMENITY": "fast_food", "SHOP": null, "OSM_TYPE": "node", "OSM_ID": 12681348700 }, "geometry": { "type": "Point", "coordinates": [ 23.3132136, 42.6798546 ] } },
{ "type": "Feature", "properties": { "NAME": null, "NAME_EN": null, "AMENITY": "fast_food", "SHOP": null, "OSM_TYPE": "node", "OSM_ID": 12681350342 }, "geometry": { "type": "Point", "coordinates": [ 23.3132583, 42.6799262 ] } },
{ "type": "Feature", "properties": { "NAME": null, "NAME_EN": null, "AMENITY": "fast_food", "SHOP": null, "OSM_TYPE": "node", "OSM_ID": 12681358551 }, "geometry": { "type": "Point", "coordinates": [ 23.3130136, 42.6801956 ] } },
{ "type": "Feature", "properties": { "NAME": null, "NAME_EN": null, "AMENITY": "fast_food", "SHOP": null, "OSM_TYPE": "node", "OSM_ID": 12681360292 }, "geometry": { "type": "Point", "coordinates": [ 23.3134222, 42.6802412 ] } },
{ "type": "Feature", "properties": { "NAME": null, "NAME_EN": null, "AMENITY": "fast_food", "SHOP": null, "OSM_TYPE": "node", "OSM_ID": 12700615251 }, "geometry": { "type": "Point", "coordinates": [ 23.277514, 42.6881651 ] } },
{ "type": "Feature", "properties": { "NAME": null, "NAME_EN": null, "AMENITY": "fast_food", "SHOP": null, "OSM_TYPE": "node", "OSM_ID": 12700700841 }, "geometry": { "type": "Point", "coordinates": [ 23.2868876, 42.6835732 ] } },
{ "type": "Feature", "properties": { "NAME": "Лелки Хухавелки", "NAME_EN": null, "AMENITY": "fast_food", "SHOP": null, "OSM_TYPE": "node", "OSM_ID": 12702184582 }, "geometry": { "type": "Point", "coordinates": [ 23.4000839, 42.6791269 ] } },
{ "type": "Feature", "properties": { "NAME": "Gourmet food hub", "NAME_EN": null, "AMENITY": "fast_food", "SHOP": null, "OSM_TYPE": "node", "OSM_ID": 12705384663 }, "geometry": { "type": "Point", "coordinates": [ 23.2654241, 42.6637761 ] } },
{ "type": "Feature", "properties": { "NAME": "Man Cave", "NAME_EN": null, "AMENITY": "bar", "SHOP": null, "OSM_TYPE": "node", "OSM_ID": 12707444212 }, "geometry": { "type": "Point", "coordinates": [ 23.3826111, 42.6277399 ] } },
{ "type": "Feature", "properties": { "NAME": "Заслон „Черни връх“", "NAME_EN": "Cherni vrah shelter", "AMENITY": "restaurant", "SHOP": null, "OSM_TYPE": "node", "OSM_ID": 12715376388 }, "geometry": { "type": "Point", "coordinates": [ 23.2784826, 42.5637474 ] } },
{ "type": "Feature", "properties": { "NAME": "Veshta", "NAME_EN": null, "AMENITY": "cafe", "SHOP": null, "OSM_TYPE": "node", "OSM_ID": 12731759008 }, "geometry": { "type": "Point", "coordinates": [ 23.1484187, 42.7058771 ] } },
{ "type": "Feature", "properties": { "NAME": "Мис Каприз", "NAME_EN": null, "AMENITY": "restaurant", "SHOP": null, "OSM_TYPE": "node", "OSM_ID": 12741553588 }, "geometry": { "type": "Point", "coordinates": [ 23.3109131, 42.6984924 ] } },
{ "type": "Feature", "properties": { "NAME": "Pizza fantasy", "NAME_EN": null, "AMENITY": "fast_food", "SHOP": null, "OSM_TYPE": "node", "OSM_ID": 12741620158 }, "geometry": { "type": "Point", "coordinates": [ 23.3126253, 42.6982513 ] } },
{ "type": "Feature", "properties": { "NAME": "Апетитъ", "NAME_EN": null, "AMENITY": "fast_food", "SHOP": null, "OSM_TYPE": "node", "OSM_ID": 12741627814 }, "geometry": { "type": "Point", "coordinates": [ 23.3107797, 42.6985111 ] } },
{ "type": "Feature", "properties": { "NAME": "Кухнята на Слави", "NAME_EN": null, "AMENITY": "fast_food", "SHOP": null, "OSM_TYPE": "node", "OSM_ID": 12741636709 }, "geometry": { "type": "Point", "coordinates": [ 23.3107639, 42.6982089 ] } },
{ "type": "Feature", "properties": { "NAME": "Pancake House", "NAME_EN": null, "AMENITY": "fast_food", "SHOP": null, "OSM_TYPE": "node", "OSM_ID": 12748076166 }, "geometry": { "type": "Point", "coordinates": [ 23.3451043, 42.6534253 ] } },
{ "type": "Feature", "properties": { "NAME": "KFC", "NAME_EN": null, "AMENITY": "fast_food", "SHOP": null, "OSM_TYPE": "node", "OSM_ID": 12748138424 }, "geometry": { "type": "Point", "coordinates": [ 23.3085285, 42.6807063 ] } },
{ "type": "Feature", "properties": { "NAME": "Da Mamma Carla and Fabio", "NAME_EN": null, "AMENITY": "restaurant", "SHOP": null, "OSM_TYPE": "node", "OSM_ID": 12749965501 }, "geometry": { "type": "Point", "coordinates": [ 23.3244676, 42.6925946 ] } },
{ "type": "Feature", "properties": { "NAME": "Комат", "NAME_EN": "Komat", "AMENITY": "restaurant", "SHOP": null, "OSM_TYPE": "node", "OSM_ID": 12750240901 }, "geometry": { "type": "Point", "coordinates": [ 23.3180778, 42.7012783 ] } },
{ "type": "Feature", "properties": { "NAME": "Waterland garden", "NAME_EN": null, "AMENITY": "restaurant", "SHOP": null, "OSM_TYPE": "node", "OSM_ID": 12752711155 }, "geometry": { "type": "Point", "coordinates": [ 23.2834402, 42.6579783 ] } },
{ "type": "Feature", "properties": { "NAME": "Soup Bar", "NAME_EN": null, "AMENITY": "fast_food", "SHOP": null, "OSM_TYPE": "node", "OSM_ID": 12754097297 }, "geometry": { "type": "Point", "coordinates": [ 23.3457276, 42.6516826 ] } },
{ "type": "Feature", "properties": { "NAME": "Umbrella Kitchen", "NAME_EN": null, "AMENITY": "restaurant", "SHOP": null, "OSM_TYPE": "node", "OSM_ID": 12754152601 }, "geometry": { "type": "Point", "coordinates": [ 23.3468261, 42.6519321 ] } },
{ "type": "Feature", "properties": { "NAME": "Centobuchi", "NAME_EN": null, "AMENITY": "restaurant", "SHOP": null, "OSM_TYPE": "node", "OSM_ID": 12782845122 }, "geometry": { "type": "Point", "coordinates": [ 23.3265411, 42.6792518 ] } },
{ "type": "Feature", "properties": { "NAME": "Deja Vu", "NAME_EN": null, "AMENITY": "restaurant", "SHOP": null, "OSM_TYPE": "node", "OSM_ID": 12786046002 }, "geometry": { "type": "Point", "coordinates": [ 23.3580886, 42.6794959 ] } },
{ "type": "Feature", "properties": { "NAME": null, "NAME_EN": null, "AMENITY": "fast_food", "SHOP": null, "OSM_TYPE": "node", "OSM_ID": 12786430522 }, "geometry": { "type": "Point", "coordinates": [ 23.3006064, 42.681947 ] } },
{ "type": "Feature", "properties": { "NAME": "Lunchspot", "NAME_EN": null, "AMENITY": "restaurant", "SHOP": null, "OSM_TYPE": "node", "OSM_ID": 12786857447 }, "geometry": { "type": "Point", "coordinates": [ 23.3015245, 42.6873396 ] } },
{ "type": "Feature", "properties": { "NAME": "Магазин4ето", "NAME_EN": null, "AMENITY": "cafe", "SHOP": null, "OSM_TYPE": "node", "OSM_ID": 12787526336 }, "geometry": { "type": "Point", "coordinates": [ 23.3756861, 42.6403007 ] } },
{ "type": "Feature", "properties": { "NAME": "с Меракь", "NAME_EN": null, "AMENITY": "fast_food", "SHOP": null, "OSM_TYPE": "node", "OSM_ID": 12787526337 }, "geometry": { "type": "Point", "coordinates": [ 23.3755711, 42.6402891 ] } },
{ "type": "Feature", "properties": { "NAME": "Allegro", "NAME_EN": null, "AMENITY": "restaurant", "SHOP": null, "OSM_TYPE": "node", "OSM_ID": 12795502912 }, "geometry": { "type": "Point", "coordinates": [ 23.2636721, 42.6746277 ] } },
{ "type": "Feature", "properties": { "NAME": null, "NAME_EN": null, "AMENITY": "cafe", "SHOP": null, "OSM_TYPE": "node", "OSM_ID": 12800626804 }, "geometry": { "type": "Point", "coordinates": [ 23.2988114, 42.6752034 ] } },
{ "type": "Feature", "properties": { "NAME": "Park Bar", "NAME_EN": null, "AMENITY": "bar", "SHOP": null, "OSM_TYPE": "node", "OSM_ID": 12804864402 }, "geometry": { "type": "Point", "coordinates": [ 23.3395124, 42.6934197 ] } },
{ "type": "Feature", "properties": { "NAME": "Bar&Dinner77", "NAME_EN": null, "AMENITY": "restaurant", "SHOP": null, "OSM_TYPE": "node", "OSM_ID": 12810978767 }, "geometry": { "type": "Point", "coordinates": [ 23.3071588, 42.7325027 ] } },
{ "type": "Feature", "properties": { "NAME": "Dolci e salati", "NAME_EN": null, "AMENITY": "fast_food", "SHOP": null, "OSM_TYPE": "node", "OSM_ID": 12812282515 }, "geometry": { "type": "Point", "coordinates": [ 23.2668301, 42.6674401 ] } },
{ "type": "Feature", "properties": { "NAME": "Smashcore", "NAME_EN": null, "AMENITY": "fast_food", "SHOP": null, "OSM_TYPE": "node", "OSM_ID": 12813759382 }, "geometry": { "type": "Point", "coordinates": [ 23.3526109, 42.6696421 ] } },
{ "type": "Feature", "properties": { "NAME": "Street Chefs", "NAME_EN": null, "AMENITY": "fast_food", "SHOP": null, "OSM_TYPE": "node", "OSM_ID": 12813777223 }, "geometry": { "type": "Point", "coordinates": [ 23.3529064, 42.669503 ] } },
{ "type": "Feature", "properties": { "NAME": "Grano", "NAME_EN": null, "AMENITY": "fast_food", "SHOP": null, "OSM_TYPE": "node", "OSM_ID": 12813798503 }, "geometry": { "type": "Point", "coordinates": [ 23.3526786, 42.669508 ] } },
{ "type": "Feature", "properties": { "NAME": "Gelato", "NAME_EN": null, "AMENITY": "ice_cream", "SHOP": null, "OSM_TYPE": "node", "OSM_ID": 12813798791 }, "geometry": { "type": "Point", "coordinates": [ 23.3526452, 42.6695666 ] } },
{ "type": "Feature", "properties": { "NAME": "Плажът", "NAME_EN": null, "AMENITY": "fast_food", "SHOP": null, "OSM_TYPE": "node", "OSM_ID": 12820817058 }, "geometry": { "type": "Point", "coordinates": [ 23.3416145, 42.5866608 ] } },
{ "type": "Feature", "properties": { "NAME": null, "NAME_EN": null, "AMENITY": "fast_food", "SHOP": null, "OSM_TYPE": "node", "OSM_ID": 12837079526 }, "geometry": { "type": "Point", "coordinates": [ 23.3211361, 42.7015582 ] } },
{ "type": "Feature", "properties": { "NAME": null, "NAME_EN": null, "AMENITY": "fast_food", "SHOP": null, "OSM_TYPE": "node", "OSM_ID": 12837107219 }, "geometry": { "type": "Point", "coordinates": [ 23.3209387, 42.7039312 ] } },
{ "type": "Feature", "properties": { "NAME": "Славия", "NAME_EN": null, "AMENITY": "restaurant", "SHOP": null, "OSM_TYPE": "node", "OSM_ID": 12837489971 }, "geometry": { "type": "Point", "coordinates": [ 23.2721033, 42.679186 ] } },
{ "type": "Feature", "properties": { "NAME": null, "NAME_EN": null, "AMENITY": "restaurant", "SHOP": null, "OSM_TYPE": "node", "OSM_ID": 12840188133 }, "geometry": { "type": "Point", "coordinates": [ 23.321753, 42.704331 ] } },
{ "type": "Feature", "properties": { "NAME": "Menu", "NAME_EN": null, "AMENITY": "fast_food", "SHOP": null, "OSM_TYPE": "node", "OSM_ID": 12844329321 }, "geometry": { "type": "Point", "coordinates": [ 23.3201029, 42.7029971 ] } },
{ "type": "Feature", "properties": { "NAME": "Sterling Club 4 Pompei", "NAME_EN": null, "AMENITY": "bar", "SHOP": null, "OSM_TYPE": "node", "OSM_ID": 12844359979 }, "geometry": { "type": "Point", "coordinates": [ 23.3172031, 42.7004976 ] } },
{ "type": "Feature", "properties": { "NAME": "Djanam Sky Club", "NAME_EN": null, "AMENITY": "restaurant", "SHOP": null, "OSM_TYPE": "node", "OSM_ID": 12849274097 }, "geometry": { "type": "Point", "coordinates": [ 23.3083787, 42.6920681 ] } },
{ "type": "Feature", "properties": { "NAME": null, "NAME_EN": null, "AMENITY": "fast_food", "SHOP": null, "OSM_TYPE": "node", "OSM_ID": 12851569963 }, "geometry": { "type": "Point", "coordinates": [ 23.399767, 42.6652294 ] } },
{ "type": "Feature", "properties": { "NAME": "Raffy", "NAME_EN": null, "AMENITY": "ice_cream", "SHOP": null, "OSM_TYPE": "node", "OSM_ID": 12851569964 }, "geometry": { "type": "Point", "coordinates": [ 23.3998657, 42.6652737 ] } },
{ "type": "Feature", "properties": { "NAME": "Ресторант", "NAME_EN": null, "AMENITY": "restaurant", "SHOP": null, "OSM_TYPE": "node", "OSM_ID": 12854108739 }, "geometry": { "type": "Point", "coordinates": [ 23.3394126, 42.6847731 ] } },
{ "type": "Feature", "properties": { "NAME": "Чичко Мекичко", "NAME_EN": null, "AMENITY": "fast_food", "SHOP": null, "OSM_TYPE": "node", "OSM_ID": 12864896599 }, "geometry": { "type": "Point", "coordinates": [ 23.2810196, 42.6719566 ] } },
{ "type": "Feature", "properties": { "NAME": "Your Coffee", "NAME_EN": null, "AMENITY": "cafe", "SHOP": null, "OSM_TYPE": "node", "OSM_ID": 12871168149 }, "geometry": { "type": "Point", "coordinates": [ 23.3122353, 42.6977105 ] } },
{ "type": "Feature", "properties": { "NAME": "Домашната кухнята на баба", "NAME_EN": null, "AMENITY": "fast_food", "SHOP": null, "OSM_TYPE": "node", "OSM_ID": 12871172747 }, "geometry": { "type": "Point", "coordinates": [ 23.3121624, 42.6975058 ] } },
{ "type": "Feature", "properties": { "NAME": null, "NAME_EN": null, "AMENITY": "fast_food", "SHOP": null, "OSM_TYPE": "node", "OSM_ID": 12871174245 }, "geometry": { "type": "Point", "coordinates": [ 23.3122206, 42.697647 ] } },
{ "type": "Feature", "properties": { "NAME": "Бюфетът", "NAME_EN": null, "AMENITY": "fast_food", "SHOP": null, "OSM_TYPE": "node", "OSM_ID": 12871176608 }, "geometry": { "type": "Point", "coordinates": [ 23.3120502, 42.693385 ] } },
{ "type": "Feature", "properties": { "NAME": null, "NAME_EN": null, "AMENITY": "fast_food", "SHOP": null, "OSM_TYPE": "node", "OSM_ID": 12871343695 }, "geometry": { "type": "Point", "coordinates": [ 23.2871405, 42.6953215 ] } },
{ "type": "Feature", "properties": { "NAME": "Aladin Foods", "NAME_EN": null, "AMENITY": "fast_food", "SHOP": null, "OSM_TYPE": "node", "OSM_ID": 12871420424 }, "geometry": { "type": "Point", "coordinates": [ 23.2871179, 42.6955486 ] } },
{ "type": "Feature", "properties": { "NAME": "Aroma coffee house", "NAME_EN": null, "AMENITY": "cafe", "SHOP": null, "OSM_TYPE": "node", "OSM_ID": 12871474869 }, "geometry": { "type": "Point", "coordinates": [ 23.285764, 42.7001832 ] } },
{ "type": "Feature", "properties": { "NAME": null, "NAME_EN": null, "AMENITY": "fast_food", "SHOP": null, "OSM_TYPE": "node", "OSM_ID": 12871524067 }, "geometry": { "type": "Point", "coordinates": [ 23.2862795, 42.7023474 ] } },
{ "type": "Feature", "properties": { "NAME": "Domino's", "NAME_EN": null, "AMENITY": "fast_food", "SHOP": null, "OSM_TYPE": "node", "OSM_ID": 12875725561 }, "geometry": { "type": "Point", "coordinates": [ 23.2857264, 42.6952184 ] } },
{ "type": "Feature", "properties": { "NAME": "Мото", "NAME_EN": null, "AMENITY": "restaurant", "SHOP": null, "OSM_TYPE": "node", "OSM_ID": 12875816836 }, "geometry": { "type": "Point", "coordinates": [ 23.2924152, 42.7009954 ] } },
{ "type": "Feature", "properties": { "NAME": "mr. дюнер", "NAME_EN": null, "AMENITY": "fast_food", "SHOP": null, "OSM_TYPE": "node", "OSM_ID": 12875820386 }, "geometry": { "type": "Point", "coordinates": [ 23.2927799, 42.700985 ] } },
{ "type": "Feature", "properties": { "NAME": "Кулинарни изкушения", "NAME_EN": null, "AMENITY": "fast_food", "SHOP": null, "OSM_TYPE": "node", "OSM_ID": 12875825410 }, "geometry": { "type": "Point", "coordinates": [ 23.2943213, 42.7007887 ] } },
{ "type": "Feature", "properties": { "NAME": "Бохем", "NAME_EN": null, "AMENITY": "restaurant", "SHOP": null, "OSM_TYPE": "node", "OSM_ID": 12875840618 }, "geometry": { "type": "Point", "coordinates": [ 23.2935877, 42.7013602 ] } },
{ "type": "Feature", "properties": { "NAME": null, "NAME_EN": null, "AMENITY": "restaurant", "SHOP": null, "OSM_TYPE": "node", "OSM_ID": 12888121466 }, "geometry": { "type": "Point", "coordinates": [ 23.2982467, 42.7054883 ] } },
{ "type": "Feature", "properties": { "NAME": "Механа \"Вкусно\"", "NAME_EN": null, "AMENITY": "restaurant", "SHOP": null, "OSM_TYPE": "node", "OSM_ID": 12889271646 }, "geometry": { "type": "Point", "coordinates": [ 23.3851573, 42.6405392 ] } },
{ "type": "Feature", "properties": { "NAME": null, "NAME_EN": null, "AMENITY": "fast_food", "SHOP": null, "OSM_TYPE": "node", "OSM_ID": 12899339396 }, "geometry": { "type": "Point", "coordinates": [ 23.144677, 42.7078084 ] } },
{ "type": "Feature", "properties": { "NAME": "Нещо вкусно", "NAME_EN": null, "AMENITY": "fast_food", "SHOP": null, "OSM_TYPE": "node", "OSM_ID": 12899356882 }, "geometry": { "type": "Point", "coordinates": [ 23.1447976, 42.707855 ] } },
{ "type": "Feature", "properties": { "NAME": null, "NAME_EN": null, "AMENITY": "fast_food", "SHOP": null, "OSM_TYPE": "node", "OSM_ID": 12906077350 }, "geometry": { "type": "Point", "coordinates": [ 23.3797631, 42.7075833 ] } },
{ "type": "Feature", "properties": { "NAME": "Скарата", "NAME_EN": null, "AMENITY": "fast_food", "SHOP": null, "OSM_TYPE": "node", "OSM_ID": 12906090750 }, "geometry": { "type": "Point", "coordinates": [ 23.3798482, 42.7077569 ] } },
{ "type": "Feature", "properties": { "NAME": null, "NAME_EN": null, "AMENITY": "cafe", "SHOP": null, "OSM_TYPE": "node", "OSM_ID": 12906093031 }, "geometry": { "type": "Point", "coordinates": [ 23.3772731, 42.7130868 ] } },
{ "type": "Feature", "properties": { "NAME": null, "NAME_EN": null, "AMENITY": "fast_food", "SHOP": null, "OSM_TYPE": "node", "OSM_ID": 12906100905 }, "geometry": { "type": "Point", "coordinates": [ 23.3773076, 42.7132441 ] } },
{ "type": "Feature", "properties": { "NAME": "Фантастико", "NAME_EN": null, "AMENITY": "fast_food", "SHOP": null, "OSM_TYPE": "node", "OSM_ID": 12906105575 }, "geometry": { "type": "Point", "coordinates": [ 23.3787579, 42.7104241 ] } },
{ "type": "Feature", "properties": { "NAME": null, "NAME_EN": null, "AMENITY": "fast_food", "SHOP": null, "OSM_TYPE": "node", "OSM_ID": 12912833813 }, "geometry": { "type": "Point", "coordinates": [ 23.386403, 42.7040093 ] } },
{ "type": "Feature", "properties": { "NAME": "Out Of Office", "NAME_EN": null, "AMENITY": "fast_food", "SHOP": null, "OSM_TYPE": "node", "OSM_ID": 12920975834 }, "geometry": { "type": "Point", "coordinates": [ 23.3995473, 42.6805402 ] } },
{ "type": "Feature", "properties": { "NAME": "Gaya Gelato", "NAME_EN": null, "AMENITY": "ice_cream", "SHOP": null, "OSM_TYPE": "node", "OSM_ID": 12925660101 }, "geometry": { "type": "Point", "coordinates": [ 23.3167886, 42.6869874 ] } },
{ "type": "Feature", "properties": { "NAME": null, "NAME_EN": null, "AMENITY": "fast_food", "SHOP": null, "OSM_TYPE": "node", "OSM_ID": 12945161038 }, "geometry": { "type": "Point", "coordinates": [ 23.3202577, 42.7122281 ] } },
{ "type": "Feature", "properties": { "NAME": "McDonald's", "NAME_EN": null, "AMENITY": "fast_food", "SHOP": null, "OSM_TYPE": "node", "OSM_ID": 12947634868 }, "geometry": { "type": "Point", "coordinates": [ 23.3530761, 42.6915283 ] } },
{ "type": "Feature", "properties": { "NAME": "Burger King", "NAME_EN": null, "AMENITY": "fast_food", "SHOP": null, "OSM_TYPE": "node", "OSM_ID": 12947634869 }, "geometry": { "type": "Point", "coordinates": [ 23.353006, 42.6916539 ] } },
{ "type": "Feature", "properties": { "NAME": "Fish a Chick", "NAME_EN": null, "AMENITY": "fast_food", "SHOP": null, "OSM_TYPE": "node", "OSM_ID": 12949383448 }, "geometry": { "type": "Point", "coordinates": [ 23.3089246, 42.698282 ] } },
{ "type": "Feature", "properties": { "NAME": "Subway", "NAME_EN": null, "AMENITY": "fast_food", "SHOP": null, "OSM_TYPE": "node", "OSM_ID": 12949383449 }, "geometry": { "type": "Point", "coordinates": [ 23.3089285, 42.6983562 ] } },
{ "type": "Feature", "properties": { "NAME": "Mr. Zoro", "NAME_EN": null, "AMENITY": "fast_food", "SHOP": null, "OSM_TYPE": "node", "OSM_ID": 12959926962 }, "geometry": { "type": "Point", "coordinates": [ 23.3575264, 42.6502822 ] } },
{ "type": "Feature", "properties": { "NAME": "Babino Selo", "NAME_EN": null, "AMENITY": "fast_food", "SHOP": null, "OSM_TYPE": "node", "OSM_ID": 12962128624 }, "geometry": { "type": "Point", "coordinates": [ 23.4001917, 42.6482762 ] } },
{ "type": "Feature", "properties": { "NAME": "Porto Maltese", "NAME_EN": null, "AMENITY": "food_court", "SHOP": null, "OSM_TYPE": "node", "OSM_ID": 12973085431 }, "geometry": { "type": "Point", "coordinates": [ 23.3133638, 42.6574421 ] } },
{ "type": "Feature", "properties": { "NAME": "Casa Nostra", "NAME_EN": null, "AMENITY": "fast_food", "SHOP": null, "OSM_TYPE": "node", "OSM_ID": 12976917025 }, "geometry": { "type": "Point", "coordinates": [ 23.3154868, 42.7002276 ] } },
{ "type": "Feature", "properties": { "NAME": "Junkbox", "NAME_EN": null, "AMENITY": "fast_food", "SHOP": null, "OSM_TYPE": "node", "OSM_ID": 12979386256 }, "geometry": { "type": "Point", "coordinates": [ 23.3117506, 42.7006954 ] } },
{ "type": "Feature", "properties": { "NAME": "Lemon bistro", "NAME_EN": null, "AMENITY": "restaurant", "SHOP": null, "OSM_TYPE": "node", "OSM_ID": 12979450741 }, "geometry": { "type": "Point", "coordinates": [ 23.3123517, 42.6998365 ] } },
{ "type": "Feature", "properties": { "NAME": "Acho", "NAME_EN": null, "AMENITY": "fast_food", "SHOP": null, "OSM_TYPE": "node", "OSM_ID": 12979453272 }, "geometry": { "type": "Point", "coordinates": [ 23.3109557, 42.700952 ] } },
{ "type": "Feature", "properties": { "NAME": "Chatime", "NAME_EN": null, "AMENITY": "cafe", "SHOP": null, "OSM_TYPE": "node", "OSM_ID": 12979475393 }, "geometry": { "type": "Point", "coordinates": [ 23.318284, 42.6849819 ] } },
{ "type": "Feature", "properties": { "NAME": "Ararat", "NAME_EN": null, "AMENITY": "restaurant", "SHOP": null, "OSM_TYPE": "node", "OSM_ID": 12981754959 }, "geometry": { "type": "Point", "coordinates": [ 23.3144078, 42.7011118 ] } },
{ "type": "Feature", "properties": { "NAME": "Murray", "NAME_EN": null, "AMENITY": "restaurant", "SHOP": null, "OSM_TYPE": "node", "OSM_ID": 12985285092 }, "geometry": { "type": "Point", "coordinates": [ 23.3171207, 42.7067663 ] } },
{ "type": "Feature", "properties": { "NAME": "Чановете", "NAME_EN": null, "AMENITY": "restaurant", "SHOP": null, "OSM_TYPE": "node", "OSM_ID": 12987250773 }, "geometry": { "type": "Point", "coordinates": [ 23.3827172, 42.6280381 ] } },
{ "type": "Feature", "properties": { "NAME": "Закуските на баба", "NAME_EN": null, "AMENITY": "fast_food", "SHOP": null, "OSM_TYPE": "node", "OSM_ID": 12987261660 }, "geometry": { "type": "Point", "coordinates": [ 23.375966, 42.631461 ] } },
{ "type": "Feature", "properties": { "NAME": null, "NAME_EN": null, "AMENITY": "restaurant", "SHOP": null, "OSM_TYPE": "node", "OSM_ID": 12987378510 }, "geometry": { "type": "Point", "coordinates": [ 23.3777536, 42.6297121 ] } },
{ "type": "Feature", "properties": { "NAME": "Софийска баница", "NAME_EN": null, "AMENITY": "fast_food", "SHOP": null, "OSM_TYPE": "node", "OSM_ID": 12991981595 }, "geometry": { "type": "Point", "coordinates": [ 23.4020035, 42.647683 ] } },
{ "type": "Feature", "properties": { "NAME": "Crystal", "NAME_EN": null, "AMENITY": "fast_food", "SHOP": null, "OSM_TYPE": "node", "OSM_ID": 13002427077 }, "geometry": { "type": "Point", "coordinates": [ 23.3533693, 42.6235025 ] } },
{ "type": "Feature", "properties": { "NAME": "Bitcoin Bar Bulgaria", "NAME_EN": null, "AMENITY": "pub", "SHOP": null, "OSM_TYPE": "node", "OSM_ID": 13009358904 }, "geometry": { "type": "Point", "coordinates": [ 23.3003554, 42.6726894 ] } },
{ "type": "Feature", "properties": { "NAME": "Филиповска скара", "NAME_EN": null, "AMENITY": "restaurant", "SHOP": null, "OSM_TYPE": "node", "OSM_ID": 13009501760 }, "geometry": { "type": "Point", "coordinates": [ 23.2211367, 42.7203228 ] } },
{ "type": "Feature", "properties": { "NAME": "Роден Край", "NAME_EN": null, "AMENITY": "restaurant", "SHOP": null, "OSM_TYPE": "node", "OSM_ID": 13012022608 }, "geometry": { "type": "Point", "coordinates": [ 23.3439314, 42.6491146 ] } },
{ "type": "Feature", "properties": { "NAME": null, "NAME_EN": null, "AMENITY": "fast_food", "SHOP": null, "OSM_TYPE": "node", "OSM_ID": 13022811765 }, "geometry": { "type": "Point", "coordinates": [ 23.322964, 42.7110918 ] } },
{ "type": "Feature", "properties": { "NAME": "Нож и вилица", "NAME_EN": null, "AMENITY": "fast_food", "SHOP": null, "OSM_TYPE": "node", "OSM_ID": 13026053391 }, "geometry": { "type": "Point", "coordinates": [ 23.3194206, 42.6683973 ] } },
{ "type": "Feature", "properties": { "NAME": "Дон дюнер", "NAME_EN": null, "AMENITY": "fast_food", "SHOP": null, "OSM_TYPE": "node", "OSM_ID": 13026084171 }, "geometry": { "type": "Point", "coordinates": [ 23.3194345, 42.668422 ] } },
{ "type": "Feature", "properties": { "NAME": null, "NAME_EN": null, "AMENITY": "fast_food", "SHOP": null, "OSM_TYPE": "node", "OSM_ID": 13026157248 }, "geometry": { "type": "Point", "coordinates": [ 23.2968533, 42.6603911 ] } },
{ "type": "Feature", "properties": { "NAME": "Trend", "NAME_EN": null, "AMENITY": "restaurant", "SHOP": null, "OSM_TYPE": "node", "OSM_ID": 13047827417 }, "geometry": { "type": "Point", "coordinates": [ 23.3192805, 42.6559212 ] } },
{ "type": "Feature", "properties": { "NAME": "Ниагара", "NAME_EN": null, "AMENITY": "restaurant", "SHOP": null, "OSM_TYPE": "node", "OSM_ID": 13049716697 }, "geometry": { "type": "Point", "coordinates": [ 23.3160124, 42.7023969 ] } },
{ "type": "Feature", "properties": { "NAME": "Friend's", "NAME_EN": null, "AMENITY": "cafe", "SHOP": null, "OSM_TYPE": "node", "OSM_ID": 13049725831 }, "geometry": { "type": "Point", "coordinates": [ 23.3130116, 42.7038694 ] } },
{ "type": "Feature", "properties": { "NAME": "Frenchie Tacos", "NAME_EN": null, "AMENITY": "fast_food", "SHOP": null, "OSM_TYPE": "node", "OSM_ID": 13049729516 }, "geometry": { "type": "Point", "coordinates": [ 23.3154066, 42.7041933 ] } },
{ "type": "Feature", "properties": { "NAME": "Grande Torino", "NAME_EN": null, "AMENITY": "fast_food", "SHOP": null, "OSM_TYPE": "node", "OSM_ID": 13049735067 }, "geometry": { "type": "Point", "coordinates": [ 23.3131058, 42.7042216 ] } },
{ "type": "Feature", "properties": { "NAME": "Вкусната Кухня", "NAME_EN": null, "AMENITY": "restaurant", "SHOP": null, "OSM_TYPE": "node", "OSM_ID": 13051666519 }, "geometry": { "type": "Point", "coordinates": [ 23.3303217, 42.6875383 ] } },
{ "type": "Feature", "properties": { "NAME": null, "NAME_EN": null, "AMENITY": "fast_food", "SHOP": null, "OSM_TYPE": "node", "OSM_ID": 13055828157 }, "geometry": { "type": "Point", "coordinates": [ 23.3169411, 42.7037532 ] } },
{ "type": "Feature", "properties": { "NAME": "Гозби", "NAME_EN": null, "AMENITY": "fast_food", "SHOP": null, "OSM_TYPE": "node", "OSM_ID": 13055848256 }, "geometry": { "type": "Point", "coordinates": [ 23.3174358, 42.7003077 ] } },
{ "type": "Feature", "properties": { "NAME": "Сия-Бела-Нече", "NAME_EN": null, "AMENITY": "restaurant", "SHOP": null, "OSM_TYPE": "node", "OSM_ID": 13055872813 }, "geometry": { "type": "Point", "coordinates": [ 23.3169063, 42.7036526 ] } },
{ "type": "Feature", "properties": { "NAME": "Divine", "NAME_EN": null, "AMENITY": "bar", "SHOP": null, "OSM_TYPE": "node", "OSM_ID": 13056176958 }, "geometry": { "type": "Point", "coordinates": [ 23.3170348, 42.6857279 ] } },
{ "type": "Feature", "properties": { "NAME": "Opa", "NAME_EN": null, "AMENITY": "restaurant", "SHOP": null, "OSM_TYPE": "node", "OSM_ID": 13056576310 }, "geometry": { "type": "Point", "coordinates": [ 23.3159025, 42.658675 ] } },
{ "type": "Feature", "properties": { "NAME": null, "NAME_EN": null, "AMENITY": "restaurant", "SHOP": null, "OSM_TYPE": "node", "OSM_ID": 13058265550 }, "geometry": { "type": "Point", "coordinates": [ 23.4580076, 42.6324316 ] } },
{ "type": "Feature", "properties": { "NAME": "При Бъди", "NAME_EN": null, "AMENITY": "restaurant", "SHOP": null, "OSM_TYPE": "node", "OSM_ID": 13059302668 }, "geometry": { "type": "Point", "coordinates": [ 23.2612801, 42.7227618 ] } },
{ "type": "Feature", "properties": { "NAME": "Омонимо", "NAME_EN": null, "AMENITY": "restaurant", "SHOP": null, "OSM_TYPE": "node", "OSM_ID": 13059327563 }, "geometry": { "type": "Point", "coordinates": [ 23.2606746, 42.7246299 ] } },
{ "type": "Feature", "properties": { "NAME": "Къщата", "NAME_EN": null, "AMENITY": "restaurant", "SHOP": null, "OSM_TYPE": "node", "OSM_ID": 13059328472 }, "geometry": { "type": "Point", "coordinates": [ 23.2601157, 42.7226221 ] } },
{ "type": "Feature", "properties": { "NAME": null, "NAME_EN": null, "AMENITY": "fast_food", "SHOP": null, "OSM_TYPE": "node", "OSM_ID": 13070496767 }, "geometry": { "type": "Point", "coordinates": [ 23.3195118, 42.6857633 ] } },
{ "type": "Feature", "properties": { "NAME": "City Stage", "NAME_EN": null, "AMENITY": "bar", "SHOP": null, "OSM_TYPE": "node", "OSM_ID": 13070525632 }, "geometry": { "type": "Point", "coordinates": [ 23.3186093, 42.6855816 ] } },
{ "type": "Feature", "properties": { "NAME": "Паприка", "NAME_EN": null, "AMENITY": "fast_food", "SHOP": null, "OSM_TYPE": "node", "OSM_ID": 13070530068 }, "geometry": { "type": "Point", "coordinates": [ 23.3183799, 42.6859378 ] } },
{ "type": "Feature", "properties": { "NAME": null, "NAME_EN": null, "AMENITY": "fast_food", "SHOP": null, "OSM_TYPE": "node", "OSM_ID": 13071137680 }, "geometry": { "type": "Point", "coordinates": [ 23.3043528, 42.6760341 ] } },
{ "type": "Feature", "properties": { "NAME": "БГ грил", "NAME_EN": null, "AMENITY": "restaurant", "SHOP": null, "OSM_TYPE": "node", "OSM_ID": 13072077989 }, "geometry": { "type": "Point", "coordinates": [ 23.3218739, 42.6719775 ] } },
{ "type": "Feature", "properties": { "NAME": "Amaya", "NAME_EN": null, "AMENITY": "restaurant", "SHOP": null, "OSM_TYPE": "node", "OSM_ID": 13077673737 }, "geometry": { "type": "Point", "coordinates": [ 23.3205933, 42.6549578 ] } },
{ "type": "Feature", "properties": { "NAME": "Forno Adesso", "NAME_EN": null, "AMENITY": "restaurant", "SHOP": null, "OSM_TYPE": "node", "OSM_ID": 13077691073 }, "geometry": { "type": "Point", "coordinates": [ 23.3184532, 42.6523315 ] } },
{ "type": "Feature", "properties": { "NAME": "Аннабел арт", "NAME_EN": null, "AMENITY": "cafe", "SHOP": null, "OSM_TYPE": "node", "OSM_ID": 13077695333 }, "geometry": { "type": "Point", "coordinates": [ 23.3131972, 42.6427141 ] } },
{ "type": "Feature", "properties": { "NAME": "Tasty House", "NAME_EN": null, "AMENITY": "restaurant", "SHOP": null, "OSM_TYPE": "node", "OSM_ID": 13082037436 }, "geometry": { "type": "Point", "coordinates": [ 23.3146341, 42.7098164 ] } },
{ "type": "Feature", "properties": { "NAME": "Барбекю", "NAME_EN": null, "AMENITY": "restaurant", "SHOP": null, "OSM_TYPE": "node", "OSM_ID": 13082043210 }, "geometry": { "type": "Point", "coordinates": [ 23.3146696, 42.7070046 ] } }
]
}
